seed,condition,dose,mu,bCoreRatio,rescued,rescueTime,rescueMode,extinct,extinctionTime,finalN,terminationReason,nMutCore,nMutEdge
0,biofilm,1.05,0.0001,0.2,1,35.82299093430706,edge,0,,818,rescue,1,1
1,biofilm,1.05,0.0001,0.2,0,,,0,,198,maxTime,2,1
2,biofilm,1.05,0.0001,0.2,1,80.75074041831829,edge,0,,562,rescue,1,1
3,biofilm,1.05,0.0001,0.2,1,98.17989697364766,edge,0,,613,rescue,2,1
4,biofilm,1.05,0.0001,0.2,0,,,1,194.5701946556964,0,extinction,0,0
5,biofilm,1.05,0.0001,0.2,1,9.300648769086417,core,0,,952,rescue,1,0
6,biofilm,1.05,0.0001,0.2,1,79.59908035199594,edge,0,,731,rescue,1,1
7,biofilm,1.05,0.0001,0.2,0,,,0,,148,maxTime,3,2
8,biofilm,1.05,0.0001,0.2,1,100.46312834263296,core,0,,473,rescue,4,0
9,biofilm,1.05,0.0001,0.2,1,164.13455128213926,edge,0,,498,rescue,1,1
10,biofilm,1.05,0.0001,0.2,0,,,0,,17,maxTime,1,1
11,biofilm,1.05,0.0001,0.2,1,11.33639594726142,edge,0,,910,rescue,1,1
12,biofilm,1.05,0.0001,0.2,1,9.98543065289572,edge,0,,909,rescue,0,1
13,biofilm,1.05,0.0001,0.2,1,120.69101341129748,edge,0,,374,rescue,2,1
14,biofilm,1.05,0.0001,0.2,1,92.9047272977964,edge,0,,756,rescue,2,1
15,biofilm,1.05,0.0001,0.2,0,,,0,,11,maxTime,1,1
16,biofilm,1.05,0.0001,0.2,1,21.39517592118472,edge,0,,867,rescue,0,1
17,biofilm,1.05,0.0001,0.2,1,41.51392596144803,edge,0,,1039,rescue,3,3
18,biofilm,1.05,0.0001,0.2,0,,,0,,141,maxTime,0,0
19,biofilm,1.05,0.0001,0.2,0,,,0,,107,maxTime,1,2
20,biofilm,1.05,0.0001,0.2,1,124.71033615864644,edge,0,,387,rescue,1,3
21,biofilm,1.05,0.0001,0.2,1,16.43519859032591,edge,0,,831,rescue,0,1
22,biofilm,1.05,0.0001,0.2,1,60.20291005069252,edge,0,,788,rescue,1,1
23,biofilm,1.05,0.0001,0.2,0,,,0,,39,maxTime,0,0
24,biofilm,1.05,0.0001,0.2,1,106.97431842152665,core,0,,258,rescue,1,0
25,biofilm,1.05,0.0001,0.2,1,83.75807600132653,core,0,,676,rescue,1,0
26,biofilm,1.05,0.0001,0.2,0,,,0,,35,maxTime,2,2
27,biofilm,1.05,0.0001,0.2,1,129.38762115033109,edge,0,,404,rescue,0,4
28,biofilm,1.05,0.0001,0.2,1,116.66344082699182,edge,0,,409,rescue,1,3
29,biofilm,1.05,0.0001,0.2,0,,,1,168.58814255805754,0,extinction,0,1
30,biofilm,1.05,0.0001,0.2,1,122.4291557467002,edge,0,,64,rescue,0,2
31,biofilm,1.05,0.0001,0.2,0,,,1,166.62743373752215,0,extinction,1,0
32,biofilm,1.05,0.0001,0.2,1,13.378356023225288,edge,0,,1004,rescue,1,1
33,biofilm,1.05,0.0001,0.2,1,30.74322377443748,edge,0,,870,rescue,0,1
34,biofilm,1.05,0.0001,0.2,1,93.753184843372,edge,0,,485,rescue,0,2
35,biofilm,1.05,0.0001,0.2,0,,,0,,111,maxTime,1,2
36,biofilm,1.05,0.0001,0.2,1,176.31107366327075,edge,0,,672,rescue,0,2
37,biofilm,1.05,0.0001,0.2,1,109.32879195393878,edge,0,,334,rescue,1,2
38,biofilm,1.05,0.0001,0.2,1,100.29629904235102,edge,0,,300,rescue,0,1
39,biofilm,1.05,0.0001,0.2,0,,,1,191.03814611530615,0,extinction,1,1
40,biofilm,1.05,0.0001,0.2,0,,,1,156.8965476896261,0,extinction,2,2
41,biofilm,1.05,0.0001,0.2,0,,,0,,485,maxTime,5,2
42,biofilm,1.05,0.0001,0.2,1,71.10768319947917,core,0,,488,rescue,1,1
43,biofilm,1.05,0.0001,0.2,0,,,1,168.7372307193887,0,extinction,3,0
44,biofilm,1.05,0.0001,0.2,1,103.64380750438347,edge,0,,333,rescue,0,1
45,biofilm,1.05,0.0001,0.2,1,45.80748664799405,edge,0,,1070,rescue,0,1
46,biofilm,1.05,0.0001,0.2,1,44.58722526648316,edge,0,,769,rescue,1,1
47,biofilm,1.05,0.0001,0.2,1,19.07460806335025,core,0,,803,rescue,1,1
48,biofilm,1.05,0.0001,0.2,0,,,1,171.78638871583627,0,extinction,2,1
49,biofilm,1.05,0.0001,0.2,1,41.703870186461785,edge,0,,984,rescue,2,2
50,biofilm,1.05,0.0001,0.2,0,,,0,,24,maxTime,3,0
51,biofilm,1.05,0.0001,0.2,0,,,1,186.9978971650901,0,extinction,0,1
52,biofilm,1.05,0.0001,0.2,1,50.60996448083899,edge,0,,648,rescue,1,1
53,biofilm,1.05,0.0001,0.2,0,,,0,,167,maxTime,0,2
54,biofilm,1.05,0.0001,0.2,1,92.6018867996574,edge,0,,648,rescue,1,1
55,biofilm,1.05,0.0001,0.2,1,52.72550248596344,edge,0,,863,rescue,2,1
56,biofilm,1.05,0.0001,0.2,0,,,1,185.2082149453824,0,extinction,1,1
57,biofilm,1.05,0.0001,0.2,0,,,1,141.98653258601547,0,extinction,0,0
58,biofilm,1.05,0.0001,0.2,1,30.83136643454499,edge,0,,803,rescue,0,1
59,biofilm,1.05,0.0001,0.2,1,103.28748441637478,edge,0,,254,rescue,3,1
60,biofilm,1.05,0.0001,0.2,0,,,1,170.29266673984523,0,extinction,3,1
61,biofilm,1.05,0.0001,0.2,0,,,0,,250,maxTime,2,0
62,biofilm,1.05,0.0001,0.2,0,,,0,,110,maxTime,0,2
63,biofilm,1.05,0.0001,0.2,0,,,0,,16,maxTime,2,1
64,biofilm,1.05,0.0001,0.2,1,125.57426298704286,edge,0,,493,rescue,2,1
65,biofilm,1.05,0.0001,0.2,1,116.13715793740498,edge,0,,322,rescue,1,3
66,biofilm,1.05,0.0001,0.2,0,,,1,176.67352761615976,0,extinction,0,0
67,biofilm,1.05,0.0001,0.2,1,88.14089574723482,edge,0,,844,rescue,2,1
68,biofilm,1.05,0.0001,0.2,1,114.968218230441,edge,0,,319,rescue,1,3
69,biofilm,1.05,0.0001,0.2,1,21.231611785843786,edge,0,,777,rescue,1,1
70,biofilm,1.05,0.0001,0.2,1,8.828201563929797,edge,0,,972,rescue,0,1
71,biofilm,1.05,0.0001,0.2,1,11.09219176908026,edge,0,,1015,rescue,0,1
72,biofilm,1.05,0.0001,0.2,0,,,0,,377,maxTime,0,2
73,biofilm,1.05,0.0001,0.2,0,,,0,,106,maxTime,4,1
74,biofilm,1.05,0.0001,0.2,1,16.308510350000496,edge,0,,908,rescue,0,2
75,biofilm,1.05,0.0001,0.2,1,41.11096191314533,edge,0,,807,rescue,0,2
76,biofilm,1.05,0.0001,0.2,1,114.80155114362276,core,0,,215,rescue,2,1
77,biofilm,1.05,0.0001,0.2,1,105.2411156554108,core,0,,311,rescue,2,0
78,biofilm,1.05,0.0001,0.2,1,64.14123753041792,edge,0,,488,rescue,2,1
79,biofilm,1.05,0.0001,0.2,0,,,0,,221,maxTime,2,3
80,biofilm,1.05,0.0001,0.2,0,,,1,137.21118430604864,0,extinction,1,0
81,biofilm,1.05,0.0001,0.2,0,,,0,,61,maxTime,2,1
82,biofilm,1.05,0.0001,0.2,0,,,0,,211,maxTime,1,0
83,biofilm,1.05,0.0001,0.2,0,,,1,143.54459695906527,0,extinction,0,0
84,biofilm,1.05,0.0001,0.2,1,174.88460097024728,edge,0,,116,rescue,1,1
85,biofilm,1.05,0.0001,0.2,1,64.60373412548891,core,0,,567,rescue,2,1
86,biofilm,1.05,0.0001,0.2,1,68.2957976984769,core,0,,606,rescue,1,0
87,biofilm,1.05,0.0001,0.2,1,188.2704267223605,edge,0,,137,rescue,1,3
88,biofilm,1.05,0.0001,0.2,1,86.44667715323057,edge,0,,514,rescue,1,1
89,biofilm,1.05,0.0001,0.2,0,,,0,,370,maxTime,1,0
90,biofilm,1.05,0.0001,0.2,1,52.38099808496932,edge,0,,917,rescue,0,2
91,biofilm,1.05,0.0001,0.2,1,13.624210915042108,core,0,,1116,rescue,2,0
92,biofilm,1.05,0.0001,0.2,1,62.06663491396208,edge,0,,760,rescue,0,2
93,biofilm,1.05,0.0001,0.2,1,39.26695398132159,edge,0,,793,rescue,0,3
94,biofilm,1.05,0.0001,0.2,1,64.03518497343221,edge,0,,898,rescue,1,2
95,biofilm,1.05,0.0001,0.2,0,,,1,133.33439680099744,0,extinction,1,1
96,biofilm,1.05,0.0001,0.2,1,176.87163506210416,edge,0,,524,rescue,4,2
97,biofilm,1.05,0.0001,0.2,1,156.5280313084949,edge,0,,479,rescue,3,2
98,biofilm,1.05,0.0001,0.2,1,31.1238233353588,edge,0,,774,rescue,0,1
99,biofilm,1.05,0.0001,0.2,1,86.12956902054302,edge,0,,340,rescue,0,1
100,biofilm,1.05,0.0001,0.2,1,5.834011049091984,edge,0,,979,rescue,0,1
101,biofilm,1.05,0.0001,0.2,1,106.93905361575784,edge,0,,551,rescue,2,1
102,biofilm,1.05,0.0001,0.2,0,,,0,,344,maxTime,3,0
103,biofilm,1.05,0.0001,0.2,1,77.91303788175348,edge,0,,754,rescue,0,2
104,biofilm,1.05,0.0001,0.2,1,11.553856287883717,edge,0,,920,rescue,1,1
105,biofilm,1.05,0.0001,0.2,0,,,0,,164,maxTime,1,1
106,biofilm,1.05,0.0001,0.2,1,46.802767371070274,edge,0,,976,rescue,0,1
107,biofilm,1.05,0.0001,0.2,1,72.01405424992772,core,0,,443,rescue,3,0
108,biofilm,1.05,0.0001,0.2,0,,,0,,6,maxTime,0,0
109,biofilm,1.05,0.0001,0.2,1,19.59356072265256,edge,0,,839,rescue,0,1
110,biofilm,1.05,0.0001,0.2,0,,,1,98.5931901257895,0,extinction,1,1
111,biofilm,1.05,0.0001,0.2,0,,,1,191.2953383009569,0,extinction,2,0
112,biofilm,1.05,0.0001,0.2,0,,,1,165.4623411809077,0,extinction,1,3
113,biofilm,1.05,0.0001,0.2,1,15.102221926663994,edge,0,,923,rescue,0,2
114,biofilm,1.05,0.0001,0.2,0,,,0,,17,maxTime,5,1
115,biofilm,1.05,0.0001,0.2,0,,,0,,15,maxTime,1,2
116,biofilm,1.05,0.0001,0.2,1,67.20514073612615,edge,0,,446,rescue,1,2
117,biofilm,1.05,0.0001,0.2,1,10.299816053631314,edge,0,,977,rescue,0,1
118,biofilm,1.05,0.0001,0.2,1,10.121247090761464,edge,0,,985,rescue,0,1
119,biofilm,1.05,0.0001,0.2,1,185.2458408761634,edge,0,,389,rescue,4,3
120,biofilm,1.05,0.0001,0.2,0,,,1,196.31765949290283,0,extinction,1,0
121,biofilm,1.05,0.0001,0.2,1,49.60833322450127,edge,0,,677,rescue,0,3
122,biofilm,1.05,0.0001,0.2,1,191.8848332679072,core,0,,197,rescue,2,1
123,biofilm,1.05,0.0001,0.2,0,,,0,,381,maxTime,2,1
124,biofilm,1.05,0.0001,0.2,0,,,1,165.55055142216477,0,extinction,0,0
125,biofilm,1.05,0.0001,0.2,1,192.47181369982192,core,0,,149,rescue,2,2
126,biofilm,1.05,0.0001,0.2,1,178.91627697987855,core,0,,125,rescue,3,0
127,biofilm,1.05,0.0001,0.2,1,90.59515265688844,edge,0,,592,rescue,2,2
128,biofilm,1.05,0.0001,0.2,1,163.8506284629262,edge,0,,51,rescue,2,4
129,biofilm,1.05,0.0001,0.2,1,43.88290405568055,edge,0,,914,rescue,1,2
130,biofilm,1.05,0.0001,0.2,1,122.97826260838896,core,0,,266,rescue,3,5
131,biofilm,1.05,0.0001,0.2,0,,,0,,129,maxTime,1,0
132,biofilm,1.05,0.0001,0.2,1,67.69945455815446,edge,0,,495,rescue,0,1
133,biofilm,1.05,0.0001,0.2,0,,,0,,233,maxTime,2,2
134,biofilm,1.05,0.0001,0.2,0,,,0,,31,maxTime,2,1
135,biofilm,1.05,0.0001,0.2,1,142.2543230480712,core,0,,237,rescue,3,1
136,biofilm,1.05,0.0001,0.2,1,154.6354582525575,edge,0,,124,rescue,1,3
137,biofilm,1.05,0.0001,0.2,0,,,0,,151,maxTime,1,1
138,biofilm,1.05,0.0001,0.2,1,41.377149169311664,edge,0,,767,rescue,1,1
139,biofilm,1.05,0.0001,0.2,1,14.955933485654093,edge,0,,1132,rescue,0,1
140,biofilm,1.05,0.0001,0.2,1,116.48369931846372,edge,0,,368,rescue,1,1
141,biofilm,1.05,0.0001,0.2,1,60.014892737440746,core,0,,224,rescue,1,0
142,biofilm,1.05,0.0001,0.2,1,17.684301695318954,edge,0,,765,rescue,0,1
143,biofilm,1.05,0.0001,0.2,1,14.107824184905756,edge,0,,912,rescue,1,1
144,biofilm,1.05,0.0001,0.2,1,95.45066474909626,edge,0,,607,rescue,2,1
145,biofilm,1.05,0.0001,0.2,1,154.24102364921794,edge,0,,166,rescue,1,1
146,biofilm,1.05,0.0001,0.2,1,50.54443609373976,core,0,,503,rescue,1,0
147,biofilm,1.05,0.0001,0.2,0,,,1,159.98193407747874,0,extinction,3,3
148,biofilm,1.05,0.0001,0.2,0,,,0,,506,maxTime,3,1
149,biofilm,1.05,0.0001,0.2,1,118.07154827872095,edge,0,,556,rescue,2,2
150,biofilm,1.05,0.0001,0.2,0,,,0,,29,maxTime,1,0
151,biofilm,1.05,0.0001,0.2,0,,,1,186.1513974015598,0,extinction,0,0
152,biofilm,1.05,0.0001,0.2,1,41.299838748885584,edge,0,,691,rescue,1,1
153,biofilm,1.05,0.0001,0.2,0,,,1,136.71364386469355,0,extinction,0,1
154,biofilm,1.05,0.0001,0.2,1,60.75850870649427,edge,0,,503,rescue,1,1
155,biofilm,1.05,0.0001,0.2,1,68.16599360290554,core,0,,672,rescue,2,0
156,biofilm,1.05,0.0001,0.2,1,57.71676968576429,core,0,,748,rescue,1,3
157,biofilm,1.05,0.0001,0.2,1,60.89829155774299,edge,0,,671,rescue,0,1
158,biofilm,1.05,0.0001,0.2,1,5.648145623309882,edge,0,,990,rescue,1,1
159,biofilm,1.05,0.0001,0.2,0,,,0,,240,maxTime,1,0
160,biofilm,1.05,0.0001,0.2,1,31.552353153597807,core,0,,733,rescue,1,0
161,biofilm,1.05,0.0001,0.2,1,100.3208363463424,edge,0,,432,rescue,1,1
162,biofilm,1.05,0.0001,0.2,1,178.84725623623095,edge,0,,121,rescue,0,2
163,biofilm,1.05,0.0001,0.2,1,28.06082964584557,edge,0,,938,rescue,2,1
164,biofilm,1.05,0.0001,0.2,1,61.87530013291063,edge,0,,956,rescue,1,1
165,biofilm,1.05,0.0001,0.2,1,165.46773646940062,edge,0,,220,rescue,2,1
166,biofilm,1.05,0.0001,0.2,0,,,0,,689,maxTime,4,3
167,biofilm,1.05,0.0001,0.2,1,120.4990002580719,edge,0,,455,rescue,2,2
168,biofilm,1.05,0.0001,0.2,1,120.36895003618916,core,0,,497,rescue,2,0
169,biofilm,1.05,0.0001,0.2,1,19.30464614195176,edge,0,,905,rescue,2,1
170,biofilm,1.05,0.0001,0.2,0,,,0,,165,maxTime,3,2
171,biofilm,1.05,0.0001,0.2,1,19.556559927070516,edge,0,,784,rescue,0,1
172,biofilm,1.05,0.0001,0.2,1,107.467423562683,edge,0,,636,rescue,1,1
173,biofilm,1.05,0.0001,0.2,0,,,0,,379,maxTime,3,1
174,biofilm,1.05,0.0001,0.2,0,,,0,,98,maxTime,3,0
175,biofilm,1.05,0.0001,0.2,0,,,0,,1,maxTime,0,1
176,biofilm,1.05,0.0001,0.2,1,74.84427058862158,edge,0,,744,rescue,2,2
177,biofilm,1.05,0.0001,0.2,0,,,0,,168,maxTime,3,0
178,biofilm,1.05,0.0001,0.2,0,,,0,,42,maxTime,2,1
179,biofilm,1.05,0.0001,0.2,0,,,0,,318,maxTime,3,1
180,biofilm,1.05,0.0001,0.2,1,120.14012221390968,edge,0,,591,rescue,2,3
181,biofilm,1.05,0.0001,0.2,1,67.26740892806728,edge,0,,941,rescue,2,2
182,biofilm,1.05,0.0001,0.2,0,,,0,,267,maxTime,0,1
183,biofilm,1.05,0.0001,0.2,0,,,0,,531,maxTime,3,0
184,biofilm,1.05,0.0001,0.2,1,28.71962290917441,core,0,,906,rescue,1,0
185,biofilm,1.05,0.0001,0.2,1,127.82642306815436,edge,0,,590,rescue,4,2
186,biofilm,1.05,0.0001,0.2,0,,,0,,611,maxTime,5,2
187,biofilm,1.05,0.0001,0.2,0,,,1,172.0242244757648,0,extinction,1,3
188,biofilm,1.05,0.0001,0.2,0,,,0,,142,maxTime,1,1
189,biofilm,1.05,0.0001,0.2,0,,,1,161.1568333137874,0,extinction,2,2
190,biofilm,1.05,0.0001,0.2,1,184.121112420838,edge,0,,297,rescue,1,4
191,biofilm,1.05,0.0001,0.2,1,57.78818613576718,edge,0,,851,rescue,1,1
192,biofilm,1.05,0.0001,0.2,1,11.797394421056032,edge,0,,949,rescue,0,1
193,biofilm,1.05,0.0001,0.2,0,,,1,167.78094245927625,0,extinction,1,0
194,biofilm,1.05,0.0001,0.2,0,,,0,,154,maxTime,1,1
195,biofilm,1.05,0.0001,0.2,1,125.30419543014015,edge,0,,616,rescue,1,1
196,biofilm,1.05,0.0001,0.2,1,24.188514668019423,edge,0,,1057,rescue,0,1
197,biofilm,1.05,0.0001,0.2,0,,,1,127.59405510980864,0,extinction,0,1
198,biofilm,1.05,0.0001,0.2,0,,,0,,141,maxTime,2,1
199,biofilm,1.05,0.0001,0.2,1,29.50939516044786,edge,0,,993,rescue,0,1
0,biofilm,1.1,0.0001,0.2,0,,,1,126.18523707331263,0,extinction,1,1
1,biofilm,1.1,0.0001,0.2,1,99.6337497410524,edge,0,,22,rescue,0,3
2,biofilm,1.1,0.0001,0.2,0,,,1,99.0684361793933,0,extinction,1,0
3,biofilm,1.1,0.0001,0.2,0,,,1,132.59958418302426,0,extinction,2,1
4,biofilm,1.1,0.0001,0.2,0,,,1,111.4271300181657,0,extinction,0,0
5,biofilm,1.1,0.0001,0.2,1,64.08396728412961,edge,0,,301,rescue,1,1
6,biofilm,1.1,0.0001,0.2,1,44.83501362149649,edge,0,,453,rescue,0,1
7,biofilm,1.1,0.0001,0.2,1,43.42961400658431,edge,0,,525,rescue,0,2
8,biofilm,1.1,0.0001,0.2,1,89.6414506666924,core,0,,80,rescue,3,0
9,biofilm,1.1,0.0001,0.2,0,,,1,126.38133587731728,0,extinction,0,0
10,biofilm,1.1,0.0001,0.2,0,,,1,134.00085576790363,0,extinction,1,0
11,biofilm,1.1,0.0001,0.2,0,,,1,114.7947517215674,0,extinction,0,1
12,biofilm,1.1,0.0001,0.2,1,19.67539537491902,edge,0,,704,rescue,0,1
13,biofilm,1.1,0.0001,0.2,0,,,1,105.195785084803,0,extinction,1,1
14,biofilm,1.1,0.0001,0.2,0,,,1,130.37503170221936,0,extinction,2,0
15,biofilm,1.1,0.0001,0.2,0,,,1,107.14366191822728,0,extinction,0,1
16,biofilm,1.1,0.0001,0.2,1,20.118958889541556,edge,0,,747,rescue,0,1
17,biofilm,1.1,0.0001,0.2,1,21.30266246023989,edge,0,,936,rescue,2,1
18,biofilm,1.1,0.0001,0.2,0,,,1,128.73675065914685,0,extinction,0,0
19,biofilm,1.1,0.0001,0.2,0,,,1,105.81217958521624,0,extinction,0,1
20,biofilm,1.1,0.0001,0.2,1,27.78809588704774,edge,0,,687,rescue,0,2
21,biofilm,1.1,0.0001,0.2,0,,,1,112.95047587620836,0,extinction,0,2
22,biofilm,1.1,0.0001,0.2,1,77.20334291991371,edge,0,,246,rescue,1,1
23,biofilm,1.1,0.0001,0.2,0,,,1,136.6931296226559,0,extinction,0,0
24,biofilm,1.1,0.0001,0.2,0,,,1,102.41666399784148,0,extinction,1,0
25,biofilm,1.1,0.0001,0.2,1,78.10162810787186,edge,0,,369,rescue,0,1
26,biofilm,1.1,0.0001,0.2,0,,,1,90.5337617601677,0,extinction,1,1
27,biofilm,1.1,0.0001,0.2,0,,,1,91.99650750486772,0,extinction,0,2
28,biofilm,1.1,0.0001,0.2,1,45.47597334664749,edge,0,,451,rescue,1,1
29,biofilm,1.1,0.0001,0.2,0,,,1,104.15721839337736,0,extinction,0,1
30,biofilm,1.1,0.0001,0.2,0,,,1,79.31242164977729,0,extinction,0,0
31,biofilm,1.1,0.0001,0.2,1,51.35778562541864,edge,0,,421,rescue,0,1
32,biofilm,1.1,0.0001,0.2,1,14.252006371911856,edge,0,,933,rescue,1,1
33,biofilm,1.1,0.0001,0.2,1,31.055762808048623,edge,0,,725,rescue,0,1
34,biofilm,1.1,0.0001,0.2,0,,,1,121.4694950322383,0,extinction,0,1
35,biofilm,1.1,0.0001,0.2,0,,,1,148.35297139655987,0,extinction,0,0
36,biofilm,1.1,0.0001,0.2,0,,,1,178.53449452210586,0,extinction,0,0
37,biofilm,1.1,0.0001,0.2,0,,,1,116.75397233836308,0,extinction,0,1
38,biofilm,1.1,0.0001,0.2,0,,,1,91.72020295363907,0,extinction,0,1
39,biofilm,1.1,0.0001,0.2,0,,,1,72.1800704848198,0,extinction,0,0
40,biofilm,1.1,0.0001,0.2,1,32.31392006970163,edge,0,,539,rescue,0,1
41,biofilm,1.1,0.0001,0.2,1,6.618240231470737,edge,0,,907,rescue,0,1
42,biofilm,1.1,0.0001,0.2,0,,,1,88.6745535760279,0,extinction,0,1
43,biofilm,1.1,0.0001,0.2,0,,,1,143.0767105289892,0,extinction,2,0
44,biofilm,1.1,0.0001,0.2,0,,,1,96.4563032238128,0,extinction,0,0
45,biofilm,1.1,0.0001,0.2,0,,,1,131.7600152031962,0,extinction,0,1
46,biofilm,1.1,0.0001,0.2,0,,,1,107.86386008874928,0,extinction,1,2
47,biofilm,1.1,0.0001,0.2,0,,,1,105.10432758324497,0,extinction,1,2
48,biofilm,1.1,0.0001,0.2,0,,,1,106.14552708646109,0,extinction,1,1
49,biofilm,1.1,0.0001,0.2,1,38.607985121000894,edge,0,,720,rescue,0,2
50,biofilm,1.1,0.0001,0.2,1,17.653457227817093,core,0,,601,rescue,1,0
51,biofilm,1.1,0.0001,0.2,1,61.49238896649654,edge,0,,428,rescue,1,1
52,biofilm,1.1,0.0001,0.2,1,58.05780311120754,edge,0,,232,rescue,1,1
53,biofilm,1.1,0.0001,0.2,1,33.77668570907956,edge,0,,538,rescue,2,2
54,biofilm,1.1,0.0001,0.2,1,66.49202637347727,core,0,,499,rescue,1,0
55,biofilm,1.1,0.0001,0.2,1,37.1686691385847,core,0,,650,rescue,2,0
56,biofilm,1.1,0.0001,0.2,0,,,1,96.5993793263916,0,extinction,0,0
57,biofilm,1.1,0.0001,0.2,0,,,1,101.36624369173576,0,extinction,1,0
58,biofilm,1.1,0.0001,0.2,0,,,1,109.44654819696288,0,extinction,0,1
59,biofilm,1.1,0.0001,0.2,0,,,1,87.90564147972786,0,extinction,1,1
60,biofilm,1.1,0.0001,0.2,1,75.04738759894661,edge,0,,150,rescue,0,1
61,biofilm,1.1,0.0001,0.2,0,,,1,107.28451134457208,0,extinction,0,1
62,biofilm,1.1,0.0001,0.2,1,6.557203363796621,edge,0,,891,rescue,0,1
63,biofilm,1.1,0.0001,0.2,1,21.160066275064477,edge,0,,836,rescue,0,1
64,biofilm,1.1,0.0001,0.2,0,,,1,117.14856959196317,0,extinction,1,0
65,biofilm,1.1,0.0001,0.2,1,86.51300270914012,edge,0,,102,rescue,0,2
66,biofilm,1.1,0.0001,0.2,0,,,1,116.4030859016642,0,extinction,1,0
67,biofilm,1.1,0.0001,0.2,0,,,1,157.10802346474935,0,extinction,3,1
68,biofilm,1.1,0.0001,0.2,0,,,1,113.76280755713016,0,extinction,0,2
69,biofilm,1.1,0.0001,0.2,1,15.445910591373485,edge,0,,792,rescue,1,1
70,biofilm,1.1,0.0001,0.2,1,55.04405674004257,edge,0,,726,rescue,0,2
71,biofilm,1.1,0.0001,0.2,1,8.37715488410287,edge,0,,910,rescue,0,1
72,biofilm,1.1,0.0001,0.2,1,60.6145675686016,edge,0,,389,rescue,0,1
73,biofilm,1.1,0.0001,0.2,0,,,1,179.37049478834356,0,extinction,2,2
74,biofilm,1.1,0.0001,0.2,1,18.11658318594361,edge,0,,930,rescue,1,1
75,biofilm,1.1,0.0001,0.2,1,45.29176540227444,edge,0,,533,rescue,0,2
76,biofilm,1.1,0.0001,0.2,0,,,1,96.7828938168508,0,extinction,2,0
77,biofilm,1.1,0.0001,0.2,0,,,1,105.34743529889415,0,extinction,2,0
78,biofilm,1.1,0.0001,0.2,1,73.96179332265741,edge,0,,85,rescue,2,1
79,biofilm,1.1,0.0001,0.2,0,,,1,124.017781039355,0,extinction,0,3
80,biofilm,1.1,0.0001,0.2,0,,,1,111.68776350761873,0,extinction,1,0
81,biofilm,1.1,0.0001,0.2,1,15.985295574123274,edge,0,,848,rescue,0,1
82,biofilm,1.1,0.0001,0.2,0,,,1,132.17829897534068,0,extinction,1,0
83,biofilm,1.1,0.0001,0.2,0,,,1,82.42186344655119,0,extinction,0,0
84,biofilm,1.1,0.0001,0.2,0,,,1,109.6597992487192,0,extinction,1,0
85,biofilm,1.1,0.0001,0.2,1,46.873649473345885,edge,0,,443,rescue,2,1
86,biofilm,1.1,0.0001,0.2,1,94.26858877342865,edge,0,,67,rescue,0,1
87,biofilm,1.1,0.0001,0.2,0,,,1,134.47011155261404,0,extinction,1,1
88,biofilm,1.1,0.0001,0.2,0,,,1,121.8172789980505,0,extinction,0,0
89,biofilm,1.1,0.0001,0.2,0,,,1,112.74313878337443,0,extinction,0,0
90,biofilm,1.1,0.0001,0.2,0,,,1,148.20815422295735,0,extinction,0,2
91,biofilm,1.1,0.0001,0.2,1,34.08147313354911,core,0,,783,rescue,1,0
92,biofilm,1.1,0.0001,0.2,1,71.82082299113064,edge,0,,317,rescue,0,1
93,biofilm,1.1,0.0001,0.2,1,42.87498159231435,edge,0,,625,rescue,0,2
94,biofilm,1.1,0.0001,0.2,1,17.121973093685277,edge,0,,835,rescue,1,1
95,biofilm,1.1,0.0001,0.2,1,21.383645994036428,edge,0,,732,rescue,1,1
96,biofilm,1.1,0.0001,0.2,0,,,1,118.75771198597177,0,extinction,2,0
97,biofilm,1.1,0.0001,0.2,0,,,1,137.02824660757787,0,extinction,1,0
98,biofilm,1.1,0.0001,0.2,1,27.61218233087632,edge,0,,606,rescue,0,1
99,biofilm,1.1,0.0001,0.2,0,,,1,80.06978471982748,0,extinction,1,0
100,biofilm,1.1,0.0001,0.2,0,,,1,95.6987505916224,0,extinction,0,1
101,biofilm,1.1,0.0001,0.2,0,,,1,129.56276826563916,0,extinction,0,1
102,biofilm,1.1,0.0001,0.2,0,,,1,99.95989936996922,0,extinction,1,0
103,biofilm,1.1,0.0001,0.2,0,,,1,118.81531337532527,0,extinction,0,1
104,biofilm,1.1,0.0001,0.2,1,13.736554674413066,edge,0,,866,rescue,1,1
105,biofilm,1.1,0.0001,0.2,0,,,1,141.10405103696195,0,extinction,0,2
106,biofilm,1.1,0.0001,0.2,1,55.57861129579792,edge,0,,669,rescue,0,2
107,biofilm,1.1,0.0001,0.2,0,,,1,112.04589302040476,0,extinction,3,1
108,biofilm,1.1,0.0001,0.2,0,,,1,120.22013185741687,0,extinction,0,0
109,biofilm,1.1,0.0001,0.2,0,,,1,99.79354506300425,0,extinction,0,1
110,biofilm,1.1,0.0001,0.2,0,,,1,89.38400074984165,0,extinction,1,0
111,biofilm,1.1,0.0001,0.2,0,,,1,133.18651633706196,0,extinction,0,0
112,biofilm,1.1,0.0001,0.2,0,,,1,110.151065266197,0,extinction,2,0
113,biofilm,1.1,0.0001,0.2,1,15.048194961503803,edge,0,,896,rescue,0,2
114,biofilm,1.1,0.0001,0.2,0,,,1,131.31251174009125,0,extinction,1,3
115,biofilm,1.1,0.0001,0.2,1,3.931414513601138,edge,0,,960,rescue,0,1
116,biofilm,1.1,0.0001,0.2,1,65.38843435267923,core,0,,189,rescue,2,0
117,biofilm,1.1,0.0001,0.2,1,10.084942443726096,edge,0,,920,rescue,0,1
118,biofilm,1.1,0.0001,0.2,1,14.149705418961949,edge,0,,900,rescue,0,1
119,biofilm,1.1,0.0001,0.2,1,102.72571376852038,edge,0,,210,rescue,3,3
120,biofilm,1.1,0.0001,0.2,0,,,1,115.31457639221236,0,extinction,1,0
121,biofilm,1.1,0.0001,0.2,1,47.57366018463279,edge,0,,547,rescue,0,2
122,biofilm,1.1,0.0001,0.2,0,,,1,107.05732661129396,0,extinction,1,0
123,biofilm,1.1,0.0001,0.2,0,,,1,116.82927930126117,0,extinction,1,1
124,biofilm,1.1,0.0001,0.2,0,,,1,101.17881203434568,0,extinction,0,0
125,biofilm,1.1,0.0001,0.2,0,,,1,173.65831747344296,0,extinction,1,1
126,biofilm,1.1,0.0001,0.2,1,67.99188086354755,edge,0,,403,rescue,0,1
127,biofilm,1.1,0.0001,0.2,0,,,1,140.72315229223673,0,extinction,2,1
128,biofilm,1.1,0.0001,0.2,0,,,1,97.93682981475732,0,extinction,1,1
129,biofilm,1.1,0.0001,0.2,1,31.663282564926774,edge,0,,707,rescue,0,2
130,biofilm,1.1,0.0001,0.2,0,,,1,124.6365435266852,0,extinction,2,2
131,biofilm,1.1,0.0001,0.2,0,,,1,141.1368854769247,0,extinction,0,0
132,biofilm,1.1,0.0001,0.2,1,91.87701542022867,edge,0,,33,rescue,0,1
133,biofilm,1.1,0.0001,0.2,1,114.47924994889765,core,0,,104,rescue,1,1
134,biofilm,1.1,0.0001,0.2,0,,,1,103.50025140037086,0,extinction,1,0
135,biofilm,1.1,0.0001,0.2,1,15.637384586207553,edge,0,,806,rescue,2,1
136,biofilm,1.1,0.0001,0.2,1,3.0442920011053296,edge,0,,963,rescue,0,1
137,biofilm,1.1,0.0001,0.2,0,,,1,135.42999777956197,0,extinction,0,0
138,biofilm,1.1,0.0001,0.2,1,83.49343526252116,edge,0,,224,rescue,1,2
139,biofilm,1.1,0.0001,0.2,1,50.492003393316246,core,0,,826,rescue,2,1
140,biofilm,1.1,0.0001,0.2,0,,,1,131.08051327951154,0,extinction,0,0
141,biofilm,1.1,0.0001,0.2,1,60.58271173276472,edge,0,,36,rescue,0,2
142,biofilm,1.1,0.0001,0.2,0,,,1,124.40923436449522,0,extinction,0,1
143,biofilm,1.1,0.0001,0.2,1,11.858312369766344,edge,0,,935,rescue,1,1
144,biofilm,1.1,0.0001,0.2,1,90.381121399187,edge,0,,159,rescue,0,1
145,biofilm,1.1,0.0001,0.2,0,,,1,100.56717881214615,0,extinction,0,0
146,biofilm,1.1,0.0001,0.2,0,,,1,100.33599548467836,0,extinction,1,0
147,biofilm,1.1,0.0001,0.2,1,85.07229170804305,edge,0,,28,rescue,2,2
148,biofilm,1.1,0.0001,0.2,1,73.75174307881832,edge,0,,338,rescue,2,1
149,biofilm,1.1,0.0001,0.2,1,48.5965523849275,edge,0,,523,rescue,0,1
150,biofilm,1.1,0.0001,0.2,0,,,1,122.0639570398016,0,extinction,1,0
151,biofilm,1.1,0.0001,0.2,0,,,1,86.29472859498163,0,extinction,0,0
152,biofilm,1.1,0.0001,0.2,1,41.85670451452137,edge,0,,519,rescue,0,2
153,biofilm,1.1,0.0001,0.2,0,,,1,69.38132229311121,0,extinction,0,2
154,biofilm,1.1,0.0001,0.2,1,70.25818775938683,edge,0,,71,rescue,0,1
155,biofilm,1.1,0.0001,0.2,0,,,1,123.01193269293395,0,extinction,1,2
156,biofilm,1.1,0.0001,0.2,1,41.85862864163866,edge,0,,531,rescue,1,2
157,biofilm,1.1,0.0001,0.2,0,,,1,108.8815201196024,0,extinction,0,1
158,biofilm,1.1,0.0001,0.2,1,4.840931416457795,edge,0,,993,rescue,1,1
159,biofilm,1.1,0.0001,0.2,0,,,1,107.06082293910085,0,extinction,0,1
160,biofilm,1.1,0.0001,0.2,1,25.75015561846978,edge,0,,744,rescue,0,1
161,biofilm,1.1,0.0001,0.2,0,,,1,111.92492986720968,0,extinction,0,1
162,biofilm,1.1,0.0001,0.2,0,,,1,157.33822916116284,0,extinction,0,0
163,biofilm,1.1,0.0001,0.2,1,32.34554536473913,edge,0,,751,rescue,1,1
164,biofilm,1.1,0.0001,0.2,1,66.2975538640105,edge,0,,799,rescue,1,1
165,biofilm,1.1,0.0001,0.2,0,,,1,117.31569362122276,0,extinction,0,0
166,biofilm,1.1,0.0001,0.2,0,,,1,151.59105110651987,0,extinction,2,0
167,biofilm,1.1,0.0001,0.2,0,,,1,156.48283555250325,0,extinction,1,2
168,biofilm,1.1,0.0001,0.2,1,37.80607531536175,core,0,,634,rescue,1,0
169,biofilm,1.1,0.0001,0.2,1,17.691248026653078,edge,0,,812,rescue,1,1
170,biofilm,1.1,0.0001,0.2,1,40.1225892083619,core,0,,424,rescue,1,1
171,biofilm,1.1,0.0001,0.2,1,18.785139394555227,edge,0,,719,rescue,1,1
172,biofilm,1.1,0.0001,0.2,0,,,1,126.14530779620898,0,extinction,0,1
173,biofilm,1.1,0.0001,0.2,0,,,1,136.62174849250195,0,extinction,1,0
174,biofilm,1.1,0.0001,0.2,0,,,1,120.60857412303228,0,extinction,1,1
175,biofilm,1.1,0.0001,0.2,0,,,1,111.80058269049648,0,extinction,0,0
176,biofilm,1.1,0.0001,0.2,1,28.664283043447625,edge,0,,699,rescue,0,1
177,biofilm,1.1,0.0001,0.2,0,,,1,134.6394729626992,0,extinction,2,2
178,biofilm,1.1,0.0001,0.2,0,,,1,98.35458993740052,0,extinction,0,1
179,biofilm,1.1,0.0001,0.2,0,,,1,113.74556625661296,0,extinction,1,0
180,biofilm,1.1,0.0001,0.2,0,,,1,122.24369548377886,0,extinction,3,2
181,biofilm,1.1,0.0001,0.2,0,,,1,133.74038240655972,0,extinction,4,3
182,biofilm,1.1,0.0001,0.2,0,,,1,134.84339292575325,0,extinction,0,0
183,biofilm,1.1,0.0001,0.2,0,,,1,124.945977962642,0,extinction,0,0
184,biofilm,1.1,0.0001,0.2,0,,,1,115.8448510682258,0,extinction,1,0
185,biofilm,1.1,0.0001,0.2,1,61.930430781179645,edge,0,,420,rescue,1,1
186,biofilm,1.1,0.0001,0.2,0,,,1,140.931988413274,0,extinction,3,2
187,biofilm,1.1,0.0001,0.2,0,,,1,112.75744894907596,0,extinction,0,1
188,biofilm,1.1,0.0001,0.2,0,,,1,138.96533149924798,0,extinction,1,0
189,biofilm,1.1,0.0001,0.2,1,45.31994568586509,edge,0,,374,rescue,1,1
190,biofilm,1.1,0.0001,0.2,0,,,1,112.53476282314142,0,extinction,0,0
191,biofilm,1.1,0.0001,0.2,1,64.99561833860635,edge,0,,631,rescue,1,1
192,biofilm,1.1,0.0001,0.2,1,10.504538593799722,edge,0,,834,rescue,0,1
193,biofilm,1.1,0.0001,0.2,0,,,1,112.44310759793122,0,extinction,0,0
194,biofilm,1.1,0.0001,0.2,0,,,1,134.22726720044383,0,extinction,0,0
195,biofilm,1.1,0.0001,0.2,0,,,1,125.74733957940268,0,extinction,1,0
196,biofilm,1.1,0.0001,0.2,0,,,1,130.17957935523128,0,extinction,2,1
197,biofilm,1.1,0.0001,0.2,0,,,1,84.45801539602571,0,extinction,0,1
198,biofilm,1.1,0.0001,0.2,0,,,1,116.46391341013192,0,extinction,1,0
199,biofilm,1.1,0.0001,0.2,0,,,1,120.9968178865463,0,extinction,1,2
0,biofilm,1.2,0.0001,0.2,1,44.38595250484164,edge,0,,158,rescue,0,1
1,biofilm,1.2,0.0001,0.2,0,,,1,59.354068988462345,0,extinction,0,0
2,biofilm,1.2,0.0001,0.2,0,,,1,55.87058759942204,0,extinction,0,0
3,biofilm,1.2,0.0001,0.2,0,,,1,86.7493206939148,0,extinction,1,0
4,biofilm,1.2,0.0001,0.2,0,,,1,67.40501555694881,0,extinction,0,0
5,biofilm,1.2,0.0001,0.2,1,5.237176806712058,core,0,,871,rescue,1,0
6,biofilm,1.2,0.0001,0.2,0,,,1,60.02074985495783,0,extinction,0,0
7,biofilm,1.2,0.0001,0.2,0,,,1,62.55952221019872,0,extinction,0,0
8,biofilm,1.2,0.0001,0.2,0,,,1,46.451747590617046,0,extinction,0,0
9,biofilm,1.2,0.0001,0.2,0,,,1,65.90519182505034,0,extinction,0,0
10,biofilm,1.2,0.0001,0.2,0,,,1,61.16019533258005,0,extinction,1,0
11,biofilm,1.2,0.0001,0.2,0,,,1,57.405344029479984,0,extinction,1,1
12,biofilm,1.2,0.0001,0.2,1,17.553760253362533,edge,0,,584,rescue,1,1
13,biofilm,1.2,0.0001,0.2,0,,,1,55.84916508338311,0,extinction,1,0
14,biofilm,1.2,0.0001,0.2,0,,,1,72.85205389034198,0,extinction,2,0
15,biofilm,1.2,0.0001,0.2,0,,,1,57.9689454558025,0,extinction,0,0
16,biofilm,1.2,0.0001,0.2,1,22.51337798296956,edge,0,,470,rescue,0,1
17,biofilm,1.2,0.0001,0.2,1,17.640350063747533,edge,0,,651,rescue,2,1
18,biofilm,1.2,0.0001,0.2,0,,,1,56.995811744923806,0,extinction,0,0
19,biofilm,1.2,0.0001,0.2,1,28.498660159861405,core,0,,190,rescue,1,2
20,biofilm,1.2,0.0001,0.2,1,42.14650489806803,edge,0,,223,rescue,0,3
21,biofilm,1.2,0.0001,0.2,1,13.812627713059822,edge,0,,649,rescue,0,1
22,biofilm,1.2,0.0001,0.2,0,,,1,63.18141398295719,0,extinction,0,0
23,biofilm,1.2,0.0001,0.2,0,,,1,59.21473851145747,0,extinction,0,1
24,biofilm,1.2,0.0001,0.2,0,,,1,58.23732343995559,0,extinction,0,1
25,biofilm,1.2,0.0001,0.2,0,,,1,69.85803062229255,0,extinction,0,1
26,biofilm,1.2,0.0001,0.2,1,37.64621093035858,core,0,,62,rescue,1,0
27,biofilm,1.2,0.0001,0.2,0,,,1,71.92631004759807,0,extinction,0,0
28,biofilm,1.2,0.0001,0.2,0,,,1,51.19538702878837,0,extinction,1,0
29,biofilm,1.2,0.0001,0.2,0,,,1,57.413956106284736,0,extinction,0,0
30,biofilm,1.2,0.0001,0.2,0,,,1,52.55515595577632,0,extinction,0,0
31,biofilm,1.2,0.0001,0.2,0,,,1,57.14680777691085,0,extinction,0,0
32,biofilm,1.2,0.0001,0.2,0,,,1,71.83640804658422,0,extinction,1,1
33,biofilm,1.2,0.0001,0.2,0,,,1,61.454478771750985,0,extinction,0,0
34,biofilm,1.2,0.0001,0.2,0,,,1,65.96331077398716,0,extinction,0,0
35,biofilm,1.2,0.0001,0.2,0,,,1,90.65320049414014,0,extinction,0,0
36,biofilm,1.2,0.0001,0.2,0,,,1,64.29080415965018,0,extinction,0,0
37,biofilm,1.2,0.0001,0.2,0,,,1,57.80000598495038,0,extinction,0,0
38,biofilm,1.2,0.0001,0.2,0,,,1,62.03324977899815,0,extinction,1,0
39,biofilm,1.2,0.0001,0.2,0,,,1,56.92368144432522,0,extinction,0,0
40,biofilm,1.2,0.0001,0.2,0,,,1,45.70889377673164,0,extinction,0,1
41,biofilm,1.2,0.0001,0.2,1,10.166503594934388,edge,0,,720,rescue,0,1
42,biofilm,1.2,0.0001,0.2,0,,,1,48.20262532484068,0,extinction,0,0
43,biofilm,1.2,0.0001,0.2,0,,,1,69.5433567266507,0,extinction,0,0
44,biofilm,1.2,0.0001,0.2,0,,,1,60.4196230072731,0,extinction,0,0
45,biofilm,1.2,0.0001,0.2,0,,,1,62.9192786793661,0,extinction,0,0
46,biofilm,1.2,0.0001,0.2,0,,,1,59.99016959787868,0,extinction,0,0
47,biofilm,1.2,0.0001,0.2,1,19.08556930537448,edge,0,,579,rescue,0,1
48,biofilm,1.2,0.0001,0.2,0,,,1,50.549141609320685,0,extinction,0,0
49,biofilm,1.2,0.0001,0.2,1,52.08966121072335,edge,0,,79,rescue,0,2
50,biofilm,1.2,0.0001,0.2,0,,,1,48.17073448420008,0,extinction,0,1
51,biofilm,1.2,0.0001,0.2,0,,,1,61.55903432908633,0,extinction,1,0
52,biofilm,1.2,0.0001,0.2,0,,,1,55.20489010276677,0,extinction,2,0
53,biofilm,1.2,0.0001,0.2,1,12.77586230112088,edge,0,,788,rescue,2,1
54,biofilm,1.2,0.0001,0.2,0,,,1,80.80078473286986,0,extinction,0,0
55,biofilm,1.2,0.0001,0.2,0,,,1,74.61823688041743,0,extinction,2,0
56,biofilm,1.2,0.0001,0.2,0,,,1,50.2889040532986,0,extinction,0,0
57,biofilm,1.2,0.0001,0.2,0,,,1,47.135957381507374,0,extinction,0,0
58,biofilm,1.2,0.0001,0.2,0,,,1,59.05443764842202,0,extinction,0,1
59,biofilm,1.2,0.0001,0.2,1,46.0565580680881,core,0,,77,rescue,2,0
60,biofilm,1.2,0.0001,0.2,0,,,1,67.3711443453201,0,extinction,1,0
61,biofilm,1.2,0.0001,0.2,0,,,1,70.52244729989663,0,extinction,0,0
62,biofilm,1.2,0.0001,0.2,0,,,1,68.56829315841277,0,extinction,0,1
63,biofilm,1.2,0.0001,0.2,1,25.058094240847595,edge,0,,574,rescue,0,1
64,biofilm,1.2,0.0001,0.2,1,28.165381815556003,core,0,,349,rescue,2,0
65,biofilm,1.2,0.0001,0.2,0,,,1,52.51440347793411,0,extinction,0,0
66,biofilm,1.2,0.0001,0.2,0,,,1,49.804411263069866,0,extinction,0,0
67,biofilm,1.2,0.0001,0.2,0,,,1,72.89464817398179,0,extinction,1,0
68,biofilm,1.2,0.0001,0.2,1,19.10383737279606,edge,0,,762,rescue,0,1
69,biofilm,1.2,0.0001,0.2,0,,,1,53.34690364542515,0,extinction,1,0
70,biofilm,1.2,0.0001,0.2,0,,,1,67.07959790975475,0,extinction,0,1
71,biofilm,1.2,0.0001,0.2,0,,,1,67.52894276036757,0,extinction,0,1
72,biofilm,1.2,0.0001,0.2,0,,,1,61.97629477141389,0,extinction,0,0
73,biofilm,1.2,0.0001,0.2,0,,,1,62.90745979073791,0,extinction,1,0
74,biofilm,1.2,0.0001,0.2,1,65.21727820815256,edge,0,,19,rescue,1,2
75,biofilm,1.2,0.0001,0.2,0,,,1,55.87401300390169,0,extinction,1,0
76,biofilm,1.2,0.0001,0.2,1,36.90668888062989,core,0,,235,rescue,2,0
77,biofilm,1.2,0.0001,0.2,0,,,1,65.06889342111522,0,extinction,0,0
78,biofilm,1.2,0.0001,0.2,1,14.95962225660336,core,0,,585,rescue,2,0
79,biofilm,1.2,0.0001,0.2,1,29.940931516132544,edge,0,,469,rescue,0,1
80,biofilm,1.2,0.0001,0.2,1,7.531179103682759,edge,0,,797,rescue,0,1
81,biofilm,1.2,0.0001,0.2,0,,,1,57.456174836492345,0,extinction,0,2
82,biofilm,1.2,0.0001,0.2,0,,,1,50.71662689523131,0,extinction,0,1
83,biofilm,1.2,0.0001,0.2,0,,,1,46.4659987655138,0,extinction,0,0
84,biofilm,1.2,0.0001,0.2,0,,,1,61.87811641106176,0,extinction,0,0
85,biofilm,1.2,0.0001,0.2,0,,,1,57.48308057257797,0,extinction,1,1
86,biofilm,1.2,0.0001,0.2,0,,,1,53.59661024151557,0,extinction,0,0
87,biofilm,1.2,0.0001,0.2,0,,,1,71.61186359613939,0,extinction,0,0
88,biofilm,1.2,0.0001,0.2,0,,,1,65.54083750115409,0,extinction,1,0
89,biofilm,1.2,0.0001,0.2,0,,,1,56.85084211301688,0,extinction,0,0
90,biofilm,1.2,0.0001,0.2,0,,,1,70.56779316462472,0,extinction,0,0
91,biofilm,1.2,0.0001,0.2,0,,,1,68.19696721846331,0,extinction,1,0
92,biofilm,1.2,0.0001,0.2,0,,,1,52.77826479399829,0,extinction,0,0
93,biofilm,1.2,0.0001,0.2,0,,,1,64.15270066313869,0,extinction,0,1
94,biofilm,1.2,0.0001,0.2,0,,,1,60.89088354593897,0,extinction,1,1
95,biofilm,1.2,0.0001,0.2,0,,,1,59.27953481894088,0,extinction,1,1
96,biofilm,1.2,0.0001,0.2,0,,,1,65.94544832537746,0,extinction,2,0
97,biofilm,1.2,0.0001,0.2,1,44.14077000106103,core,0,,331,rescue,1,0
98,biofilm,1.2,0.0001,0.2,1,28.389279156195474,edge,0,,447,rescue,0,1
99,biofilm,1.2,0.0001,0.2,0,,,1,61.15546284750484,0,extinction,1,0
100,biofilm,1.2,0.0001,0.2,0,,,1,49.80617318921258,0,extinction,0,1
101,biofilm,1.2,0.0001,0.2,0,,,1,65.05740588132785,0,extinction,0,0
102,biofilm,1.2,0.0001,0.2,0,,,1,67.97622067587689,0,extinction,1,0
103,biofilm,1.2,0.0001,0.2,0,,,1,68.50950230338734,0,extinction,0,0
104,biofilm,1.2,0.0001,0.2,1,7.770581708965024,edge,0,,794,rescue,0,1
105,biofilm,1.2,0.0001,0.2,1,6.97127038940155,edge,0,,848,rescue,0,1
106,biofilm,1.2,0.0001,0.2,0,,,1,65.4691970922628,0,extinction,0,0
107,biofilm,1.2,0.0001,0.2,0,,,1,60.252544271128016,0,extinction,0,1
108,biofilm,1.2,0.0001,0.2,0,,,1,63.98248091880987,0,extinction,0,0
109,biofilm,1.2,0.0001,0.2,0,,,1,56.7812561042375,0,extinction,0,0
110,biofilm,1.2,0.0001,0.2,0,,,1,50.25345139048091,0,extinction,0,1
111,biofilm,1.2,0.0001,0.2,0,,,1,70.26518392765317,0,extinction,0,0
112,biofilm,1.2,0.0001,0.2,1,35.02541509189539,edge,0,,420,rescue,0,1
113,biofilm,1.2,0.0001,0.2,0,,,1,63.391346918479,0,extinction,0,2
114,biofilm,1.2,0.0001,0.2,1,48.85030198243929,edge,0,,320,rescue,0,1
115,biofilm,1.2,0.0001,0.2,0,,,1,83.09229855803316,0,extinction,0,1
116,biofilm,1.2,0.0001,0.2,0,,,1,57.23187156353416,0,extinction,1,0
117,biofilm,1.2,0.0001,0.2,1,48.70117881409465,core,0,,165,rescue,1,1
118,biofilm,1.2,0.0001,0.2,0,,,1,64.03222863743828,0,extinction,0,1
119,biofilm,1.2,0.0001,0.2,0,,,1,72.72296309876633,0,extinction,1,2
120,biofilm,1.2,0.0001,0.2,0,,,1,56.44402858047624,0,extinction,0,1
121,biofilm,1.2,0.0001,0.2,0,,,1,64.3632014733685,0,extinction,0,1
122,biofilm,1.2,0.0001,0.2,0,,,1,62.34185195817437,0,extinction,0,0
123,biofilm,1.2,0.0001,0.2,1,19.41699863367124,core,0,,692,rescue,1,0
124,biofilm,1.2,0.0001,0.2,0,,,1,70.30263675991075,0,extinction,0,0
125,biofilm,1.2,0.0001,0.2,0,,,1,66.34677733166524,0,extinction,0,1
126,biofilm,1.2,0.0001,0.2,0,,,1,62.57323078265848,0,extinction,0,0
127,biofilm,1.2,0.0001,0.2,0,,,1,51.94032597589997,0,extinction,0,0
128,biofilm,1.2,0.0001,0.2,0,,,1,64.96315790190475,0,extinction,1,0
129,biofilm,1.2,0.0001,0.2,1,25.406806809259585,edge,0,,559,rescue,0,1
130,biofilm,1.2,0.0001,0.2,0,,,1,58.09503739615464,0,extinction,1,1
131,biofilm,1.2,0.0001,0.2,0,,,1,77.73934956107,0,extinction,0,0
132,biofilm,1.2,0.0001,0.2,0,,,1,42.39712369169248,0,extinction,0,0
133,biofilm,1.2,0.0001,0.2,1,45.08563365020288,core,0,,315,rescue,1,1
134,biofilm,1.2,0.0001,0.2,1,9.426432466773171,core,0,,735,rescue,1,0
135,biofilm,1.2,0.0001,0.2,1,27.620612758289425,core,0,,382,rescue,2,1
136,biofilm,1.2,0.0001,0.2,0,,,1,51.84994860779961,0,extinction,0,1
137,biofilm,1.2,0.0001,0.2,0,,,1,64.82344515937321,0,extinction,0,0
138,biofilm,1.2,0.0001,0.2,1,19.49518739472841,core,0,,635,rescue,1,0
139,biofilm,1.2,0.0001,0.2,1,10.3103649838644,edge,0,,915,rescue,0,1
140,biofilm,1.2,0.0001,0.2,0,,,1,71.01140862428869,0,extinction,0,0
141,biofilm,1.2,0.0001,0.2,0,,,1,46.74227986978882,0,extinction,0,0
142,biofilm,1.2,0.0001,0.2,0,,,1,48.80944398229674,0,extinction,0,0
143,biofilm,1.2,0.0001,0.2,1,15.488229435889444,edge,0,,653,rescue,1,1
144,biofilm,1.2,0.0001,0.2,0,,,1,72.86138603521796,0,extinction,0,0
145,biofilm,1.2,0.0001,0.2,0,,,1,43.84670829878387,0,extinction,0,0
146,biofilm,1.2,0.0001,0.2,0,,,1,62.43876061393987,0,extinction,0,0
147,biofilm,1.2,0.0001,0.2,1,39.39983653826371,core,0,,224,rescue,2,0
148,biofilm,1.2,0.0001,0.2,0,,,1,78.75340449334445,0,extinction,2,0
149,biofilm,1.2,0.0001,0.2,0,,,1,60.116683560816256,0,extinction,0,0
150,biofilm,1.2,0.0001,0.2,0,,,1,67.61050251078667,0,extinction,0,0
151,biofilm,1.2,0.0001,0.2,0,,,1,49.63269913194707,0,extinction,0,0
152,biofilm,1.2,0.0001,0.2,1,19.21176091054826,edge,0,,598,rescue,0,1
153,biofilm,1.2,0.0001,0.2,0,,,1,60.80930110612551,0,extinction,0,1
154,biofilm,1.2,0.0001,0.2,0,,,1,52.24169076282737,0,extinction,0,0
155,biofilm,1.2,0.0001,0.2,0,,,1,81.41036242831954,0,extinction,1,0
156,biofilm,1.2,0.0001,0.2,0,,,1,70.5012444790629,0,extinction,0,2
157,biofilm,1.2,0.0001,0.2,0,,,1,61.319294874355535,0,extinction,0,0
158,biofilm,1.2,0.0001,0.2,0,,,1,61.6349806021073,0,extinction,1,0
159,biofilm,1.2,0.0001,0.2,0,,,1,58.59995285126279,0,extinction,0,0
160,biofilm,1.2,0.0001,0.2,0,,,1,61.68619099781701,0,extinction,0,1
161,biofilm,1.2,0.0001,0.2,1,31.30207263660988,edge,0,,398,rescue,0,1
162,biofilm,1.2,0.0001,0.2,1,67.41884042532207,core,0,,42,rescue,1,0
163,biofilm,1.2,0.0001,0.2,0,,,1,60.89968027030061,0,extinction,1,1
164,biofilm,1.2,0.0001,0.2,1,55.55840416286955,edge,0,,203,rescue,0,2
165,biofilm,1.2,0.0001,0.2,0,,,1,62.12964952447974,0,extinction,0,0
166,biofilm,1.2,0.0001,0.2,0,,,1,81.61900029031459,0,extinction,0,0
167,biofilm,1.2,0.0001,0.2,0,,,1,71.41732802293077,0,extinction,0,0
168,biofilm,1.2,0.0001,0.2,0,,,1,55.47829757867432,0,extinction,1,0
169,biofilm,1.2,0.0001,0.2,1,18.369862262475728,edge,0,,668,rescue,1,1
170,biofilm,1.2,0.0001,0.2,0,,,1,52.38888889634519,0,extinction,0,2
171,biofilm,1.2,0.0001,0.2,1,22.153456350925456,edge,0,,486,rescue,1,2
172,biofilm,1.2,0.0001,0.2,0,,,1,46.26092726255022,0,extinction,0,0
173,biofilm,1.2,0.0001,0.2,0,,,1,56.71271261843942,0,extinction,0,0
174,biofilm,1.2,0.0001,0.2,1,42.56457247103175,core,0,,59,rescue,2,0
175,biofilm,1.2,0.0001,0.2,0,,,1,64.6915914480564,0,extinction,0,0
176,biofilm,1.2,0.0001,0.2,1,32.676424451711846,edge,0,,271,rescue,0,1
177,biofilm,1.2,0.0001,0.2,0,,,1,70.70978621293091,0,extinction,1,0
178,biofilm,1.2,0.0001,0.2,0,,,1,50.5270071623974,0,extinction,0,0
179,biofilm,1.2,0.0001,0.2,1,42.64784290770647,edge,0,,150,rescue,0,1
180,biofilm,1.2,0.0001,0.2,0,,,1,68.36018449154967,0,extinction,1,1
181,biofilm,1.2,0.0001,0.2,0,,,1,62.38835615495635,0,extinction,2,1
182,biofilm,1.2,0.0001,0.2,0,,,1,73.24184010262246,0,extinction,0,0
183,biofilm,1.2,0.0001,0.2,0,,,1,60.815656909646776,0,extinction,0,0
184,biofilm,1.2,0.0001,0.2,0,,,1,63.466283315287306,0,extinction,1,0
185,biofilm,1.2,0.0001,0.2,0,,,1,54.553250526343554,0,extinction,0,0
186,biofilm,1.2,0.0001,0.2,0,,,1,70.28122223660561,0,extinction,1,1
187,biofilm,1.2,0.0001,0.2,0,,,1,75.84958921368273,0,extinction,0,1
188,biofilm,1.2,0.0001,0.2,0,,,1,61.26549910523257,0,extinction,0,0
189,biofilm,1.2,0.0001,0.2,0,,,1,48.13532166414373,0,extinction,0,0
190,biofilm,1.2,0.0001,0.2,0,,,1,56.88940391849836,0,extinction,0,0
191,biofilm,1.2,0.0001,0.2,1,24.4112862753268,edge,0,,684,rescue,0,1
192,biofilm,1.2,0.0001,0.2,0,,,1,49.30097271568967,0,extinction,1,0
193,biofilm,1.2,0.0001,0.2,0,,,1,59.4487186552418,0,extinction,0,0
194,biofilm,1.2,0.0001,0.2,1,51.23344545441223,core,0,,84,rescue,1,0
195,biofilm,1.2,0.0001,0.2,0,,,1,77.83334731465393,0,extinction,0,0
196,biofilm,1.2,0.0001,0.2,0,,,1,87.44195489151076,0,extinction,0,0
197,biofilm,1.2,0.0001,0.2,0,,,1,57.12494691744831,0,extinction,0,1
198,biofilm,1.2,0.0001,0.2,0,,,1,61.92527523010779,0,extinction,1,0
199,biofilm,1.2,0.0001,0.2,0,,,1,73.0721825823634,0,extinction,0,2
0,biofilm,1.4,0.0001,0.2,0,,,1,32.11012859560141,0,extinction,0,0
1,biofilm,1.4,0.0001,0.2,0,,,1,30.0756072928095,0,extinction,0,0
2,biofilm,1.4,0.0001,0.2,0,,,1,33.68948633354212,0,extinction,0,0
3,biofilm,1.4,0.0001,0.2,1,7.877443525088216,core,0,,728,rescue,1,0
4,biofilm,1.4,0.0001,0.2,0,,,1,34.21054274793663,0,extinction,0,0
5,biofilm,1.4,0.0001,0.2,0,,,1,30.41969077510453,0,extinction,1,0
6,biofilm,1.4,0.0001,0.2,0,,,1,30.545679896310613,0,extinction,0,0
7,biofilm,1.4,0.0001,0.2,0,,,1,28.626370089934664,0,extinction,0,0
8,biofilm,1.4,0.0001,0.2,0,,,1,25.142473190885617,0,extinction,0,0
9,biofilm,1.4,0.0001,0.2,0,,,1,35.83205161602376,0,extinction,0,2
10,biofilm,1.4,0.0001,0.2,1,22.945207261787683,core,0,,135,rescue,1,0
11,biofilm,1.4,0.0001,0.2,0,,,1,37.04030298524656,0,extinction,1,1
12,biofilm,1.4,0.0001,0.2,1,18.48869490434098,edge,0,,255,rescue,1,1
13,biofilm,1.4,0.0001,0.2,0,,,1,32.865036426790674,0,extinction,0,0
14,biofilm,1.4,0.0001,0.2,0,,,1,37.707271476665,0,extinction,0,1
15,biofilm,1.4,0.0001,0.2,0,,,1,38.131708864903366,0,extinction,0,0
16,biofilm,1.4,0.0001,0.2,0,,,1,36.663151544750896,0,extinction,0,0
17,biofilm,1.4,0.0001,0.2,0,,,1,30.632598717094535,0,extinction,2,0
18,biofilm,1.4,0.0001,0.2,0,,,1,35.58806149401859,0,extinction,0,0
19,biofilm,1.4,0.0001,0.2,0,,,1,29.13296482203306,0,extinction,0,2
20,biofilm,1.4,0.0001,0.2,0,,,1,29.31360098352954,0,extinction,0,1
21,biofilm,1.4,0.0001,0.2,0,,,1,27.094767437764933,0,extinction,0,0
22,biofilm,1.4,0.0001,0.2,0,,,1,33.125870531020055,0,extinction,0,0
23,biofilm,1.4,0.0001,0.2,0,,,1,46.95697077305977,0,extinction,1,1
24,biofilm,1.4,0.0001,0.2,0,,,1,31.25288031522966,0,extinction,0,0
25,biofilm,1.4,0.0001,0.2,0,,,1,28.31746127808012,0,extinction,0,1
26,biofilm,1.4,0.0001,0.2,0,,,1,30.263811260115297,0,extinction,1,0
27,biofilm,1.4,0.0001,0.2,0,,,1,31.51067339090775,0,extinction,0,0
28,biofilm,1.4,0.0001,0.2,1,18.350876301737166,core,0,,270,rescue,1,0
29,biofilm,1.4,0.0001,0.2,0,,,1,28.82956741291239,0,extinction,0,0
30,biofilm,1.4,0.0001,0.2,0,,,1,27.831038997427157,0,extinction,0,0
31,biofilm,1.4,0.0001,0.2,0,,,1,36.325553565225626,0,extinction,0,0
32,biofilm,1.4,0.0001,0.2,0,,,1,33.69577583517266,0,extinction,0,1
33,biofilm,1.4,0.0001,0.2,0,,,1,34.17440637024564,0,extinction,0,0
34,biofilm,1.4,0.0001,0.2,0,,,1,36.33047412994271,0,extinction,0,0
35,biofilm,1.4,0.0001,0.2,0,,,1,30.013679931330486,0,extinction,0,0
36,biofilm,1.4,0.0001,0.2,0,,,1,39.42741879474396,0,extinction,0,0
37,biofilm,1.4,0.0001,0.2,0,,,1,34.47921492020878,0,extinction,0,0
38,biofilm,1.4,0.0001,0.2,0,,,1,25.636264727361304,0,extinction,1,0
39,biofilm,1.4,0.0001,0.2,0,,,1,28.778150133695373,0,extinction,0,0
40,biofilm,1.4,0.0001,0.2,0,,,1,26.345099095983795,0,extinction,0,0
41,biofilm,1.4,0.0001,0.2,1,9.973757024193016,edge,0,,607,rescue,0,1
42,biofilm,1.4,0.0001,0.2,0,,,1,33.331346997487906,0,extinction,0,0
43,biofilm,1.4,0.0001,0.2,0,,,1,36.91097402832448,0,extinction,0,0
44,biofilm,1.4,0.0001,0.2,1,24.996908995656742,edge,0,,75,rescue,0,1
45,biofilm,1.4,0.0001,0.2,0,,,1,38.44866900135317,0,extinction,0,0
46,biofilm,1.4,0.0001,0.2,0,,,1,28.184081820794752,0,extinction,0,0
47,biofilm,1.4,0.0001,0.2,0,,,1,26.014881221012867,0,extinction,0,1
48,biofilm,1.4,0.0001,0.2,0,,,1,24.26099703917676,0,extinction,0,0
49,biofilm,1.4,0.0001,0.2,0,,,1,27.1903064000742,0,extinction,0,0
50,biofilm,1.4,0.0001,0.2,0,,,1,25.19089122524155,0,extinction,0,0
51,biofilm,1.4,0.0001,0.2,0,,,1,25.61496248916471,0,extinction,0,0
52,biofilm,1.4,0.0001,0.2,1,23.62890003442758,edge,0,,214,rescue,1,1
53,biofilm,1.4,0.0001,0.2,1,14.580231151899646,core,0,,388,rescue,1,0
54,biofilm,1.4,0.0001,0.2,0,,,1,34.41826126255484,0,extinction,0,0
55,biofilm,1.4,0.0001,0.2,0,,,1,30.34080654244106,0,extinction,0,0
56,biofilm,1.4,0.0001,0.2,0,,,1,28.63268738088938,0,extinction,0,0
57,biofilm,1.4,0.0001,0.2,0,,,1,32.63059453252781,0,extinction,0,0
58,biofilm,1.4,0.0001,0.2,0,,,1,31.554746820640094,0,extinction,1,0
59,biofilm,1.4,0.0001,0.2,0,,,1,27.549608246670825,0,extinction,0,0
60,biofilm,1.4,0.0001,0.2,0,,,1,29.940648467263152,0,extinction,0,0
61,biofilm,1.4,0.0001,0.2,0,,,1,31.423065635840175,0,extinction,0,0
62,biofilm,1.4,0.0001,0.2,0,,,1,34.47632204256239,0,extinction,0,1
63,biofilm,1.4,0.0001,0.2,0,,,1,29.429388893824573,0,extinction,0,0
64,biofilm,1.4,0.0001,0.2,1,17.78080473910284,core,0,,200,rescue,1,0
65,biofilm,1.4,0.0001,0.2,0,,,1,26.976727719637,0,extinction,0,0
66,biofilm,1.4,0.0001,0.2,0,,,1,30.462721528799385,0,extinction,0,0
67,biofilm,1.4,0.0001,0.2,0,,,1,40.58048116463494,0,extinction,0,0
68,biofilm,1.4,0.0001,0.2,0,,,1,30.01830676255575,0,extinction,0,2
69,biofilm,1.4,0.0001,0.2,0,,,1,26.835919525647483,0,extinction,0,0
70,biofilm,1.4,0.0001,0.2,0,,,1,39.0091836895787,0,extinction,0,0
71,biofilm,1.4,0.0001,0.2,0,,,1,37.02553360263768,0,extinction,0,0
72,biofilm,1.4,0.0001,0.2,0,,,1,34.445204101538444,0,extinction,0,0
73,biofilm,1.4,0.0001,0.2,0,,,1,40.52501955953641,0,extinction,1,0
74,biofilm,1.4,0.0001,0.2,0,,,1,30.56346786680476,0,extinction,0,0
75,biofilm,1.4,0.0001,0.2,0,,,1,30.70231098430936,0,extinction,0,0
76,biofilm,1.4,0.0001,0.2,0,,,1,35.60377551860162,0,extinction,1,0
77,biofilm,1.4,0.0001,0.2,0,,,1,38.74929750432916,0,extinction,0,0
78,biofilm,1.4,0.0001,0.2,1,9.513915571045844,core,0,,553,rescue,1,0
79,biofilm,1.4,0.0001,0.2,0,,,1,37.28433763405603,0,extinction,0,0
80,biofilm,1.4,0.0001,0.2,0,,,1,32.75096349772738,0,extinction,0,1
81,biofilm,1.4,0.0001,0.2,1,18.753252184306223,edge,0,,337,rescue,0,1
82,biofilm,1.4,0.0001,0.2,0,,,1,30.34902848984867,0,extinction,0,0
83,biofilm,1.4,0.0001,0.2,1,22.267532748451394,edge,0,,27,rescue,0,1
84,biofilm,1.4,0.0001,0.2,0,,,1,35.39389464915935,0,extinction,0,0
85,biofilm,1.4,0.0001,0.2,0,,,1,27.474047996940584,0,extinction,0,0
86,biofilm,1.4,0.0001,0.2,0,,,1,32.845508559362685,0,extinction,0,0
87,biofilm,1.4,0.0001,0.2,0,,,1,28.631345560383277,0,extinction,0,0
88,biofilm,1.4,0.0001,0.2,0,,,1,39.584503640547055,0,extinction,1,0
89,biofilm,1.4,0.0001,0.2,0,,,1,32.18256393382416,0,extinction,0,0
90,biofilm,1.4,0.0001,0.2,0,,,1,41.594620524450754,0,extinction,0,0
91,biofilm,1.4,0.0001,0.2,0,,,1,34.74087371792182,0,extinction,1,1
92,biofilm,1.4,0.0001,0.2,0,,,1,27.066616049173884,0,extinction,0,0
93,biofilm,1.4,0.0001,0.2,0,,,1,41.17521703356149,0,extinction,0,0
94,biofilm,1.4,0.0001,0.2,1,17.29907020552251,edge,0,,385,rescue,1,1
95,biofilm,1.4,0.0001,0.2,0,,,1,27.88079569503479,0,extinction,0,0
96,biofilm,1.4,0.0001,0.2,1,22.740191618863715,edge,0,,161,rescue,0,1
97,biofilm,1.4,0.0001,0.2,0,,,1,43.08521598086885,0,extinction,0,0
98,biofilm,1.4,0.0001,0.2,0,,,1,32.92523568268503,0,extinction,0,0
99,biofilm,1.4,0.0001,0.2,1,12.36264319718248,edge,0,,399,rescue,0,1
100,biofilm,1.4,0.0001,0.2,1,12.351626899779586,edge,0,,653,rescue,0,2
101,biofilm,1.4,0.0001,0.2,0,,,1,28.511852836153945,0,extinction,0,0
102,biofilm,1.4,0.0001,0.2,0,,,1,34.44280515785231,0,extinction,0,0
103,biofilm,1.4,0.0001,0.2,0,,,1,35.59714108946824,0,extinction,0,1
104,biofilm,1.4,0.0001,0.2,1,5.901599791933285,edge,0,,775,rescue,0,2
105,biofilm,1.4,0.0001,0.2,1,7.790042937349422,edge,0,,688,rescue,0,1
106,biofilm,1.4,0.0001,0.2,0,,,1,30.72951407490852,0,extinction,0,0
107,biofilm,1.4,0.0001,0.2,0,,,1,30.39917578489187,0,extinction,1,0
108,biofilm,1.4,0.0001,0.2,0,,,1,38.2428748330391,0,extinction,0,0
109,biofilm,1.4,0.0001,0.2,0,,,1,27.116052101278044,0,extinction,0,0
110,biofilm,1.4,0.0001,0.2,1,18.79067824973379,edge,0,,160,rescue,0,1
111,biofilm,1.4,0.0001,0.2,0,,,1,40.70808717457166,0,extinction,0,0
112,biofilm,1.4,0.0001,0.2,0,,,1,35.0465121835433,0,extinction,0,0
113,biofilm,1.4,0.0001,0.2,1,14.246394480938283,edge,0,,449,rescue,0,2
114,biofilm,1.4,0.0001,0.2,0,,,1,32.469279424997374,0,extinction,0,0
115,biofilm,1.4,0.0001,0.2,0,,,1,30.888837054131734,0,extinction,0,0
116,biofilm,1.4,0.0001,0.2,1,14.406561784341823,core,0,,383,rescue,1,0
117,biofilm,1.4,0.0001,0.2,0,,,1,31.228742668011492,0,extinction,0,1
118,biofilm,1.4,0.0001,0.2,0,,,1,35.491355044085445,0,extinction,0,1
119,biofilm,1.4,0.0001,0.2,0,,,1,33.19388701021079,0,extinction,0,0
120,biofilm,1.4,0.0001,0.2,0,,,1,29.837299150550308,0,extinction,0,0
121,biofilm,1.4,0.0001,0.2,0,,,1,34.59677997479906,0,extinction,0,0
122,biofilm,1.4,0.0001,0.2,0,,,1,31.37752190032341,0,extinction,0,0
123,biofilm,1.4,0.0001,0.2,0,,,1,37.64564107137125,0,extinction,0,0
124,biofilm,1.4,0.0001,0.2,0,,,1,29.9355504902125,0,extinction,0,0
125,biofilm,1.4,0.0001,0.2,0,,,1,33.3604503452326,0,extinction,0,1
126,biofilm,1.4,0.0001,0.2,0,,,1,30.485306992908534,0,extinction,0,0
127,biofilm,1.4,0.0001,0.2,0,,,1,24.68354538976997,0,extinction,0,0
128,biofilm,1.4,0.0001,0.2,1,19.719691591109168,edge,0,,240,rescue,0,1
129,biofilm,1.4,0.0001,0.2,0,,,1,31.234577410940236,0,extinction,0,0
130,biofilm,1.4,0.0001,0.2,0,,,1,28.979590316246185,0,extinction,0,0
131,biofilm,1.4,0.0001,0.2,0,,,1,36.922637132317874,0,extinction,0,0
132,biofilm,1.4,0.0001,0.2,0,,,1,30.679464229566143,0,extinction,0,0
133,biofilm,1.4,0.0001,0.2,0,,,1,40.75698466144164,0,extinction,0,0
134,biofilm,1.4,0.0001,0.2,1,8.638188688977811,core,0,,604,rescue,1,0
135,biofilm,1.4,0.0001,0.2,0,,,1,29.806469261438775,0,extinction,1,0
136,biofilm,1.4,0.0001,0.2,0,,,1,24.843159573752136,0,extinction,0,1
137,biofilm,1.4,0.0001,0.2,0,,,1,29.73753104756144,0,extinction,0,0
138,biofilm,1.4,0.0001,0.2,1,11.837568235912478,core,0,,649,rescue,1,0
139,biofilm,1.4,0.0001,0.2,1,12.907061332326329,edge,0,,649,rescue,0,1
140,biofilm,1.4,0.0001,0.2,0,,,1,27.8763244135697,0,extinction,0,0
141,biofilm,1.4,0.0001,0.2,0,,,1,26.735501259780385,0,extinction,0,0
142,biofilm,1.4,0.0001,0.2,0,,,1,30.095041430273827,0,extinction,0,0
143,biofilm,1.4,0.0001,0.2,0,,,1,30.712290261485077,0,extinction,0,0
144,biofilm,1.4,0.0001,0.2,0,,,1,31.15081689252674,0,extinction,0,0
145,biofilm,1.4,0.0001,0.2,1,15.394145899018364,edge,0,,301,rescue,0,1
146,biofilm,1.4,0.0001,0.2,0,,,1,30.47200571572946,0,extinction,0,0
147,biofilm,1.4,0.0001,0.2,0,,,1,30.390931992915014,0,extinction,1,0
148,biofilm,1.4,0.0001,0.2,0,,,1,32.55913244001383,0,extinction,1,1
149,biofilm,1.4,0.0001,0.2,0,,,1,30.414456970054704,0,extinction,0,0
150,biofilm,1.4,0.0001,0.2,0,,,1,27.91386627226723,0,extinction,0,0
151,biofilm,1.4,0.0001,0.2,0,,,1,27.35442007970736,0,extinction,0,0
152,biofilm,1.4,0.0001,0.2,0,,,1,35.139047863546054,0,extinction,0,1
153,biofilm,1.4,0.0001,0.2,0,,,1,25.4389650794435,0,extinction,0,0
154,biofilm,1.4,0.0001,0.2,0,,,1,30.304930893742444,0,extinction,0,0
155,biofilm,1.4,0.0001,0.2,0,,,1,38.16786527120566,0,extinction,0,0
156,biofilm,1.4,0.0001,0.2,0,,,1,32.3818831884318,0,extinction,0,1
157,biofilm,1.4,0.0001,0.2,0,,,1,31.03870451367687,0,extinction,0,0
158,biofilm,1.4,0.0001,0.2,0,,,1,31.902234376643342,0,extinction,1,0
159,biofilm,1.4,0.0001,0.2,0,,,1,34.05450195441359,0,extinction,0,0
160,biofilm,1.4,0.0001,0.2,0,,,1,34.691986415997825,0,extinction,0,0
161,biofilm,1.4,0.0001,0.2,0,,,1,40.09190630981011,0,extinction,0,0
162,biofilm,1.4,0.0001,0.2,0,,,1,37.36231084016556,0,extinction,0,0
163,biofilm,1.4,0.0001,0.2,0,,,1,32.22216904988603,0,extinction,0,0
164,biofilm,1.4,0.0001,0.2,0,,,1,35.93569492763966,0,extinction,0,0
165,biofilm,1.4,0.0001,0.2,0,,,1,30.758811673453973,0,extinction,0,0
166,biofilm,1.4,0.0001,0.2,0,,,1,33.105744189235665,0,extinction,0,0
167,biofilm,1.4,0.0001,0.2,0,,,1,34.15724378666363,0,extinction,0,0
168,biofilm,1.4,0.0001,0.2,0,,,1,31.120890860504097,0,extinction,0,0
169,biofilm,1.4,0.0001,0.2,1,22.5862183636395,core,0,,108,rescue,2,1
170,biofilm,1.4,0.0001,0.2,0,,,1,33.276872762985754,0,extinction,2,1
171,biofilm,1.4,0.0001,0.2,0,,,1,26.872234238128424,0,extinction,0,1
172,biofilm,1.4,0.0001,0.2,0,,,1,23.432184876541672,0,extinction,0,0
173,biofilm,1.4,0.0001,0.2,1,24.530762707352952,edge,0,,62,rescue,0,1
174,biofilm,1.4,0.0001,0.2,0,,,1,32.84370181782121,0,extinction,0,0
175,biofilm,1.4,0.0001,0.2,0,,,1,33.429384898996304,0,extinction,0,0
176,biofilm,1.4,0.0001,0.2,0,,,1,32.72840884078589,0,extinction,0,0
177,biofilm,1.4,0.0001,0.2,0,,,1,28.46217190534325,0,extinction,1,0
178,biofilm,1.4,0.0001,0.2,0,,,1,28.85751804678744,0,extinction,0,0
179,biofilm,1.4,0.0001,0.2,0,,,1,33.53829692304251,0,extinction,0,0
180,biofilm,1.4,0.0001,0.2,0,,,1,30.18140943521684,0,extinction,1,0
181,biofilm,1.4,0.0001,0.2,0,,,1,29.708288504604177,0,extinction,0,1
182,biofilm,1.4,0.0001,0.2,0,,,1,34.854439011732694,0,extinction,0,0
183,biofilm,1.4,0.0001,0.2,0,,,1,29.65797487865096,0,extinction,0,0
184,biofilm,1.4,0.0001,0.2,1,7.370416067636634,core,0,,684,rescue,1,1
185,biofilm,1.4,0.0001,0.2,0,,,1,34.17908288198148,0,extinction,0,0
186,biofilm,1.4,0.0001,0.2,1,20.47941048203824,core,0,,333,rescue,1,0
187,biofilm,1.4,0.0001,0.2,0,,,1,38.18841512390748,0,extinction,0,0
188,biofilm,1.4,0.0001,0.2,0,,,1,30.022205136467264,0,extinction,0,0
189,biofilm,1.4,0.0001,0.2,0,,,1,25.426401966150745,0,extinction,0,0
190,biofilm,1.4,0.0001,0.2,0,,,1,30.126270976419004,0,extinction,0,0
191,biofilm,1.4,0.0001,0.2,0,,,1,35.74917510276476,0,extinction,0,0
192,biofilm,1.4,0.0001,0.2,0,,,1,28.502405618494635,0,extinction,1,1
193,biofilm,1.4,0.0001,0.2,0,,,1,28.352919464215876,0,extinction,0,0
194,biofilm,1.4,0.0001,0.2,0,,,1,37.84105783553957,0,extinction,0,0
195,biofilm,1.4,0.0001,0.2,0,,,1,31.61680843331508,0,extinction,0,0
196,biofilm,1.4,0.0001,0.2,0,,,1,30.546050883034518,0,extinction,0,0
197,biofilm,1.4,0.0001,0.2,0,,,1,39.10778170269057,0,extinction,0,0
198,biofilm,1.4,0.0001,0.2,0,,,1,29.716630588320275,0,extinction,0,1
199,biofilm,1.4,0.0001,0.2,0,,,1,45.95358558136338,0,extinction,0,0
0,biofilm,1.6,0.0001,0.2,0,,,1,21.349237021945648,0,extinction,0,0
1,biofilm,1.6,0.0001,0.2,0,,,1,20.955621556608705,0,extinction,0,0
2,biofilm,1.6,0.0001,0.2,0,,,1,22.11126720757569,0,extinction,0,0
3,biofilm,1.6,0.0001,0.2,0,,,1,26.95493963297776,0,extinction,1,1
4,biofilm,1.6,0.0001,0.2,0,,,1,22.44679321001589,0,extinction,0,0
5,biofilm,1.6,0.0001,0.2,0,,,1,21.110307187338147,0,extinction,0,1
6,biofilm,1.6,0.0001,0.2,0,,,1,21.35877369595564,0,extinction,0,0
7,biofilm,1.6,0.0001,0.2,0,,,1,22.65903609596861,0,extinction,0,0
8,biofilm,1.6,0.0001,0.2,0,,,1,15.89766471302732,0,extinction,0,0
9,biofilm,1.6,0.0001,0.2,1,12.703698844348525,edge,0,,206,rescue,0,1
10,biofilm,1.6,0.0001,0.2,1,13.65424842197256,core,0,,127,rescue,1,0
11,biofilm,1.6,0.0001,0.2,0,,,1,21.22455879047062,0,extinction,1,0
12,biofilm,1.6,0.0001,0.2,0,,,1,18.95588665805465,0,extinction,2,0
13,biofilm,1.6,0.0001,0.2,0,,,1,20.85056105204884,0,extinction,0,0
14,biofilm,1.6,0.0001,0.2,0,,,1,19.50536660469146,0,extinction,0,0
15,biofilm,1.6,0.0001,0.2,0,,,1,23.23326025057134,0,extinction,0,0
16,biofilm,1.6,0.0001,0.2,0,,,1,22.65624737020499,0,extinction,0,1
17,biofilm,1.6,0.0001,0.2,0,,,1,23.23590792222036,0,extinction,1,0
18,biofilm,1.6,0.0001,0.2,0,,,1,18.85562084472195,0,extinction,0,1
19,biofilm,1.6,0.0001,0.2,0,,,1,21.16721415235446,0,extinction,0,0
20,biofilm,1.6,0.0001,0.2,0,,,1,20.512519009132195,0,extinction,0,1
21,biofilm,1.6,0.0001,0.2,0,,,1,16.788194814914718,0,extinction,0,0
22,biofilm,1.6,0.0001,0.2,0,,,1,20.01772041984365,0,extinction,0,0
23,biofilm,1.6,0.0001,0.2,0,,,1,20.46674569046941,0,extinction,0,1
24,biofilm,1.6,0.0001,0.2,0,,,1,20.55269773920176,0,extinction,0,0
25,biofilm,1.6,0.0001,0.2,0,,,1,19.639349130823938,0,extinction,0,0
26,biofilm,1.6,0.0001,0.2,0,,,1,19.47756413423092,0,extinction,1,0
27,biofilm,1.6,0.0001,0.2,0,,,1,21.415874706571625,0,extinction,0,0
28,biofilm,1.6,0.0001,0.2,0,,,1,19.34146969766559,0,extinction,0,1
29,biofilm,1.6,0.0001,0.2,0,,,1,19.729640738854656,0,extinction,0,0
30,biofilm,1.6,0.0001,0.2,0,,,1,24.045488186213536,0,extinction,0,0
31,biofilm,1.6,0.0001,0.2,0,,,1,22.5180527923261,0,extinction,0,0
32,biofilm,1.6,0.0001,0.2,0,,,1,23.62529392708187,0,extinction,0,1
33,biofilm,1.6,0.0001,0.2,0,,,1,22.67510348746148,0,extinction,0,0
34,biofilm,1.6,0.0001,0.2,0,,,1,21.67614700121271,0,extinction,0,1
35,biofilm,1.6,0.0001,0.2,0,,,1,21.073546605841585,0,extinction,0,0
36,biofilm,1.6,0.0001,0.2,0,,,1,22.516351509469946,0,extinction,0,0
37,biofilm,1.6,0.0001,0.2,0,,,1,22.16685068103224,0,extinction,0,0
38,biofilm,1.6,0.0001,0.2,0,,,1,17.999357625058014,0,extinction,1,0
39,biofilm,1.6,0.0001,0.2,0,,,1,20.471360481920293,0,extinction,0,0
40,biofilm,1.6,0.0001,0.2,0,,,1,21.16425481353935,0,extinction,0,0
41,biofilm,1.6,0.0001,0.2,0,,,1,20.16070396135409,0,extinction,0,0
42,biofilm,1.6,0.0001,0.2,0,,,1,19.614607890402528,0,extinction,0,0
43,biofilm,1.6,0.0001,0.2,0,,,1,21.28268440532016,0,extinction,0,1
44,biofilm,1.6,0.0001,0.2,0,,,1,22.633846774508086,0,extinction,0,1
45,biofilm,1.6,0.0001,0.2,0,,,1,20.430447715166355,0,extinction,0,0
46,biofilm,1.6,0.0001,0.2,0,,,1,21.82985344476277,0,extinction,0,0
47,biofilm,1.6,0.0001,0.2,1,12.238531576603249,core,0,,169,rescue,1,0
48,biofilm,1.6,0.0001,0.2,0,,,1,18.542254756212944,0,extinction,0,0
49,biofilm,1.6,0.0001,0.2,0,,,1,20.838040184064383,0,extinction,0,0
50,biofilm,1.6,0.0001,0.2,0,,,1,18.476048088858317,0,extinction,0,0
51,biofilm,1.6,0.0001,0.2,0,,,1,19.39518010445019,0,extinction,0,0
52,biofilm,1.6,0.0001,0.2,0,,,1,23.63797170299319,0,extinction,0,0
53,biofilm,1.6,0.0001,0.2,1,13.403712274136105,core,0,,223,rescue,1,0
54,biofilm,1.6,0.0001,0.2,0,,,1,21.32987766073457,0,extinction,0,0
55,biofilm,1.6,0.0001,0.2,0,,,1,19.04550965136261,0,extinction,0,0
56,biofilm,1.6,0.0001,0.2,0,,,1,20.39161114000059,0,extinction,0,0
57,biofilm,1.6,0.0001,0.2,0,,,1,22.325392997487437,0,extinction,0,0
58,biofilm,1.6,0.0001,0.2,1,13.856545745500608,core,0,,146,rescue,1,0
59,biofilm,1.6,0.0001,0.2,0,,,1,20.46981546132015,0,extinction,0,0
60,biofilm,1.6,0.0001,0.2,0,,,1,18.844656963950463,0,extinction,0,0
61,biofilm,1.6,0.0001,0.2,0,,,1,23.47399471121425,0,extinction,0,0
62,biofilm,1.6,0.0001,0.2,0,,,1,17.417541820062915,0,extinction,0,1
63,biofilm,1.6,0.0001,0.2,0,,,1,24.372505013685966,0,extinction,0,0
64,biofilm,1.6,0.0001,0.2,0,,,1,20.58550535729651,0,extinction,1,0
65,biofilm,1.6,0.0001,0.2,0,,,1,21.00459746911792,0,extinction,0,0
66,biofilm,1.6,0.0001,0.2,0,,,1,20.548430938206703,0,extinction,0,0
67,biofilm,1.6,0.0001,0.2,0,,,1,27.755661754835703,0,extinction,0,0
68,biofilm,1.6,0.0001,0.2,0,,,1,23.69936130395112,0,extinction,0,0
69,biofilm,1.6,0.0001,0.2,0,,,1,21.34267166316543,0,extinction,0,0
70,biofilm,1.6,0.0001,0.2,0,,,1,23.941095940495103,0,extinction,0,0
71,biofilm,1.6,0.0001,0.2,0,,,1,21.56684373193752,0,extinction,0,0
72,biofilm,1.6,0.0001,0.2,0,,,1,21.224151863099493,0,extinction,0,0
73,biofilm,1.6,0.0001,0.2,0,,,1,21.2991645273018,0,extinction,0,1
74,biofilm,1.6,0.0001,0.2,0,,,1,19.482854670623823,0,extinction,0,0
75,biofilm,1.6,0.0001,0.2,0,,,1,28.05274913369122,0,extinction,0,0
76,biofilm,1.6,0.0001,0.2,0,,,1,23.27988295564177,0,extinction,0,0
77,biofilm,1.6,0.0001,0.2,0,,,1,26.950497473688213,0,extinction,0,0
78,biofilm,1.6,0.0001,0.2,1,14.368337930073777,edge,0,,120,rescue,0,1
79,biofilm,1.6,0.0001,0.2,0,,,1,21.5892587205752,0,extinction,0,0
80,biofilm,1.6,0.0001,0.2,0,,,1,21.36834335486321,0,extinction,0,1
81,biofilm,1.6,0.0001,0.2,1,20.38030962071129,edge,0,,26,rescue,0,1
82,biofilm,1.6,0.0001,0.2,0,,,1,19.6593626732808,0,extinction,0,0
83,biofilm,1.6,0.0001,0.2,0,,,1,19.90518940531481,0,extinction,0,0
84,biofilm,1.6,0.0001,0.2,0,,,1,21.163879516863396,0,extinction,0,0
85,biofilm,1.6,0.0001,0.2,0,,,1,19.207883365676707,0,extinction,0,0
86,biofilm,1.6,0.0001,0.2,0,,,1,29.124016019064403,0,extinction,0,0
87,biofilm,1.6,0.0001,0.2,0,,,1,23.491695748286254,0,extinction,0,0
88,biofilm,1.6,0.0001,0.2,1,9.111366926929083,core,0,,453,rescue,1,0
89,biofilm,1.6,0.0001,0.2,0,,,1,18.682079286975902,0,extinction,0,0
90,biofilm,1.6,0.0001,0.2,0,,,1,21.263267881336645,0,extinction,0,0
91,biofilm,1.6,0.0001,0.2,0,,,1,24.535595233747383,0,extinction,1,0
92,biofilm,1.6,0.0001,0.2,0,,,1,17.962954595064474,0,extinction,0,0
93,biofilm,1.6,0.0001,0.2,0,,,1,24.808594946862645,0,extinction,0,0
94,biofilm,1.6,0.0001,0.2,1,25.05653678957665,edge,0,,10,rescue,0,1
95,biofilm,1.6,0.0001,0.2,0,,,1,19.859418417603127,0,extinction,0,0
96,biofilm,1.6,0.0001,0.2,0,,,1,19.82878180264268,0,extinction,0,0
97,biofilm,1.6,0.0001,0.2,0,,,1,21.46597951798186,0,extinction,0,0
98,biofilm,1.6,0.0001,0.2,0,,,1,25.43233477713452,0,extinction,0,0
99,biofilm,1.6,0.0001,0.2,0,,,1,20.85419460063165,0,extinction,0,1
100,biofilm,1.6,0.0001,0.2,1,10.605233644105912,edge,0,,414,rescue,0,1
101,biofilm,1.6,0.0001,0.2,0,,,1,22.207428117190396,0,extinction,0,0
102,biofilm,1.6,0.0001,0.2,0,,,1,18.84602288966484,0,extinction,0,0
103,biofilm,1.6,0.0001,0.2,0,,,1,19.925392187392134,0,extinction,0,0
104,biofilm,1.6,0.0001,0.2,1,5.612791690155908,edge,0,,636,rescue,0,2
105,biofilm,1.6,0.0001,0.2,0,,,1,22.809736781506984,0,extinction,0,0
106,biofilm,1.6,0.0001,0.2,0,,,1,21.7771006533925,0,extinction,0,0
107,biofilm,1.6,0.0001,0.2,0,,,1,24.62132186903781,0,extinction,0,0
108,biofilm,1.6,0.0001,0.2,0,,,1,22.368495648076756,0,extinction,0,0
109,biofilm,1.6,0.0001,0.2,0,,,1,22.632932637216825,0,extinction,0,0
110,biofilm,1.6,0.0001,0.2,0,,,1,22.238986626250156,0,extinction,0,1
111,biofilm,1.6,0.0001,0.2,0,,,1,24.092831469763475,0,extinction,0,0
112,biofilm,1.6,0.0001,0.2,0,,,1,24.200627764392557,0,extinction,0,0
113,biofilm,1.6,0.0001,0.2,1,2.5890315182458634,edge,0,,950,rescue,0,1
114,biofilm,1.6,0.0001,0.2,0,,,1,23.52410067909354,0,extinction,0,1
115,biofilm,1.6,0.0001,0.2,0,,,1,21.527249543130846,0,extinction,0,0
116,biofilm,1.6,0.0001,0.2,0,,,1,22.333214225348936,0,extinction,1,0
117,biofilm,1.6,0.0001,0.2,1,9.408635372787412,edge,0,,549,rescue,0,1
118,biofilm,1.6,0.0001,0.2,0,,,1,20.75875743128548,0,extinction,0,0
119,biofilm,1.6,0.0001,0.2,0,,,1,30.048361898174864,0,extinction,0,0
120,biofilm,1.6,0.0001,0.2,0,,,1,25.23810476070865,0,extinction,0,0
121,biofilm,1.6,0.0001,0.2,0,,,1,23.588991958294145,0,extinction,0,0
122,biofilm,1.6,0.0001,0.2,0,,,1,21.282018102021688,0,extinction,0,0
123,biofilm,1.6,0.0001,0.2,1,13.27079083399691,core,0,,278,rescue,1,0
124,biofilm,1.6,0.0001,0.2,0,,,1,17.78050151348421,0,extinction,0,0
125,biofilm,1.6,0.0001,0.2,0,,,1,23.285375488681723,0,extinction,0,0
126,biofilm,1.6,0.0001,0.2,0,,,1,22.17222708479172,0,extinction,0,0
127,biofilm,1.6,0.0001,0.2,0,,,1,27.857948705528763,0,extinction,0,0
128,biofilm,1.6,0.0001,0.2,0,,,1,18.681263625598078,0,extinction,0,0
129,biofilm,1.6,0.0001,0.2,0,,,1,20.02340178294372,0,extinction,0,0
130,biofilm,1.6,0.0001,0.2,0,,,1,19.832488319638905,0,extinction,0,0
131,biofilm,1.6,0.0001,0.2,0,,,1,23.52233791023757,0,extinction,0,0
132,biofilm,1.6,0.0001,0.2,0,,,1,22.17816385176464,0,extinction,0,0
133,biofilm,1.6,0.0001,0.2,0,,,1,21.05798168050636,0,extinction,0,0
134,biofilm,1.6,0.0001,0.2,1,8.709342046508597,core,0,,412,rescue,1,0
135,biofilm,1.6,0.0001,0.2,0,,,1,23.766408976711347,0,extinction,1,0
136,biofilm,1.6,0.0001,0.2,0,,,1,20.112404601815904,0,extinction,0,0
137,biofilm,1.6,0.0001,0.2,0,,,1,23.079651696543117,0,extinction,0,0
138,biofilm,1.6,0.0001,0.2,0,,,1,25.82926388898709,0,extinction,0,0
139,biofilm,1.6,0.0001,0.2,0,,,1,22.91303841727061,0,extinction,0,0
140,biofilm,1.6,0.0001,0.2,0,,,1,23.51786754182085,0,extinction,0,0
141,biofilm,1.6,0.0001,0.2,0,,,1,22.201066830867987,0,extinction,0,0
142,biofilm,1.6,0.0001,0.2,0,,,1,22.031533707564087,0,extinction,0,0
143,biofilm,1.6,0.0001,0.2,0,,,1,23.620214325824808,0,extinction,0,1
144,biofilm,1.6,0.0001,0.2,0,,,1,22.67690215814591,0,extinction,2,0
145,biofilm,1.6,0.0001,0.2,0,,,1,19.53421902808091,0,extinction,0,0
146,biofilm,1.6,0.0001,0.2,0,,,1,21.97224147324031,0,extinction,0,0
147,biofilm,1.6,0.0001,0.2,0,,,1,23.857001421325545,0,extinction,1,0
148,biofilm,1.6,0.0001,0.2,0,,,1,22.16100587799858,0,extinction,0,0
149,biofilm,1.6,0.0001,0.2,0,,,1,19.475286567019765,0,extinction,0,0
150,biofilm,1.6,0.0001,0.2,0,,,1,21.092436245526983,0,extinction,0,0
151,biofilm,1.6,0.0001,0.2,0,,,1,22.118219530622028,0,extinction,0,0
152,biofilm,1.6,0.0001,0.2,0,,,1,20.650628264265315,0,extinction,0,0
153,biofilm,1.6,0.0001,0.2,0,,,1,22.375929307726548,0,extinction,0,0
154,biofilm,1.6,0.0001,0.2,0,,,1,18.827572305736908,0,extinction,0,0
155,biofilm,1.6,0.0001,0.2,0,,,1,23.58628083938972,0,extinction,0,0
156,biofilm,1.6,0.0001,0.2,0,,,1,19.765482047813965,0,extinction,0,0
157,biofilm,1.6,0.0001,0.2,0,,,1,21.406785700006598,0,extinction,0,0
158,biofilm,1.6,0.0001,0.2,0,,,1,21.490142145323187,0,extinction,0,0
159,biofilm,1.6,0.0001,0.2,0,,,1,21.49462471053696,0,extinction,0,0
160,biofilm,1.6,0.0001,0.2,0,,,1,22.65689605309104,0,extinction,0,0
161,biofilm,1.6,0.0001,0.2,0,,,1,21.90533413608592,0,extinction,0,0
162,biofilm,1.6,0.0001,0.2,0,,,1,22.20705532152335,0,extinction,0,0
163,biofilm,1.6,0.0001,0.2,0,,,1,21.73747906126974,0,extinction,0,0
164,biofilm,1.6,0.0001,0.2,0,,,1,19.85614056812592,0,extinction,0,0
165,biofilm,1.6,0.0001,0.2,0,,,1,27.74349156438611,0,extinction,0,0
166,biofilm,1.6,0.0001,0.2,0,,,1,24.109473680044665,0,extinction,0,0
167,biofilm,1.6,0.0001,0.2,1,21.01861411331412,edge,0,,10,rescue,0,1
168,biofilm,1.6,0.0001,0.2,0,,,1,25.64673210251391,0,extinction,0,0
169,biofilm,1.6,0.0001,0.2,1,9.31082594523555,core,0,,557,rescue,2,0
170,biofilm,1.6,0.0001,0.2,1,11.940036772150895,core,0,,411,rescue,2,1
171,biofilm,1.6,0.0001,0.2,0,,,1,22.493397834115697,0,extinction,0,0
172,biofilm,1.6,0.0001,0.2,0,,,1,20.60518427766879,0,extinction,0,0
173,biofilm,1.6,0.0001,0.2,0,,,1,24.959233376786614,0,extinction,0,0
174,biofilm,1.6,0.0001,0.2,0,,,1,21.9974504484531,0,extinction,0,0
175,biofilm,1.6,0.0001,0.2,0,,,1,28.50686105677177,0,extinction,0,0
176,biofilm,1.6,0.0001,0.2,0,,,1,22.64311392345521,0,extinction,0,1
177,biofilm,1.6,0.0001,0.2,0,,,1,19.989898317149407,0,extinction,1,0
178,biofilm,1.6,0.0001,0.2,0,,,1,19.874877864086564,0,extinction,0,0
179,biofilm,1.6,0.0001,0.2,0,,,1,21.689175097721368,0,extinction,0,0
180,biofilm,1.6,0.0001,0.2,1,13.178344015845402,core,0,,119,rescue,1,0
181,biofilm,1.6,0.0001,0.2,0,,,1,22.14440601898775,0,extinction,0,1
182,biofilm,1.6,0.0001,0.2,0,,,1,23.689096206857148,0,extinction,0,0
183,biofilm,1.6,0.0001,0.2,0,,,1,21.378561079688996,0,extinction,0,0
184,biofilm,1.6,0.0001,0.2,0,,,1,24.071384415158256,0,extinction,0,1
185,biofilm,1.6,0.0001,0.2,0,,,1,19.781268434380056,0,extinction,0,0
186,biofilm,1.6,0.0001,0.2,0,,,1,22.864239817005192,0,extinction,1,0
187,biofilm,1.6,0.0001,0.2,0,,,1,25.803894198922176,0,extinction,0,0
188,biofilm,1.6,0.0001,0.2,0,,,1,24.202104437188897,0,extinction,0,0
189,biofilm,1.6,0.0001,0.2,0,,,1,21.9570205378271,0,extinction,0,0
190,biofilm,1.6,0.0001,0.2,0,,,1,24.94713429955945,0,extinction,0,0
191,biofilm,1.6,0.0001,0.2,0,,,1,20.91483791791307,0,extinction,0,0
192,biofilm,1.6,0.0001,0.2,1,13.166626747078771,core,0,,122,rescue,1,1
193,biofilm,1.6,0.0001,0.2,0,,,1,20.74387338061466,0,extinction,0,0
194,biofilm,1.6,0.0001,0.2,0,,,1,25.716257216629412,0,extinction,0,0
195,biofilm,1.6,0.0001,0.2,0,,,1,23.428906124639344,0,extinction,0,0
196,biofilm,1.6,0.0001,0.2,0,,,1,23.55658076321401,0,extinction,0,0
197,biofilm,1.6,0.0001,0.2,0,,,1,22.906788505502224,0,extinction,0,0
198,biofilm,1.6,0.0001,0.2,1,13.245702465393228,edge,0,,185,rescue,0,2
199,biofilm,1.6,0.0001,0.2,0,,,1,22.380575379200277,0,extinction,0,0
0,biofilm,1.9,0.0001,0.2,0,,,1,15.122989969821116,0,extinction,0,0
1,biofilm,1.9,0.0001,0.2,0,,,1,16.11976316981122,0,extinction,0,0
2,biofilm,1.9,0.0001,0.2,0,,,1,13.87898216907457,0,extinction,0,0
3,biofilm,1.9,0.0001,0.2,0,,,1,14.643150630171268,0,extinction,0,1
4,biofilm,1.9,0.0001,0.2,0,,,1,17.8780351355231,0,extinction,0,0
5,biofilm,1.9,0.0001,0.2,1,13.83716545658095,edge,0,,10,rescue,0,2
6,biofilm,1.9,0.0001,0.2,0,,,1,17.08009653252664,0,extinction,0,0
7,biofilm,1.9,0.0001,0.2,0,,,1,15.545796808490037,0,extinction,0,0
8,biofilm,1.9,0.0001,0.2,0,,,1,11.659402881196822,0,extinction,0,0
9,biofilm,1.9,0.0001,0.2,0,,,1,15.508098434746255,0,extinction,0,1
10,biofilm,1.9,0.0001,0.2,0,,,1,13.688148138315384,0,extinction,0,1
11,biofilm,1.9,0.0001,0.2,1,11.195226259718876,core,0,,49,rescue,1,0
12,biofilm,1.9,0.0001,0.2,0,,,1,19.628853828208072,0,extinction,1,0
13,biofilm,1.9,0.0001,0.2,0,,,1,16.66241141233281,0,extinction,0,0
14,biofilm,1.9,0.0001,0.2,0,,,1,13.76285846442251,0,extinction,0,0
15,biofilm,1.9,0.0001,0.2,0,,,1,15.78102283088838,0,extinction,0,0
16,biofilm,1.9,0.0001,0.2,0,,,1,15.66917741346909,0,extinction,0,0
17,biofilm,1.9,0.0001,0.2,0,,,1,15.140385320116282,0,extinction,0,0
18,biofilm,1.9,0.0001,0.2,0,,,1,15.995980545127791,0,extinction,0,0
19,biofilm,1.9,0.0001,0.2,0,,,1,18.214152455811927,0,extinction,0,0
20,biofilm,1.9,0.0001,0.2,0,,,1,13.620829590127684,0,extinction,0,1
21,biofilm,1.9,0.0001,0.2,0,,,1,14.121811315683646,0,extinction,0,0
22,biofilm,1.9,0.0001,0.2,0,,,1,15.047768969339456,0,extinction,0,0
23,biofilm,1.9,0.0001,0.2,1,3.272986813332073,edge,0,,697,rescue,0,1
24,biofilm,1.9,0.0001,0.2,0,,,1,15.866624273920513,0,extinction,0,0
25,biofilm,1.9,0.0001,0.2,0,,,1,13.628230332551388,0,extinction,0,0
26,biofilm,1.9,0.0001,0.2,0,,,1,14.163322700830996,0,extinction,1,0
27,biofilm,1.9,0.0001,0.2,0,,,1,20.389681660241767,0,extinction,0,0
28,biofilm,1.9,0.0001,0.2,1,12.6486712207889,core,0,,10,rescue,1,0
29,biofilm,1.9,0.0001,0.2,0,,,1,15.480785069741636,0,extinction,0,0
30,biofilm,1.9,0.0001,0.2,0,,,1,13.29935563037498,0,extinction,0,0
31,biofilm,1.9,0.0001,0.2,0,,,1,13.288972851538777,0,extinction,0,0
32,biofilm,1.9,0.0001,0.2,1,8.549442258159257,edge,0,,275,rescue,0,1
33,biofilm,1.9,0.0001,0.2,0,,,1,16.945152229021716,0,extinction,0,0
34,biofilm,1.9,0.0001,0.2,0,,,1,22.47796763265637,0,extinction,1,1
35,biofilm,1.9,0.0001,0.2,0,,,1,18.60465538692984,0,extinction,0,0
36,biofilm,1.9,0.0001,0.2,0,,,1,13.405435019016746,0,extinction,0,0
37,biofilm,1.9,0.0001,0.2,0,,,1,14.385043975329356,0,extinction,0,0
38,biofilm,1.9,0.0001,0.2,0,,,1,13.824662782929254,0,extinction,1,0
39,biofilm,1.9,0.0001,0.2,0,,,1,15.532606501119014,0,extinction,0,0
40,biofilm,1.9,0.0001,0.2,0,,,1,15.36965666307018,0,extinction,0,0
41,biofilm,1.9,0.0001,0.2,0,,,1,13.688801003048804,0,extinction,0,0
42,biofilm,1.9,0.0001,0.2,0,,,1,13.150552001812546,0,extinction,0,0
43,biofilm,1.9,0.0001,0.2,0,,,1,15.82987890101032,0,extinction,0,0
44,biofilm,1.9,0.0001,0.2,0,,,1,20.34416555679602,0,extinction,0,0
45,biofilm,1.9,0.0001,0.2,0,,,1,13.28943292425355,0,extinction,0,0
46,biofilm,1.9,0.0001,0.2,0,,,1,13.869751331100357,0,extinction,0,0
47,biofilm,1.9,0.0001,0.2,0,,,1,13.320577345950229,0,extinction,0,0
48,biofilm,1.9,0.0001,0.2,0,,,1,12.993753383984863,0,extinction,0,0
49,biofilm,1.9,0.0001,0.2,0,,,1,14.887458953780785,0,extinction,0,0
50,biofilm,1.9,0.0001,0.2,0,,,1,13.613658959889175,0,extinction,0,0
51,biofilm,1.9,0.0001,0.2,0,,,1,13.720419709334708,0,extinction,0,0
52,biofilm,1.9,0.0001,0.2,0,,,1,15.034329528861257,0,extinction,0,0
53,biofilm,1.9,0.0001,0.2,0,,,1,13.853294369105232,0,extinction,1,0
54,biofilm,1.9,0.0001,0.2,0,,,1,15.529871193528567,0,extinction,0,0
55,biofilm,1.9,0.0001,0.2,0,,,1,14.213106160220075,0,extinction,0,0
56,biofilm,1.9,0.0001,0.2,0,,,1,16.10339539923827,0,extinction,0,0
57,biofilm,1.9,0.0001,0.2,0,,,1,14.718380425143602,0,extinction,0,0
58,biofilm,1.9,0.0001,0.2,0,,,1,14.297763629198034,0,extinction,0,0
59,biofilm,1.9,0.0001,0.2,0,,,1,13.241178162468046,0,extinction,0,0
60,biofilm,1.9,0.0001,0.2,0,,,1,12.709323047208205,0,extinction,0,0
61,biofilm,1.9,0.0001,0.2,0,,,1,15.398856500704806,0,extinction,0,0
62,biofilm,1.9,0.0001,0.2,0,,,1,14.023810339998688,0,extinction,0,1
63,biofilm,1.9,0.0001,0.2,0,,,1,16.62579448813979,0,extinction,0,0
64,biofilm,1.9,0.0001,0.2,0,,,1,13.333835405944532,0,extinction,1,0
65,biofilm,1.9,0.0001,0.2,0,,,1,15.108095492589731,0,extinction,0,1
66,biofilm,1.9,0.0001,0.2,0,,,1,14.194303808574478,0,extinction,0,0
67,biofilm,1.9,0.0001,0.2,0,,,1,15.677555835412353,0,extinction,0,0
68,biofilm,1.9,0.0001,0.2,0,,,1,14.82831621871875,0,extinction,0,0
69,biofilm,1.9,0.0001,0.2,0,,,1,14.450141378296028,0,extinction,0,0
70,biofilm,1.9,0.0001,0.2,0,,,1,18.01996865212296,0,extinction,0,0
71,biofilm,1.9,0.0001,0.2,0,,,1,14.317848341965949,0,extinction,0,0
72,biofilm,1.9,0.0001,0.2,0,,,1,13.726588716262436,0,extinction,0,0
73,biofilm,1.9,0.0001,0.2,0,,,1,16.121671888877422,0,extinction,0,0
74,biofilm,1.9,0.0001,0.2,0,,,1,15.678659947512124,0,extinction,0,0
75,biofilm,1.9,0.0001,0.2,0,,,1,15.687080444137552,0,extinction,0,0
76,biofilm,1.9,0.0001,0.2,0,,,1,15.204041737668714,0,extinction,1,0
77,biofilm,1.9,0.0001,0.2,0,,,1,17.233496282588767,0,extinction,0,0
78,biofilm,1.9,0.0001,0.2,0,,,1,16.360901976744195,0,extinction,0,1
79,biofilm,1.9,0.0001,0.2,0,,,1,14.451570884724529,0,extinction,0,0
80,biofilm,1.9,0.0001,0.2,0,,,1,14.726232151989295,0,extinction,0,0
81,biofilm,1.9,0.0001,0.2,0,,,1,14.900099760438788,0,extinction,0,0
82,biofilm,1.9,0.0001,0.2,0,,,1,14.811446554607311,0,extinction,0,0
83,biofilm,1.9,0.0001,0.2,0,,,1,13.079072619646206,0,extinction,0,0
84,biofilm,1.9,0.0001,0.2,0,,,1,15.361550861489633,0,extinction,0,0
85,biofilm,1.9,0.0001,0.2,0,,,1,14.889635933149076,0,extinction,0,0
86,biofilm,1.9,0.0001,0.2,0,,,1,16.657776823551334,0,extinction,0,0
87,biofilm,1.9,0.0001,0.2,0,,,1,15.70274946164609,0,extinction,0,0
88,biofilm,1.9,0.0001,0.2,0,,,1,14.853454625362502,0,extinction,0,1
89,biofilm,1.9,0.0001,0.2,0,,,1,13.67674274828066,0,extinction,0,0
90,biofilm,1.9,0.0001,0.2,0,,,1,15.368056656343304,0,extinction,0,0
91,biofilm,1.9,0.0001,0.2,0,,,1,14.153155353973045,0,extinction,1,1
92,biofilm,1.9,0.0001,0.2,0,,,1,14.467291705378786,0,extinction,0,0
93,biofilm,1.9,0.0001,0.2,0,,,1,13.972000901969878,0,extinction,0,0
94,biofilm,1.9,0.0001,0.2,0,,,1,14.308874991644297,0,extinction,0,0
95,biofilm,1.9,0.0001,0.2,0,,,1,15.683954866002445,0,extinction,0,0
96,biofilm,1.9,0.0001,0.2,0,,,1,14.99330851331104,0,extinction,0,0
97,biofilm,1.9,0.0001,0.2,0,,,1,15.422048114196578,0,extinction,0,0
98,biofilm,1.9,0.0001,0.2,0,,,1,12.621701637026636,0,extinction,0,0
99,biofilm,1.9,0.0001,0.2,0,,,1,14.612785676479014,0,extinction,0,0
100,biofilm,1.9,0.0001,0.2,0,,,1,13.501598278387448,0,extinction,0,0
101,biofilm,1.9,0.0001,0.2,0,,,1,15.518161271482937,0,extinction,0,0
102,biofilm,1.9,0.0001,0.2,0,,,1,16.892958357441135,0,extinction,0,0
103,biofilm,1.9,0.0001,0.2,0,,,1,17.449686977166856,0,extinction,0,0
104,biofilm,1.9,0.0001,0.2,1,8.711768466307655,edge,0,,171,rescue,0,1
105,biofilm,1.9,0.0001,0.2,0,,,1,15.131272228300393,0,extinction,0,0
106,biofilm,1.9,0.0001,0.2,0,,,1,14.437354177959635,0,extinction,0,0
107,biofilm,1.9,0.0001,0.2,0,,,1,16.554609192632668,0,extinction,0,0
108,biofilm,1.9,0.0001,0.2,0,,,1,14.763214405843549,0,extinction,0,0
109,biofilm,1.9,0.0001,0.2,0,,,1,14.45992831613198,0,extinction,0,0
110,biofilm,1.9,0.0001,0.2,0,,,1,15.513489841806084,0,extinction,0,0
111,biofilm,1.9,0.0001,0.2,0,,,1,14.401426789785235,0,extinction,0,0
112,biofilm,1.9,0.0001,0.2,0,,,1,13.99255242472918,0,extinction,0,0
113,biofilm,1.9,0.0001,0.2,0,,,1,20.507253346650334,0,extinction,0,0
114,biofilm,1.9,0.0001,0.2,0,,,1,16.209840552340275,0,extinction,0,0
115,biofilm,1.9,0.0001,0.2,0,,,1,15.298610307600114,0,extinction,0,0
116,biofilm,1.9,0.0001,0.2,1,9.2982482610262,edge,0,,192,rescue,0,1
117,biofilm,1.9,0.0001,0.2,0,,,1,15.689924244101649,0,extinction,0,0
118,biofilm,1.9,0.0001,0.2,0,,,1,14.38492587464531,0,extinction,0,0
119,biofilm,1.9,0.0001,0.2,0,,,1,14.94857157055868,0,extinction,0,0
120,biofilm,1.9,0.0001,0.2,0,,,1,17.87030992877986,0,extinction,0,0
121,biofilm,1.9,0.0001,0.2,0,,,1,14.927662966133914,0,extinction,0,0
122,biofilm,1.9,0.0001,0.2,0,,,1,17.36155326728503,0,extinction,0,0
123,biofilm,1.9,0.0001,0.2,0,,,1,12.840945703556384,0,extinction,0,0
124,biofilm,1.9,0.0001,0.2,0,,,1,14.235362383252484,0,extinction,0,0
125,biofilm,1.9,0.0001,0.2,0,,,1,13.654754426147282,0,extinction,0,0
126,biofilm,1.9,0.0001,0.2,0,,,1,13.901633239899173,0,extinction,0,0
127,biofilm,1.9,0.0001,0.2,0,,,1,16.01637878876263,0,extinction,0,0
128,biofilm,1.9,0.0001,0.2,0,,,1,17.31956158175481,0,extinction,0,0
129,biofilm,1.9,0.0001,0.2,0,,,1,15.16949455820462,0,extinction,0,0
130,biofilm,1.9,0.0001,0.2,0,,,1,13.92602002517764,0,extinction,0,1
131,biofilm,1.9,0.0001,0.2,0,,,1,16.44172041923453,0,extinction,0,0
132,biofilm,1.9,0.0001,0.2,0,,,1,16.14569136035246,0,extinction,0,0
133,biofilm,1.9,0.0001,0.2,0,,,1,14.636805053215628,0,extinction,0,0
134,biofilm,1.9,0.0001,0.2,0,,,1,15.063144559817928,0,extinction,1,0
135,biofilm,1.9,0.0001,0.2,0,,,1,16.958919714440093,0,extinction,0,0
136,biofilm,1.9,0.0001,0.2,0,,,1,14.94810876989016,0,extinction,0,1
137,biofilm,1.9,0.0001,0.2,0,,,1,15.053005154816905,0,extinction,0,0
138,biofilm,1.9,0.0001,0.2,0,,,1,16.724263101413822,0,extinction,0,0
139,biofilm,1.9,0.0001,0.2,0,,,1,17.242572951595754,0,extinction,0,0
140,biofilm,1.9,0.0001,0.2,0,,,1,14.99463675200867,0,extinction,0,0
141,biofilm,1.9,0.0001,0.2,0,,,1,15.603347492543332,0,extinction,0,0
142,biofilm,1.9,0.0001,0.2,0,,,1,15.941927422785936,0,extinction,0,0
143,biofilm,1.9,0.0001,0.2,0,,,1,13.9860531371834,0,extinction,0,0
144,biofilm,1.9,0.0001,0.2,0,,,1,17.639393925288186,0,extinction,0,1
145,biofilm,1.9,0.0001,0.2,0,,,1,14.196767385049712,0,extinction,0,0
146,biofilm,1.9,0.0001,0.2,0,,,1,15.21626841867174,0,extinction,0,0
147,biofilm,1.9,0.0001,0.2,0,,,1,13.865230081317335,0,extinction,0,0
148,biofilm,1.9,0.0001,0.2,0,,,1,13.093004164480131,0,extinction,1,0
149,biofilm,1.9,0.0001,0.2,0,,,1,13.70751342087628,0,extinction,0,0
150,biofilm,1.9,0.0001,0.2,0,,,1,14.497071440896272,0,extinction,0,0
151,biofilm,1.9,0.0001,0.2,0,,,1,14.991837083337517,0,extinction,0,0
152,biofilm,1.9,0.0001,0.2,0,,,1,13.904719609648732,0,extinction,0,0
153,biofilm,1.9,0.0001,0.2,0,,,1,12.345141264060022,0,extinction,0,0
154,biofilm,1.9,0.0001,0.2,0,,,1,12.92252390037608,0,extinction,0,0
155,biofilm,1.9,0.0001,0.2,0,,,1,18.055924276364586,0,extinction,0,0
156,biofilm,1.9,0.0001,0.2,0,,,1,15.611081617827503,0,extinction,1,0
157,biofilm,1.9,0.0001,0.2,0,,,1,18.448304458438532,0,extinction,0,0
158,biofilm,1.9,0.0001,0.2,0,,,1,18.728816485411105,0,extinction,0,0
159,biofilm,1.9,0.0001,0.2,0,,,1,15.604087608438345,0,extinction,0,0
160,biofilm,1.9,0.0001,0.2,0,,,1,15.290778600952615,0,extinction,0,0
161,biofilm,1.9,0.0001,0.2,0,,,1,15.331831563271678,0,extinction,0,0
162,biofilm,1.9,0.0001,0.2,0,,,1,14.576183892924874,0,extinction,0,0
163,biofilm,1.9,0.0001,0.2,0,,,1,13.507514973524886,0,extinction,0,0
164,biofilm,1.9,0.0001,0.2,0,,,1,12.11509326127824,0,extinction,0,0
165,biofilm,1.9,0.0001,0.2,0,,,1,14.132064519396804,0,extinction,0,0
166,biofilm,1.9,0.0001,0.2,0,,,1,17.59925214737221,0,extinction,0,0
167,biofilm,1.9,0.0001,0.2,0,,,1,15.256064510531989,0,extinction,0,0
168,biofilm,1.9,0.0001,0.2,0,,,1,15.990031050126165,0,extinction,0,0
169,biofilm,1.9,0.0001,0.2,1,11.625216252407396,core,0,,55,rescue,1,0
170,biofilm,1.9,0.0001,0.2,1,15.488562158689938,core,0,,10,rescue,1,1
171,biofilm,1.9,0.0001,0.2,0,,,1,12.852237364977096,0,extinction,0,0
172,biofilm,1.9,0.0001,0.2,1,10.817778210634508,edge,0,,54,rescue,0,1
173,biofilm,1.9,0.0001,0.2,0,,,1,13.805244282459752,0,extinction,0,0
174,biofilm,1.9,0.0001,0.2,0,,,1,14.0214561602852,0,extinction,0,0
175,biofilm,1.9,0.0001,0.2,0,,,1,16.630281524957613,0,extinction,0,0
176,biofilm,1.9,0.0001,0.2,0,,,1,14.509242014753893,0,extinction,0,0
177,biofilm,1.9,0.0001,0.2,0,,,1,13.709096901247248,0,extinction,0,0
178,biofilm,1.9,0.0001,0.2,0,,,1,16.289864996225294,0,extinction,0,0
179,biofilm,1.9,0.0001,0.2,0,,,1,15.043734703151545,0,extinction,0,0
180,biofilm,1.9,0.0001,0.2,0,,,1,12.222258585876578,0,extinction,0,0
181,biofilm,1.9,0.0001,0.2,0,,,1,14.125720333642615,0,extinction,0,0
182,biofilm,1.9,0.0001,0.2,0,,,1,18.47874479115913,0,extinction,0,0
183,biofilm,1.9,0.0001,0.2,0,,,1,17.258548244022357,0,extinction,0,0
184,biofilm,1.9,0.0001,0.2,0,,,1,13.286228805978242,0,extinction,0,0
185,biofilm,1.9,0.0001,0.2,0,,,1,17.80905034978707,0,extinction,0,0
186,biofilm,1.9,0.0001,0.2,0,,,1,16.066507511983303,0,extinction,0,0
187,biofilm,1.9,0.0001,0.2,0,,,1,15.737394472168512,0,extinction,0,0
188,biofilm,1.9,0.0001,0.2,0,,,1,12.896814356340888,0,extinction,0,0
189,biofilm,1.9,0.0001,0.2,0,,,1,14.737613687888334,0,extinction,0,0
190,biofilm,1.9,0.0001,0.2,0,,,1,15.02694302972959,0,extinction,0,0
191,biofilm,1.9,0.0001,0.2,0,,,1,16.58828111491298,0,extinction,0,0
192,biofilm,1.9,0.0001,0.2,0,,,1,14.241491796143691,0,extinction,1,0
193,biofilm,1.9,0.0001,0.2,0,,,1,17.323276834234893,0,extinction,0,1
194,biofilm,1.9,0.0001,0.2,0,,,1,12.477579563351574,0,extinction,0,0
195,biofilm,1.9,0.0001,0.2,0,,,1,16.043501507932262,0,extinction,0,0
196,biofilm,1.9,0.0001,0.2,0,,,1,15.265222707757475,0,extinction,0,0
197,biofilm,1.9,0.0001,0.2,0,,,1,14.553195233629651,0,extinction,0,0
198,biofilm,1.9,0.0001,0.2,0,,,1,14.138023346022342,0,extinction,0,0
199,biofilm,1.9,0.0001,0.2,0,,,1,15.6390276671457,0,extinction,0,0
0,biofilm,2.3,0.0001,0.2,0,,,1,13.622758150023236,0,extinction,0,0
1,biofilm,2.3,0.0001,0.2,0,,,1,11.76482011273883,0,extinction,0,0
2,biofilm,2.3,0.0001,0.2,0,,,1,9.575849399670426,0,extinction,0,0
3,biofilm,2.3,0.0001,0.2,0,,,1,9.760517511864894,0,extinction,0,0
4,biofilm,2.3,0.0001,0.2,0,,,1,10.541697581874589,0,extinction,0,0
5,biofilm,2.3,0.0001,0.2,0,,,1,10.994152967922618,0,extinction,0,1
6,biofilm,2.3,0.0001,0.2,0,,,1,10.112039827259546,0,extinction,0,0
7,biofilm,2.3,0.0001,0.2,0,,,1,10.269725322250489,0,extinction,0,0
8,biofilm,2.3,0.0001,0.2,0,,,1,9.300196236049548,0,extinction,0,0
9,biofilm,2.3,0.0001,0.2,0,,,1,14.714700921492708,0,extinction,0,0
10,biofilm,2.3,0.0001,0.2,0,,,1,10.467878094436692,0,extinction,0,0
11,biofilm,2.3,0.0001,0.2,0,,,1,10.107180694300828,0,extinction,0,0
12,biofilm,2.3,0.0001,0.2,0,,,1,9.428742638232718,0,extinction,1,0
13,biofilm,2.3,0.0001,0.2,0,,,1,10.351348626943686,0,extinction,0,0
14,biofilm,2.3,0.0001,0.2,1,10.128584928919604,edge,0,,10,rescue,0,1
15,biofilm,2.3,0.0001,0.2,0,,,1,12.305490212654393,0,extinction,0,0
16,biofilm,2.3,0.0001,0.2,0,,,1,9.891827382220685,0,extinction,0,0
17,biofilm,2.3,0.0001,0.2,0,,,1,10.68567760018268,0,extinction,0,0
18,biofilm,2.3,0.0001,0.2,0,,,1,9.634041881635593,0,extinction,0,0
19,biofilm,2.3,0.0001,0.2,0,,,1,9.724534410676686,0,extinction,0,0
20,biofilm,2.3,0.0001,0.2,0,,,1,11.068407985386983,0,extinction,0,0
21,biofilm,2.3,0.0001,0.2,0,,,1,9.439320527263254,0,extinction,0,0
22,biofilm,2.3,0.0001,0.2,0,,,1,9.867883291535858,0,extinction,0,0
23,biofilm,2.3,0.0001,0.2,1,4.4143633498217945,edge,0,,369,rescue,0,1
24,biofilm,2.3,0.0001,0.2,0,,,1,8.43938113530264,0,extinction,0,0
25,biofilm,2.3,0.0001,0.2,0,,,1,9.74713521579737,0,extinction,0,0
26,biofilm,2.3,0.0001,0.2,0,,,1,9.661718440686768,0,extinction,1,0
27,biofilm,2.3,0.0001,0.2,0,,,1,11.232364523058129,0,extinction,0,0
28,biofilm,2.3,0.0001,0.2,0,,,1,10.248306713949514,0,extinction,0,0
29,biofilm,2.3,0.0001,0.2,0,,,1,10.101593772865549,0,extinction,0,0
30,biofilm,2.3,0.0001,0.2,0,,,1,9.730716743252811,0,extinction,0,0
31,biofilm,2.3,0.0001,0.2,0,,,1,9.216991656466746,0,extinction,0,0
32,biofilm,2.3,0.0001,0.2,0,,,1,8.645614572315763,0,extinction,0,0
33,biofilm,2.3,0.0001,0.2,0,,,1,11.169896876076644,0,extinction,0,0
34,biofilm,2.3,0.0001,0.2,1,4.401977010636959,edge,0,,423,rescue,0,2
35,biofilm,2.3,0.0001,0.2,0,,,1,10.18317457834338,0,extinction,0,0
36,biofilm,2.3,0.0001,0.2,0,,,1,11.566154459140128,0,extinction,0,0
37,biofilm,2.3,0.0001,0.2,0,,,1,9.633294325086696,0,extinction,0,0
38,biofilm,2.3,0.0001,0.2,0,,,1,10.525920717737153,0,extinction,0,0
39,biofilm,2.3,0.0001,0.2,0,,,1,9.99471787994447,0,extinction,0,0
40,biofilm,2.3,0.0001,0.2,0,,,1,10.40073033368014,0,extinction,0,0
41,biofilm,2.3,0.0001,0.2,0,,,1,10.589855324805756,0,extinction,0,0
42,biofilm,2.3,0.0001,0.2,0,,,1,10.772014884598873,0,extinction,0,0
43,biofilm,2.3,0.0001,0.2,0,,,1,10.070480555967016,0,extinction,0,0
44,biofilm,2.3,0.0001,0.2,0,,,1,10.772017825058864,0,extinction,0,0
45,biofilm,2.3,0.0001,0.2,0,,,1,10.29762071688039,0,extinction,0,0
46,biofilm,2.3,0.0001,0.2,0,,,1,12.13761317964153,0,extinction,0,0
47,biofilm,2.3,0.0001,0.2,0,,,1,9.366806385262814,0,extinction,0,0
48,biofilm,2.3,0.0001,0.2,0,,,1,8.843463060165089,0,extinction,0,0
49,biofilm,2.3,0.0001,0.2,0,,,1,10.335686395244563,0,extinction,0,0
50,biofilm,2.3,0.0001,0.2,0,,,1,11.32236370760707,0,extinction,0,0
51,biofilm,2.3,0.0001,0.2,0,,,1,10.878006760251594,0,extinction,0,0
52,biofilm,2.3,0.0001,0.2,0,,,1,10.381727071086866,0,extinction,0,0
53,biofilm,2.3,0.0001,0.2,0,,,1,10.59972794509052,0,extinction,0,1
54,biofilm,2.3,0.0001,0.2,0,,,1,9.506658618541204,0,extinction,0,0
55,biofilm,2.3,0.0001,0.2,1,9.661382899293171,edge,0,,10,rescue,0,1
56,biofilm,2.3,0.0001,0.2,0,,,1,10.339315119936767,0,extinction,0,0
57,biofilm,2.3,0.0001,0.2,0,,,1,11.107058196835489,0,extinction,0,0
58,biofilm,2.3,0.0001,0.2,0,,,1,10.837665370284489,0,extinction,0,0
59,biofilm,2.3,0.0001,0.2,0,,,1,11.586449611130714,0,extinction,0,0
60,biofilm,2.3,0.0001,0.2,0,,,1,10.91387675586724,0,extinction,0,0
61,biofilm,2.3,0.0001,0.2,0,,,1,9.407279795407453,0,extinction,0,0
62,biofilm,2.3,0.0001,0.2,1,5.2439671635065945,edge,0,,323,rescue,0,1
63,biofilm,2.3,0.0001,0.2,0,,,1,10.99124465776509,0,extinction,0,0
64,biofilm,2.3,0.0001,0.2,0,,,1,9.567520919951898,0,extinction,1,0
65,biofilm,2.3,0.0001,0.2,0,,,1,11.54078528842513,0,extinction,0,0
66,biofilm,2.3,0.0001,0.2,0,,,1,9.245293022089983,0,extinction,0,0
67,biofilm,2.3,0.0001,0.2,0,,,1,10.714301794464433,0,extinction,0,0
68,biofilm,2.3,0.0001,0.2,0,,,1,12.382812855919566,0,extinction,0,0
69,biofilm,2.3,0.0001,0.2,0,,,1,10.172550825474875,0,extinction,0,0
70,biofilm,2.3,0.0001,0.2,0,,,1,12.627015158992556,0,extinction,0,0
71,biofilm,2.3,0.0001,0.2,0,,,1,8.723876467423331,0,extinction,0,0
72,biofilm,2.3,0.0001,0.2,0,,,1,9.709827904377766,0,extinction,0,0
73,biofilm,2.3,0.0001,0.2,0,,,1,9.335355215979623,0,extinction,0,0
74,biofilm,2.3,0.0001,0.2,0,,,1,14.07992620617573,0,extinction,0,0
75,biofilm,2.3,0.0001,0.2,0,,,1,10.202133462979656,0,extinction,0,0
76,biofilm,2.3,0.0001,0.2,1,5.826032151651826,edge,0,,281,rescue,0,1
77,biofilm,2.3,0.0001,0.2,0,,,1,10.904150227951988,0,extinction,0,0
78,biofilm,2.3,0.0001,0.2,0,,,1,10.009157565962498,0,extinction,0,1
79,biofilm,2.3,0.0001,0.2,0,,,1,11.595201289056392,0,extinction,0,0
80,biofilm,2.3,0.0001,0.2,0,,,1,8.906032816547494,0,extinction,0,0
81,biofilm,2.3,0.0001,0.2,0,,,1,12.666425457479882,0,extinction,0,1
82,biofilm,2.3,0.0001,0.2,0,,,1,11.341737236455868,0,extinction,0,0
83,biofilm,2.3,0.0001,0.2,0,,,1,8.435554551756608,0,extinction,0,0
84,biofilm,2.3,0.0001,0.2,0,,,1,9.922298749278989,0,extinction,0,0
85,biofilm,2.3,0.0001,0.2,0,,,1,10.44399549567104,0,extinction,0,0
86,biofilm,2.3,0.0001,0.2,0,,,1,10.256908369217532,0,extinction,0,0
87,biofilm,2.3,0.0001,0.2,0,,,1,9.672444752623097,0,extinction,0,0
88,biofilm,2.3,0.0001,0.2,0,,,1,10.513268010868233,0,extinction,0,1
89,biofilm,2.3,0.0001,0.2,0,,,1,9.451738041350524,0,extinction,0,0
90,biofilm,2.3,0.0001,0.2,0,,,1,10.483925881277882,0,extinction,0,0
91,biofilm,2.3,0.0001,0.2,0,,,1,12.133349158694095,0,extinction,1,0
92,biofilm,2.3,0.0001,0.2,0,,,1,9.073995977512396,0,extinction,0,0
93,biofilm,2.3,0.0001,0.2,0,,,1,11.625101387245598,0,extinction,0,0
94,biofilm,2.3,0.0001,0.2,0,,,1,11.037274014308192,0,extinction,0,0
95,biofilm,2.3,0.0001,0.2,0,,,1,8.467989843055301,0,extinction,0,0
96,biofilm,2.3,0.0001,0.2,0,,,1,9.10227373174701,0,extinction,0,0
97,biofilm,2.3,0.0001,0.2,0,,,1,9.405649903651844,0,extinction,0,0
98,biofilm,2.3,0.0001,0.2,0,,,1,9.405411568494486,0,extinction,0,0
99,biofilm,2.3,0.0001,0.2,0,,,1,10.11544664478501,0,extinction,0,0
100,biofilm,2.3,0.0001,0.2,0,,,1,9.154023453071057,0,extinction,0,0
101,biofilm,2.3,0.0001,0.2,0,,,1,10.0045048084229,0,extinction,0,0
102,biofilm,2.3,0.0001,0.2,0,,,1,10.465347805003356,0,extinction,0,0
103,biofilm,2.3,0.0001,0.2,0,,,1,10.826349270600538,0,extinction,0,0
104,biofilm,2.3,0.0001,0.2,0,,,1,10.547236862739044,0,extinction,0,0
105,biofilm,2.3,0.0001,0.2,0,,,1,10.666959352152263,0,extinction,0,0
106,biofilm,2.3,0.0001,0.2,0,,,1,10.699082643319258,0,extinction,0,0
107,biofilm,2.3,0.0001,0.2,1,4.599575927302346,edge,0,,333,rescue,0,1
108,biofilm,2.3,0.0001,0.2,0,,,1,11.64934819353854,0,extinction,0,0
109,biofilm,2.3,0.0001,0.2,0,,,1,11.493579584765191,0,extinction,0,0
110,biofilm,2.3,0.0001,0.2,0,,,1,10.02493553556424,0,extinction,0,0
111,biofilm,2.3,0.0001,0.2,0,,,1,11.28304745452182,0,extinction,0,0
112,biofilm,2.3,0.0001,0.2,0,,,1,11.270392844669212,0,extinction,1,0
113,biofilm,2.3,0.0001,0.2,0,,,1,9.913785131981896,0,extinction,0,0
114,biofilm,2.3,0.0001,0.2,0,,,1,10.027268347757143,0,extinction,0,1
115,biofilm,2.3,0.0001,0.2,0,,,1,9.659043569984572,0,extinction,0,0
116,biofilm,2.3,0.0001,0.2,0,,,1,9.87390031167673,0,extinction,0,0
117,biofilm,2.3,0.0001,0.2,0,,,1,10.676249733374087,0,extinction,0,0
118,biofilm,2.3,0.0001,0.2,0,,,1,12.22021868367519,0,extinction,0,0
119,biofilm,2.3,0.0001,0.2,0,,,1,10.391527916538136,0,extinction,0,0
120,biofilm,2.3,0.0001,0.2,0,,,1,10.651602508027754,0,extinction,0,0
121,biofilm,2.3,0.0001,0.2,0,,,1,9.703968597627432,0,extinction,0,0
122,biofilm,2.3,0.0001,0.2,0,,,1,11.20717194952541,0,extinction,0,0
123,biofilm,2.3,0.0001,0.2,0,,,1,8.936788898037694,0,extinction,0,0
124,biofilm,2.3,0.0001,0.2,0,,,1,9.99970576807597,0,extinction,0,0
125,biofilm,2.3,0.0001,0.2,0,,,1,11.682452533026504,0,extinction,0,0
126,biofilm,2.3,0.0001,0.2,0,,,1,11.25529741048063,0,extinction,0,0
127,biofilm,2.3,0.0001,0.2,0,,,1,12.601496999577924,0,extinction,0,0
128,biofilm,2.3,0.0001,0.2,0,,,1,11.296176993746938,0,extinction,0,0
129,biofilm,2.3,0.0001,0.2,0,,,1,11.14739380847427,0,extinction,0,0
130,biofilm,2.3,0.0001,0.2,0,,,1,11.26212987020541,0,extinction,0,1
131,biofilm,2.3,0.0001,0.2,0,,,1,10.157018310633928,0,extinction,0,0
132,biofilm,2.3,0.0001,0.2,0,,,1,11.904964083753397,0,extinction,0,0
133,biofilm,2.3,0.0001,0.2,0,,,1,9.706725682126365,0,extinction,0,0
134,biofilm,2.3,0.0001,0.2,0,,,1,9.396362289119482,0,extinction,0,1
135,biofilm,2.3,0.0001,0.2,0,,,1,10.35050077894764,0,extinction,0,0
136,biofilm,2.3,0.0001,0.2,0,,,1,9.076454179101868,0,extinction,0,0
137,biofilm,2.3,0.0001,0.2,0,,,1,10.614575062982222,0,extinction,0,0
138,biofilm,2.3,0.0001,0.2,0,,,1,11.907681117711476,0,extinction,0,0
139,biofilm,2.3,0.0001,0.2,0,,,1,12.357604045913536,0,extinction,0,0
140,biofilm,2.3,0.0001,0.2,0,,,1,9.48002848013442,0,extinction,0,0
141,biofilm,2.3,0.0001,0.2,1,7.040034913706728,edge,0,,63,rescue,0,1
142,biofilm,2.3,0.0001,0.2,0,,,1,10.759773070338769,0,extinction,0,0
143,biofilm,2.3,0.0001,0.2,0,,,1,11.37272964818744,0,extinction,0,0
144,biofilm,2.3,0.0001,0.2,0,,,1,10.733868392871242,0,extinction,0,0
145,biofilm,2.3,0.0001,0.2,0,,,1,9.86787844619609,0,extinction,0,0
146,biofilm,2.3,0.0001,0.2,0,,,1,11.271530172341384,0,extinction,0,0
147,biofilm,2.3,0.0001,0.2,0,,,1,10.67337221128111,0,extinction,0,0
148,biofilm,2.3,0.0001,0.2,0,,,1,11.03409047611759,0,extinction,2,0
149,biofilm,2.3,0.0001,0.2,0,,,1,11.20678982128742,0,extinction,0,0
150,biofilm,2.3,0.0001,0.2,0,,,1,10.388046663233183,0,extinction,0,0
151,biofilm,2.3,0.0001,0.2,0,,,1,11.13217504442909,0,extinction,0,0
152,biofilm,2.3,0.0001,0.2,0,,,1,9.251964986641031,0,extinction,0,0
153,biofilm,2.3,0.0001,0.2,0,,,1,11.049763527196058,0,extinction,0,0
154,biofilm,2.3,0.0001,0.2,0,,,1,10.481428376611154,0,extinction,0,0
155,biofilm,2.3,0.0001,0.2,0,,,1,10.640508410269303,0,extinction,0,0
156,biofilm,2.3,0.0001,0.2,0,,,1,10.338607390405588,0,extinction,0,0
157,biofilm,2.3,0.0001,0.2,0,,,1,10.102872491467917,0,extinction,0,0
158,biofilm,2.3,0.0001,0.2,0,,,1,12.436076299839762,0,extinction,0,0
159,biofilm,2.3,0.0001,0.2,0,,,1,10.214682685921584,0,extinction,0,0
160,biofilm,2.3,0.0001,0.2,0,,,1,9.544116642810229,0,extinction,0,0
161,biofilm,2.3,0.0001,0.2,0,,,1,9.033848207605352,0,extinction,0,0
162,biofilm,2.3,0.0001,0.2,0,,,1,10.92879639175743,0,extinction,0,0
163,biofilm,2.3,0.0001,0.2,0,,,1,9.701339567197737,0,extinction,0,0
164,biofilm,2.3,0.0001,0.2,0,,,1,11.754668583246682,0,extinction,0,0
165,biofilm,2.3,0.0001,0.2,0,,,1,9.891511889086228,0,extinction,0,0
166,biofilm,2.3,0.0001,0.2,0,,,1,10.439854474900551,0,extinction,0,0
167,biofilm,2.3,0.0001,0.2,0,,,1,10.678685857586794,0,extinction,0,0
168,biofilm,2.3,0.0001,0.2,0,,,1,9.912585724353308,0,extinction,0,0
169,biofilm,2.3,0.0001,0.2,0,,,1,11.33619492131375,0,extinction,0,0
170,biofilm,2.3,0.0001,0.2,0,,,1,12.20778848111911,0,extinction,0,1
171,biofilm,2.3,0.0001,0.2,0,,,1,8.180682361184806,0,extinction,0,0
172,biofilm,2.3,0.0001,0.2,0,,,1,9.5727414572657,0,extinction,0,0
173,biofilm,2.3,0.0001,0.2,0,,,1,9.420364246480274,0,extinction,0,0
174,biofilm,2.3,0.0001,0.2,0,,,1,9.244254083318085,0,extinction,0,0
175,biofilm,2.3,0.0001,0.2,0,,,1,10.182772460693354,0,extinction,0,0
176,biofilm,2.3,0.0001,0.2,0,,,1,9.205352280009055,0,extinction,0,0
177,biofilm,2.3,0.0001,0.2,0,,,1,11.690555786905886,0,extinction,0,0
178,biofilm,2.3,0.0001,0.2,0,,,1,10.455960580034308,0,extinction,0,0
179,biofilm,2.3,0.0001,0.2,0,,,1,8.919520025447163,0,extinction,0,0
180,biofilm,2.3,0.0001,0.2,0,,,1,8.351521623123343,0,extinction,0,0
181,biofilm,2.3,0.0001,0.2,0,,,1,10.091888388282182,0,extinction,0,0
182,biofilm,2.3,0.0001,0.2,0,,,1,8.555795317899197,0,extinction,0,0
183,biofilm,2.3,0.0001,0.2,0,,,1,10.652724997382691,0,extinction,0,0
184,biofilm,2.3,0.0001,0.2,0,,,1,9.932115311947888,0,extinction,0,0
185,biofilm,2.3,0.0001,0.2,0,,,1,9.38413044494152,0,extinction,0,0
186,biofilm,2.3,0.0001,0.2,0,,,1,11.402093560252684,0,extinction,0,0
187,biofilm,2.3,0.0001,0.2,0,,,1,10.24956325585909,0,extinction,0,0
188,biofilm,2.3,0.0001,0.2,0,,,1,9.480144888811086,0,extinction,0,0
189,biofilm,2.3,0.0001,0.2,0,,,1,11.994601754758346,0,extinction,0,0
190,biofilm,2.3,0.0001,0.2,0,,,1,10.016601467999248,0,extinction,0,0
191,biofilm,2.3,0.0001,0.2,0,,,1,12.683084429129302,0,extinction,0,0
192,biofilm,2.3,0.0001,0.2,1,8.205509176075525,core,0,,30,rescue,1,0
193,biofilm,2.3,0.0001,0.2,0,,,1,13.090174430897443,0,extinction,0,1
194,biofilm,2.3,0.0001,0.2,0,,,1,10.376057468023474,0,extinction,0,0
195,biofilm,2.3,0.0001,0.2,0,,,1,9.854918041271008,0,extinction,0,0
196,biofilm,2.3,0.0001,0.2,0,,,1,8.877011975570401,0,extinction,0,0
197,biofilm,2.3,0.0001,0.2,0,,,1,11.060725696519132,0,extinction,0,0
198,biofilm,2.3,0.0001,0.2,0,,,1,11.108222051631538,0,extinction,0,0
199,biofilm,2.3,0.0001,0.2,0,,,1,9.509209902371635,0,extinction,0,0
0,biofilm,2.8,0.0001,0.2,0,,,1,6.452565131258147,0,extinction,0,0
1,biofilm,2.8,0.0001,0.2,0,,,1,7.260024871559955,0,extinction,0,0
2,biofilm,2.8,0.0001,0.2,1,4.810725759423952,edge,0,,184,rescue,0,1
3,biofilm,2.8,0.0001,0.2,0,,,1,7.410341542277724,0,extinction,0,1
4,biofilm,2.8,0.0001,0.2,0,,,1,7.920751620030273,0,extinction,0,0
5,biofilm,2.8,0.0001,0.2,0,,,1,7.459865949288769,0,extinction,0,1
6,biofilm,2.8,0.0001,0.2,0,,,1,7.625231479344625,0,extinction,0,0
7,biofilm,2.8,0.0001,0.2,0,,,1,7.517221574103544,0,extinction,0,0
8,biofilm,2.8,0.0001,0.2,0,,,1,9.424774691495854,0,extinction,0,0
9,biofilm,2.8,0.0001,0.2,0,,,1,7.1427681042220925,0,extinction,0,0
10,biofilm,2.8,0.0001,0.2,0,,,1,6.459562032138166,0,extinction,0,0
11,biofilm,2.8,0.0001,0.2,0,,,1,6.706985877059548,0,extinction,0,0
12,biofilm,2.8,0.0001,0.2,0,,,1,6.964811038237008,0,extinction,0,0
13,biofilm,2.8,0.0001,0.2,0,,,1,8.584291428527377,0,extinction,0,0
14,biofilm,2.8,0.0001,0.2,0,,,1,7.383601908204485,0,extinction,0,0
15,biofilm,2.8,0.0001,0.2,0,,,1,7.247796664834687,0,extinction,0,0
16,biofilm,2.8,0.0001,0.2,0,,,1,7.255313675982504,0,extinction,0,0
17,biofilm,2.8,0.0001,0.2,0,,,1,9.13728366062292,0,extinction,0,0
18,biofilm,2.8,0.0001,0.2,0,,,1,7.210062407090539,0,extinction,0,0
19,biofilm,2.8,0.0001,0.2,0,,,1,8.43829633172868,0,extinction,0,0
20,biofilm,2.8,0.0001,0.2,0,,,1,8.019449063501602,0,extinction,0,0
21,biofilm,2.8,0.0001,0.2,0,,,1,8.091342036423901,0,extinction,0,0
22,biofilm,2.8,0.0001,0.2,0,,,1,9.070937094219095,0,extinction,0,0
23,biofilm,2.8,0.0001,0.2,0,,,1,7.5049869851317,0,extinction,0,0
24,biofilm,2.8,0.0001,0.2,0,,,1,6.418718154141327,0,extinction,0,0
25,biofilm,2.8,0.0001,0.2,0,,,1,7.599955322061239,0,extinction,0,0
26,biofilm,2.8,0.0001,0.2,0,,,1,10.824143752460657,0,extinction,1,0
27,biofilm,2.8,0.0001,0.2,0,,,1,8.81090112848521,0,extinction,0,0
28,biofilm,2.8,0.0001,0.2,0,,,1,7.994220709224093,0,extinction,0,0
29,biofilm,2.8,0.0001,0.2,0,,,1,9.74590720758072,0,extinction,0,0
30,biofilm,2.8,0.0001,0.2,0,,,1,6.769930205242801,0,extinction,0,0
31,biofilm,2.8,0.0001,0.2,0,,,1,7.028721919788867,0,extinction,0,0
32,biofilm,2.8,0.0001,0.2,0,,,1,7.187989170506408,0,extinction,0,0
33,biofilm,2.8,0.0001,0.2,0,,,1,8.27003728488175,0,extinction,0,0
34,biofilm,2.8,0.0001,0.2,0,,,1,6.92541967165202,0,extinction,0,0
35,biofilm,2.8,0.0001,0.2,0,,,1,8.130984996359723,0,extinction,0,0
36,biofilm,2.8,0.0001,0.2,0,,,1,7.019563112893414,0,extinction,0,0
37,biofilm,2.8,0.0001,0.2,0,,,1,8.940015758524067,0,extinction,0,0
38,biofilm,2.8,0.0001,0.2,1,4.540009439538762,core,0,,170,rescue,1,0
39,biofilm,2.8,0.0001,0.2,0,,,1,7.441304514099439,0,extinction,0,0
40,biofilm,2.8,0.0001,0.2,0,,,1,9.429354722578148,0,extinction,0,0
41,biofilm,2.8,0.0001,0.2,0,,,1,7.436096287225343,0,extinction,0,1
42,biofilm,2.8,0.0001,0.2,0,,,1,8.054823891499849,0,extinction,0,0
43,biofilm,2.8,0.0001,0.2,0,,,1,7.97530475421568,0,extinction,0,0
44,biofilm,2.8,0.0001,0.2,0,,,1,7.783574347685136,0,extinction,0,0
45,biofilm,2.8,0.0001,0.2,0,,,1,6.716566803013698,0,extinction,0,0
46,biofilm,2.8,0.0001,0.2,0,,,1,8.33041061642087,0,extinction,0,0
47,biofilm,2.8,0.0001,0.2,0,,,1,7.426117544973191,0,extinction,0,1
48,biofilm,2.8,0.0001,0.2,0,,,1,6.613771143245171,0,extinction,0,0
49,biofilm,2.8,0.0001,0.2,0,,,1,7.797030543432389,0,extinction,0,0
50,biofilm,2.8,0.0001,0.2,0,,,1,6.903435957247424,0,extinction,0,0
51,biofilm,2.8,0.0001,0.2,0,,,1,7.426775833504478,0,extinction,0,0
52,biofilm,2.8,0.0001,0.2,0,,,1,8.039949277339188,0,extinction,0,0
53,biofilm,2.8,0.0001,0.2,0,,,1,7.044569676568091,0,extinction,0,0
54,biofilm,2.8,0.0001,0.2,0,,,1,6.53493332091718,0,extinction,0,0
55,biofilm,2.8,0.0001,0.2,0,,,1,8.09411199638581,0,extinction,0,0
56,biofilm,2.8,0.0001,0.2,0,,,1,5.930237551047158,0,extinction,0,0
57,biofilm,2.8,0.0001,0.2,0,,,1,7.999497767645065,0,extinction,0,0
58,biofilm,2.8,0.0001,0.2,0,,,1,8.781784070323853,0,extinction,0,0
59,biofilm,2.8,0.0001,0.2,0,,,1,6.962465291159061,0,extinction,0,0
60,biofilm,2.8,0.0001,0.2,0,,,1,7.2474467048111135,0,extinction,0,0
61,biofilm,2.8,0.0001,0.2,0,,,1,7.653911993905061,0,extinction,0,0
62,biofilm,2.8,0.0001,0.2,0,,,1,7.519257737713178,0,extinction,0,1
63,biofilm,2.8,0.0001,0.2,0,,,1,8.110388426039709,0,extinction,0,0
64,biofilm,2.8,0.0001,0.2,0,,,1,7.261037633086232,0,extinction,1,0
65,biofilm,2.8,0.0001,0.2,0,,,1,8.816795963407161,0,extinction,0,0
66,biofilm,2.8,0.0001,0.2,0,,,1,7.608483868365205,0,extinction,0,0
67,biofilm,2.8,0.0001,0.2,0,,,1,8.149831833205162,0,extinction,0,0
68,biofilm,2.8,0.0001,0.2,0,,,1,7.533168471769059,0,extinction,0,0
69,biofilm,2.8,0.0001,0.2,0,,,1,6.742185563208282,0,extinction,0,0
70,biofilm,2.8,0.0001,0.2,0,,,1,7.081682053331795,0,extinction,0,0
71,biofilm,2.8,0.0001,0.2,0,,,1,7.685006642694743,0,extinction,0,0
72,biofilm,2.8,0.0001,0.2,0,,,1,7.239758601194413,0,extinction,0,0
73,biofilm,2.8,0.0001,0.2,0,,,1,8.579473367800846,0,extinction,1,0
74,biofilm,2.8,0.0001,0.2,0,,,1,7.680267797430929,0,extinction,0,0
75,biofilm,2.8,0.0001,0.2,0,,,1,8.502360891233625,0,extinction,0,0
76,biofilm,2.8,0.0001,0.2,1,4.157031128201616,edge,0,,260,rescue,0,1
77,biofilm,2.8,0.0001,0.2,0,,,1,7.586279308471788,0,extinction,0,0
78,biofilm,2.8,0.0001,0.2,0,,,1,7.694106081156347,0,extinction,0,0
79,biofilm,2.8,0.0001,0.2,0,,,1,7.067169001285622,0,extinction,0,0
80,biofilm,2.8,0.0001,0.2,0,,,1,8.008575081270635,0,extinction,0,0
81,biofilm,2.8,0.0001,0.2,1,5.716146471414411,edge,0,,87,rescue,0,1
82,biofilm,2.8,0.0001,0.2,0,,,1,7.826976702086402,0,extinction,0,0
83,biofilm,2.8,0.0001,0.2,0,,,1,7.776149517623182,0,extinction,0,0
84,biofilm,2.8,0.0001,0.2,0,,,1,7.767499804829457,0,extinction,0,0
85,biofilm,2.8,0.0001,0.2,0,,,1,7.212415112224247,0,extinction,0,0
86,biofilm,2.8,0.0001,0.2,0,,,1,7.493324774045108,0,extinction,0,0
87,biofilm,2.8,0.0001,0.2,0,,,1,6.8533359015070605,0,extinction,0,0
88,biofilm,2.8,0.0001,0.2,0,,,1,7.530373206848443,0,extinction,0,1
89,biofilm,2.8,0.0001,0.2,0,,,1,7.756807709076091,0,extinction,0,0
90,biofilm,2.8,0.0001,0.2,0,,,1,6.497884620143799,0,extinction,0,0
91,biofilm,2.8,0.0001,0.2,1,7.052586376358848,core,0,,11,rescue,1,0
92,biofilm,2.8,0.0001,0.2,0,,,1,7.104795440428978,0,extinction,0,0
93,biofilm,2.8,0.0001,0.2,0,,,1,7.681261861857364,0,extinction,0,0
94,biofilm,2.8,0.0001,0.2,0,,,1,7.199129360106267,0,extinction,0,0
95,biofilm,2.8,0.0001,0.2,0,,,1,7.411403830281532,0,extinction,0,0
96,biofilm,2.8,0.0001,0.2,0,,,1,7.380852463003648,0,extinction,0,0
97,biofilm,2.8,0.0001,0.2,0,,,1,8.378628987597313,0,extinction,0,0
98,biofilm,2.8,0.0001,0.2,0,,,1,6.903580332723176,0,extinction,0,0
99,biofilm,2.8,0.0001,0.2,0,,,1,7.03442676019024,0,extinction,0,0
100,biofilm,2.8,0.0001,0.2,0,,,1,6.227473981017764,0,extinction,0,0
101,biofilm,2.8,0.0001,0.2,0,,,1,7.427589023399133,0,extinction,0,0
102,biofilm,2.8,0.0001,0.2,0,,,1,6.886703179111502,0,extinction,0,0
103,biofilm,2.8,0.0001,0.2,0,,,1,8.723250764800817,0,extinction,0,0
104,biofilm,2.8,0.0001,0.2,0,,,1,7.676810423820169,0,extinction,0,0
105,biofilm,2.8,0.0001,0.2,0,,,1,6.763976989443268,0,extinction,0,0
106,biofilm,2.8,0.0001,0.2,1,12.871451416077786,core,0,,10,rescue,1,0
107,biofilm,2.8,0.0001,0.2,0,,,1,7.594287223550757,0,extinction,0,1
108,biofilm,2.8,0.0001,0.2,0,,,1,6.877999801357081,0,extinction,0,0
109,biofilm,2.8,0.0001,0.2,0,,,1,7.195123845206429,0,extinction,0,0
110,biofilm,2.8,0.0001,0.2,0,,,1,7.792445745490947,0,extinction,0,0
111,biofilm,2.8,0.0001,0.2,0,,,1,7.484150861324316,0,extinction,0,0
112,biofilm,2.8,0.0001,0.2,0,,,1,6.6435445458005775,0,extinction,0,0
113,biofilm,2.8,0.0001,0.2,0,,,1,7.724572186856318,0,extinction,0,0
114,biofilm,2.8,0.0001,0.2,1,9.64706368711862,edge,0,,10,rescue,0,1
115,biofilm,2.8,0.0001,0.2,0,,,1,6.928525422382288,0,extinction,0,0
116,biofilm,2.8,0.0001,0.2,0,,,1,7.1756237243774805,0,extinction,0,0
117,biofilm,2.8,0.0001,0.2,0,,,1,7.570289901666961,0,extinction,0,0
118,biofilm,2.8,0.0001,0.2,0,,,1,6.544337068161743,0,extinction,0,0
119,biofilm,2.8,0.0001,0.2,0,,,1,7.411188995480593,0,extinction,0,0
120,biofilm,2.8,0.0001,0.2,0,,,1,6.555580014254145,0,extinction,0,0
121,biofilm,2.8,0.0001,0.2,0,,,1,8.18095251764647,0,extinction,0,0
122,biofilm,2.8,0.0001,0.2,0,,,1,7.497893067081432,0,extinction,0,0
123,biofilm,2.8,0.0001,0.2,0,,,1,9.767649745323622,0,extinction,0,0
124,biofilm,2.8,0.0001,0.2,0,,,1,7.241992029636309,0,extinction,0,0
125,biofilm,2.8,0.0001,0.2,0,,,1,9.209200539843929,0,extinction,0,0
126,biofilm,2.8,0.0001,0.2,0,,,1,7.589493681191823,0,extinction,0,0
127,biofilm,2.8,0.0001,0.2,0,,,1,8.179913685043326,0,extinction,0,0
128,biofilm,2.8,0.0001,0.2,0,,,1,7.504056543047115,0,extinction,0,0
129,biofilm,2.8,0.0001,0.2,0,,,1,8.066155077118585,0,extinction,0,0
130,biofilm,2.8,0.0001,0.2,1,1.9030722201824637,edge,0,,672,rescue,0,1
131,biofilm,2.8,0.0001,0.2,0,,,1,6.988579412642278,0,extinction,0,0
132,biofilm,2.8,0.0001,0.2,0,,,1,8.266092288203678,0,extinction,0,0
133,biofilm,2.8,0.0001,0.2,0,,,1,6.763379355525214,0,extinction,0,0
134,biofilm,2.8,0.0001,0.2,0,,,1,8.019229168819818,0,extinction,0,0
135,biofilm,2.8,0.0001,0.2,0,,,1,8.003580939157116,0,extinction,0,0
136,biofilm,2.8,0.0001,0.2,0,,,1,6.609931712582256,0,extinction,0,0
137,biofilm,2.8,0.0001,0.2,0,,,1,7.657643947927678,0,extinction,0,0
138,biofilm,2.8,0.0001,0.2,0,,,1,7.300282073205399,0,extinction,0,1
139,biofilm,2.8,0.0001,0.2,0,,,1,7.630095179596441,0,extinction,0,0
140,biofilm,2.8,0.0001,0.2,0,,,1,7.3329209049291615,0,extinction,0,0
141,biofilm,2.8,0.0001,0.2,0,,,1,7.390387217479882,0,extinction,0,0
142,biofilm,2.8,0.0001,0.2,0,,,1,9.747420433486464,0,extinction,0,0
143,biofilm,2.8,0.0001,0.2,0,,,1,6.414952661986209,0,extinction,0,0
144,biofilm,2.8,0.0001,0.2,0,,,1,6.663122616229437,0,extinction,0,0
145,biofilm,2.8,0.0001,0.2,0,,,1,7.775390235905667,0,extinction,0,0
146,biofilm,2.8,0.0001,0.2,0,,,1,6.8676510566054985,0,extinction,0,0
147,biofilm,2.8,0.0001,0.2,0,,,1,8.256065946982108,0,extinction,0,0
148,biofilm,2.8,0.0001,0.2,1,5.729309196277181,core,0,,31,rescue,1,0
149,biofilm,2.8,0.0001,0.2,0,,,1,6.940336786377364,0,extinction,0,0
150,biofilm,2.8,0.0001,0.2,0,,,1,7.00739926872444,0,extinction,0,0
151,biofilm,2.8,0.0001,0.2,0,,,1,8.10312354692142,0,extinction,0,0
152,biofilm,2.8,0.0001,0.2,0,,,1,6.533104556285193,0,extinction,0,0
153,biofilm,2.8,0.0001,0.2,0,,,1,6.834194743041199,0,extinction,0,0
154,biofilm,2.8,0.0001,0.2,0,,,1,7.319948395474128,0,extinction,0,0
155,biofilm,2.8,0.0001,0.2,0,,,1,8.575725752701306,0,extinction,0,0
156,biofilm,2.8,0.0001,0.2,0,,,1,8.065014754742316,0,extinction,0,0
157,biofilm,2.8,0.0001,0.2,0,,,1,7.2925548308380606,0,extinction,0,0
158,biofilm,2.8,0.0001,0.2,0,,,1,8.14873411957441,0,extinction,0,0
159,biofilm,2.8,0.0001,0.2,0,,,1,6.961861851599968,0,extinction,0,0
160,biofilm,2.8,0.0001,0.2,0,,,1,7.771923958120164,0,extinction,0,0
161,biofilm,2.8,0.0001,0.2,0,,,1,7.234195731842018,0,extinction,0,0
162,biofilm,2.8,0.0001,0.2,0,,,1,7.286484964311957,0,extinction,0,0
163,biofilm,2.8,0.0001,0.2,0,,,1,7.85336583075233,0,extinction,0,0
164,biofilm,2.8,0.0001,0.2,0,,,1,7.202228953814667,0,extinction,0,0
165,biofilm,2.8,0.0001,0.2,0,,,1,7.021760856472194,0,extinction,0,0
166,biofilm,2.8,0.0001,0.2,0,,,1,7.078260425007081,0,extinction,0,0
167,biofilm,2.8,0.0001,0.2,0,,,1,7.372195284307609,0,extinction,0,0
168,biofilm,2.8,0.0001,0.2,0,,,1,7.871822450743094,0,extinction,0,0
169,biofilm,2.8,0.0001,0.2,0,,,1,7.532482610553646,0,extinction,0,0
170,biofilm,2.8,0.0001,0.2,0,,,1,7.821000686473004,0,extinction,0,1
171,biofilm,2.8,0.0001,0.2,0,,,1,7.324598032468185,0,extinction,0,0
172,biofilm,2.8,0.0001,0.2,0,,,1,7.563967180289207,0,extinction,0,0
173,biofilm,2.8,0.0001,0.2,0,,,1,7.908147742169794,0,extinction,0,0
174,biofilm,2.8,0.0001,0.2,0,,,1,7.179882548517794,0,extinction,0,0
175,biofilm,2.8,0.0001,0.2,0,,,1,7.949853709747228,0,extinction,0,0
176,biofilm,2.8,0.0001,0.2,0,,,1,7.747859146899946,0,extinction,0,0
177,biofilm,2.8,0.0001,0.2,0,,,1,7.016195914629755,0,extinction,0,0
178,biofilm,2.8,0.0001,0.2,0,,,1,8.65965600927747,0,extinction,0,0
179,biofilm,2.8,0.0001,0.2,0,,,1,7.740333965811691,0,extinction,0,0
180,biofilm,2.8,0.0001,0.2,0,,,1,7.075221931435704,0,extinction,0,0
181,biofilm,2.8,0.0001,0.2,0,,,1,8.05488852494727,0,extinction,0,0
182,biofilm,2.8,0.0001,0.2,0,,,1,7.429981215647243,0,extinction,0,0
183,biofilm,2.8,0.0001,0.2,0,,,1,6.688313752307752,0,extinction,0,0
184,biofilm,2.8,0.0001,0.2,0,,,1,7.080870652207829,0,extinction,0,0
185,biofilm,2.8,0.0001,0.2,0,,,1,6.65765447794225,0,extinction,0,0
186,biofilm,2.8,0.0001,0.2,0,,,1,6.761735860005152,0,extinction,0,0
187,biofilm,2.8,0.0001,0.2,0,,,1,7.28015672037824,0,extinction,0,0
188,biofilm,2.8,0.0001,0.2,0,,,1,6.211426988845743,0,extinction,0,0
189,biofilm,2.8,0.0001,0.2,0,,,1,7.924835340142748,0,extinction,0,0
190,biofilm,2.8,0.0001,0.2,0,,,1,7.90473991678456,0,extinction,0,0
191,biofilm,2.8,0.0001,0.2,0,,,1,7.486055377243661,0,extinction,0,0
192,biofilm,2.8,0.0001,0.2,1,7.581131646060054,edge,0,,11,rescue,0,1
193,biofilm,2.8,0.0001,0.2,1,11.202614538666898,edge,0,,10,rescue,0,1
194,biofilm,2.8,0.0001,0.2,0,,,1,7.088353423291076,0,extinction,0,0
195,biofilm,2.8,0.0001,0.2,0,,,1,7.534502202534989,0,extinction,0,0
196,biofilm,2.8,0.0001,0.2,0,,,1,6.433881007740345,0,extinction,0,0
197,biofilm,2.8,0.0001,0.2,0,,,1,6.777882104265588,0,extinction,0,0
198,biofilm,2.8,0.0001,0.2,0,,,1,6.867093875358227,0,extinction,0,0
199,biofilm,2.8,0.0001,0.2,0,,,1,7.5584077775437,0,extinction,0,0
0,chainWM,1.05,0.0001,0.2,0,,,1,94.45144172604006,0,extinction,0,2
1,chainWM,1.05,0.0001,0.2,0,,,1,68.76893039791916,0,extinction,0,3
2,chainWM,1.05,0.0001,0.2,1,64.42205451188788,edge,0,,100,rescue,0,2
3,chainWM,1.05,0.0001,0.2,0,,,1,79.17435681681458,0,extinction,0,3
4,chainWM,1.05,0.0001,0.2,0,,,1,78.56856495283515,0,extinction,0,0
5,chainWM,1.05,0.0001,0.2,1,6.105280002086287,edge,0,,756,rescue,0,1
6,chainWM,1.05,0.0001,0.2,0,,,1,73.66118876832287,0,extinction,0,1
7,chainWM,1.05,0.0001,0.2,1,52.460128442623535,edge,0,,63,rescue,0,4
8,chainWM,1.05,0.0001,0.2,1,31.51562907552642,edge,0,,273,rescue,0,3
9,chainWM,1.05,0.0001,0.2,1,9.831675715805815,edge,0,,767,rescue,0,1
10,chainWM,1.05,0.0001,0.2,0,,,1,108.34576534459563,0,extinction,0,1
11,chainWM,1.05,0.0001,0.2,1,8.85582014278575,edge,0,,704,rescue,0,2
12,chainWM,1.05,0.0001,0.2,1,21.34699175158526,edge,0,,478,rescue,0,2
13,chainWM,1.05,0.0001,0.2,1,5.630114553778015,edge,0,,672,rescue,0,1
14,chainWM,1.05,0.0001,0.2,0,,,1,86.51298362738996,0,extinction,0,2
15,chainWM,1.05,0.0001,0.2,0,,,1,117.95512566183577,0,extinction,0,0
16,chainWM,1.05,0.0001,0.2,0,,,1,79.60618375662928,0,extinction,0,3
17,chainWM,1.05,0.0001,0.2,1,5.895013002379149,edge,0,,895,rescue,0,3
18,chainWM,1.05,0.0001,0.2,0,,,1,102.1420856221524,0,extinction,0,0
19,chainWM,1.05,0.0001,0.2,1,5.983879691088091,edge,0,,692,rescue,0,1
20,chainWM,1.05,0.0001,0.2,1,13.328229265458246,edge,0,,518,rescue,0,3
21,chainWM,1.05,0.0001,0.2,1,8.8105404175426,edge,0,,542,rescue,0,1
22,chainWM,1.05,0.0001,0.2,0,,,1,77.43503321509584,0,extinction,0,2
23,chainWM,1.05,0.0001,0.2,0,,,1,122.49800683143278,0,extinction,0,1
24,chainWM,1.05,0.0001,0.2,1,11.54441718221996,edge,0,,576,rescue,0,1
25,chainWM,1.05,0.0001,0.2,1,64.54014296663858,edge,0,,124,rescue,0,2
26,chainWM,1.05,0.0001,0.2,1,4.627651485867906,edge,0,,698,rescue,0,1
27,chainWM,1.05,0.0001,0.2,1,13.77504652827342,edge,0,,502,rescue,0,1
28,chainWM,1.05,0.0001,0.2,1,17.788283896446238,edge,0,,370,rescue,0,2
29,chainWM,1.05,0.0001,0.2,1,13.60026259914764,edge,0,,480,rescue,0,1
30,chainWM,1.05,0.0001,0.2,0,,,1,63.8911191627033,0,extinction,0,0
31,chainWM,1.05,0.0001,0.2,1,21.128120340246483,edge,0,,292,rescue,0,1
32,chainWM,1.05,0.0001,0.2,1,12.477921853821853,edge,0,,493,rescue,0,2
33,chainWM,1.05,0.0001,0.2,1,18.851405483650183,edge,0,,440,rescue,0,1
34,chainWM,1.05,0.0001,0.2,0,,,1,82.18602057855884,0,extinction,0,1
35,chainWM,1.05,0.0001,0.2,0,,,1,84.43015592929609,0,extinction,0,0
36,chainWM,1.05,0.0001,0.2,0,,,1,135.68070870059856,0,extinction,0,0
37,chainWM,1.05,0.0001,0.2,0,,,1,85.17677904547412,0,extinction,0,1
38,chainWM,1.05,0.0001,0.2,0,,,1,77.97906537067884,0,extinction,0,0
39,chainWM,1.05,0.0001,0.2,0,,,1,43.52295538914367,0,extinction,0,0
40,chainWM,1.05,0.0001,0.2,0,,,1,86.92685889777022,0,extinction,0,3
41,chainWM,1.05,0.0001,0.2,1,4.677101136239467,edge,0,,716,rescue,0,1
42,chainWM,1.05,0.0001,0.2,0,,,1,75.43038160693256,0,extinction,0,1
43,chainWM,1.05,0.0001,0.2,1,34.46561967196258,edge,0,,343,rescue,0,2
44,chainWM,1.05,0.0001,0.2,0,,,1,84.54119675389904,0,extinction,0,0
45,chainWM,1.05,0.0001,0.2,1,15.985269327067188,edge,0,,654,rescue,0,1
46,chainWM,1.05,0.0001,0.2,0,,,1,89.84826814993475,0,extinction,0,3
47,chainWM,1.05,0.0001,0.2,1,9.546386529460838,edge,0,,624,rescue,0,2
48,chainWM,1.05,0.0001,0.2,1,9.256891941844756,edge,0,,602,rescue,0,1
49,chainWM,1.05,0.0001,0.2,1,5.131627147102453,edge,0,,868,rescue,0,1
50,chainWM,1.05,0.0001,0.2,0,,,1,78.3166214464678,0,extinction,0,1
51,chainWM,1.05,0.0001,0.2,0,,,1,107.19243417261715,0,extinction,0,2
52,chainWM,1.05,0.0001,0.2,1,6.74834270034132,edge,0,,759,rescue,0,1
53,chainWM,1.05,0.0001,0.2,1,3.983641560642815,edge,0,,815,rescue,0,3
54,chainWM,1.05,0.0001,0.2,1,26.22724246303188,edge,0,,351,rescue,0,1
55,chainWM,1.05,0.0001,0.2,1,35.40766315430844,edge,0,,295,rescue,0,3
56,chainWM,1.05,0.0001,0.2,0,,,1,87.69582674914018,0,extinction,0,0
57,chainWM,1.05,0.0001,0.2,1,20.726693030839225,edge,0,,409,rescue,0,1
58,chainWM,1.05,0.0001,0.2,1,17.504951879194454,edge,0,,463,rescue,0,1
59,chainWM,1.05,0.0001,0.2,0,,,1,47.438077185955294,0,extinction,0,2
60,chainWM,1.05,0.0001,0.2,1,64.62798305134312,edge,0,,25,rescue,0,1
61,chainWM,1.05,0.0001,0.2,1,38.77964221474768,edge,0,,104,rescue,0,1
62,chainWM,1.05,0.0001,0.2,1,9.146759858756662,edge,0,,577,rescue,0,1
63,chainWM,1.05,0.0001,0.2,1,8.173700719322467,edge,0,,848,rescue,0,2
64,chainWM,1.05,0.0001,0.2,0,,,1,67.11528804280293,0,extinction,0,1
65,chainWM,1.05,0.0001,0.2,1,36.46256801626152,edge,0,,271,rescue,0,2
66,chainWM,1.05,0.0001,0.2,1,18.76531167604329,edge,0,,415,rescue,0,1
67,chainWM,1.05,0.0001,0.2,1,32.059643134173434,edge,0,,179,rescue,0,2
68,chainWM,1.05,0.0001,0.2,0,,,1,71.95099303453185,0,extinction,0,2
69,chainWM,1.05,0.0001,0.2,1,4.219966880067248,edge,0,,797,rescue,0,1
70,chainWM,1.05,0.0001,0.2,1,4.418843978846812,edge,0,,928,rescue,0,1
71,chainWM,1.05,0.0001,0.2,1,7.47954656223676,edge,0,,757,rescue,0,1
72,chainWM,1.05,0.0001,0.2,0,,,1,98.43396677202963,0,extinction,0,1
73,chainWM,1.05,0.0001,0.2,1,3.768408624894753,edge,0,,912,rescue,0,1
74,chainWM,1.05,0.0001,0.2,1,6.983939392204222,edge,0,,826,rescue,0,3
75,chainWM,1.05,0.0001,0.2,1,15.746956221528349,edge,0,,433,rescue,0,3
76,chainWM,1.05,0.0001,0.2,1,7.221289447839591,edge,0,,690,rescue,0,2
77,chainWM,1.05,0.0001,0.2,0,,,1,68.06685430834031,0,extinction,0,2
78,chainWM,1.05,0.0001,0.2,1,16.948623885424986,edge,0,,357,rescue,0,2
79,chainWM,1.05,0.0001,0.2,1,13.313192746287138,edge,0,,550,rescue,0,1
80,chainWM,1.05,0.0001,0.2,1,7.20728190285259,edge,0,,704,rescue,0,1
81,chainWM,1.05,0.0001,0.2,1,6.652271539728639,edge,0,,716,rescue,0,2
82,chainWM,1.05,0.0001,0.2,0,,,1,166.94638173532687,0,extinction,0,1
83,chainWM,1.05,0.0001,0.2,0,,,1,116.65933442813336,0,extinction,0,0
84,chainWM,1.05,0.0001,0.2,0,,,1,92.89866532644596,0,extinction,0,1
85,chainWM,1.05,0.0001,0.2,1,15.235394330183388,edge,0,,410,rescue,0,3
86,chainWM,1.05,0.0001,0.2,1,35.6029817487738,edge,0,,174,rescue,0,1
87,chainWM,1.05,0.0001,0.2,0,,,1,94.79829508770187,0,extinction,0,2
88,chainWM,1.05,0.0001,0.2,1,2.666427073319661,edge,0,,949,rescue,0,1
89,chainWM,1.05,0.0001,0.2,0,,,1,119.57746956630209,0,extinction,0,0
90,chainWM,1.05,0.0001,0.2,1,22.500720445712947,edge,0,,336,rescue,0,2
91,chainWM,1.05,0.0001,0.2,1,23.923705992463628,edge,0,,382,rescue,0,2
92,chainWM,1.05,0.0001,0.2,1,36.53359090064147,edge,0,,313,rescue,0,2
93,chainWM,1.05,0.0001,0.2,0,,,1,53.13598916927766,0,extinction,0,4
94,chainWM,1.05,0.0001,0.2,1,30.12646020951514,edge,0,,315,rescue,0,3
95,chainWM,1.05,0.0001,0.2,1,7.034038376147144,edge,0,,614,rescue,0,2
96,chainWM,1.05,0.0001,0.2,1,8.400031044668053,edge,0,,806,rescue,0,1
97,chainWM,1.05,0.0001,0.2,1,10.90849725269237,edge,0,,758,rescue,0,1
98,chainWM,1.05,0.0001,0.2,1,8.8651099541947,edge,0,,594,rescue,0,1
99,chainWM,1.05,0.0001,0.2,1,5.730829995102812,edge,0,,787,rescue,0,1
100,chainWM,1.05,0.0001,0.2,1,8.04483576082364,edge,0,,604,rescue,0,1
101,chainWM,1.05,0.0001,0.2,0,,,1,75.12767683647166,0,extinction,0,1
102,chainWM,1.05,0.0001,0.2,0,,,1,134.48302261497534,0,extinction,0,2
103,chainWM,1.05,0.0001,0.2,1,40.51911708561725,edge,0,,161,rescue,0,2
104,chainWM,1.05,0.0001,0.2,1,4.7354804246007465,edge,0,,727,rescue,0,2
105,chainWM,1.05,0.0001,0.2,1,3.265690635343661,edge,0,,860,rescue,0,1
106,chainWM,1.05,0.0001,0.2,1,19.008844426537834,edge,0,,532,rescue,0,1
107,chainWM,1.05,0.0001,0.2,0,,,1,121.73175958571473,0,extinction,0,3
108,chainWM,1.05,0.0001,0.2,0,,,1,55.91259071227585,0,extinction,0,0
109,chainWM,1.05,0.0001,0.2,0,,,1,61.745627640461294,0,extinction,0,1
110,chainWM,1.05,0.0001,0.2,0,,,1,43.62072925237423,0,extinction,0,2
111,chainWM,1.05,0.0001,0.2,0,,,1,124.74115338027032,0,extinction,0,1
112,chainWM,1.05,0.0001,0.2,1,15.417209089071486,edge,0,,665,rescue,0,2
113,chainWM,1.05,0.0001,0.2,1,7.275603254371411,edge,0,,630,rescue,0,2
114,chainWM,1.05,0.0001,0.2,1,15.826704930630989,edge,0,,608,rescue,0,2
115,chainWM,1.05,0.0001,0.2,1,29.865199816585683,edge,0,,267,rescue,0,2
116,chainWM,1.05,0.0001,0.2,1,35.63510671007014,edge,0,,72,rescue,0,3
117,chainWM,1.05,0.0001,0.2,1,23.78460584536475,edge,0,,346,rescue,0,3
118,chainWM,1.05,0.0001,0.2,0,,,1,80.29179592422696,0,extinction,0,1
119,chainWM,1.05,0.0001,0.2,1,15.544758067515398,edge,0,,605,rescue,0,3
120,chainWM,1.05,0.0001,0.2,1,11.90398117184598,edge,0,,554,rescue,0,1
121,chainWM,1.05,0.0001,0.2,1,6.636583216538589,edge,0,,626,rescue,0,1
122,chainWM,1.05,0.0001,0.2,0,,,1,74.10023847132832,0,extinction,0,1
123,chainWM,1.05,0.0001,0.2,1,4.355769078883723,edge,0,,869,rescue,0,1
124,chainWM,1.05,0.0001,0.2,0,,,1,81.97783457040525,0,extinction,0,0
125,chainWM,1.05,0.0001,0.2,1,60.84550486887105,edge,0,,97,rescue,0,2
126,chainWM,1.05,0.0001,0.2,0,,,1,87.44040741983387,0,extinction,0,1
127,chainWM,1.05,0.0001,0.2,1,48.8019016560498,edge,0,,236,rescue,0,3
128,chainWM,1.05,0.0001,0.2,0,,,1,64.67995205235164,0,extinction,0,1
129,chainWM,1.05,0.0001,0.2,1,12.379914687971684,edge,0,,495,rescue,0,2
130,chainWM,1.05,0.0001,0.2,1,9.756673783439926,edge,0,,630,rescue,0,3
131,chainWM,1.05,0.0001,0.2,0,,,1,84.16506182293337,0,extinction,0,1
132,chainWM,1.05,0.0001,0.2,0,,,1,86.12239844310669,0,extinction,0,1
133,chainWM,1.05,0.0001,0.2,1,13.401797739545774,edge,0,,695,rescue,0,1
134,chainWM,1.05,0.0001,0.2,0,,,1,93.15477415707076,0,extinction,0,1
135,chainWM,1.05,0.0001,0.2,1,2.7568312832106403,edge,0,,946,rescue,0,2
136,chainWM,1.05,0.0001,0.2,1,30.275548506884576,edge,0,,130,rescue,0,2
137,chainWM,1.05,0.0001,0.2,0,,,1,154.2354016839538,0,extinction,0,0
138,chainWM,1.05,0.0001,0.2,1,11.711057272884853,edge,0,,579,rescue,0,1
139,chainWM,1.05,0.0001,0.2,1,6.628640461274736,edge,0,,833,rescue,0,2
140,chainWM,1.05,0.0001,0.2,0,,,1,84.71782028893125,0,extinction,0,0
141,chainWM,1.05,0.0001,0.2,0,,,1,51.168042068325285,0,extinction,0,2
142,chainWM,1.05,0.0001,0.2,1,58.95854291960291,edge,0,,52,rescue,0,1
143,chainWM,1.05,0.0001,0.2,1,4.852090729962627,edge,0,,867,rescue,0,2
144,chainWM,1.05,0.0001,0.2,1,36.47152579928233,edge,0,,247,rescue,0,1
145,chainWM,1.05,0.0001,0.2,0,,,1,77.17812326090076,0,extinction,0,0
146,chainWM,1.05,0.0001,0.2,1,14.983913960927348,edge,0,,384,rescue,0,1
147,chainWM,1.05,0.0001,0.2,1,43.448920867613154,edge,0,,20,rescue,0,4
148,chainWM,1.05,0.0001,0.2,1,3.259866537984716,edge,0,,913,rescue,0,2
149,chainWM,1.05,0.0001,0.2,0,,,1,128.1215889370095,0,extinction,0,2
150,chainWM,1.05,0.0001,0.2,0,,,1,92.74796292658262,0,extinction,0,1
151,chainWM,1.05,0.0001,0.2,0,,,1,71.89700808445527,0,extinction,0,0
152,chainWM,1.05,0.0001,0.2,1,8.074976035947346,edge,0,,674,rescue,0,1
153,chainWM,1.05,0.0001,0.2,0,,,1,93.1945301437006,0,extinction,0,1
154,chainWM,1.05,0.0001,0.2,1,30.51038284174309,edge,0,,142,rescue,0,1
155,chainWM,1.05,0.0001,0.2,1,6.922811759405711,edge,0,,737,rescue,0,1
156,chainWM,1.05,0.0001,0.2,1,15.85642146332837,edge,0,,420,rescue,0,3
157,chainWM,1.05,0.0001,0.2,0,,,1,113.47027276981092,0,extinction,0,1
158,chainWM,1.05,0.0001,0.2,1,22.22052771543433,edge,0,,393,rescue,0,2
159,chainWM,1.05,0.0001,0.2,0,,,1,83.73473562486647,0,extinction,0,1
160,chainWM,1.05,0.0001,0.2,1,12.839974994385903,edge,0,,448,rescue,0,1
161,chainWM,1.05,0.0001,0.2,1,12.517929072738196,edge,0,,610,rescue,0,1
162,chainWM,1.05,0.0001,0.2,0,,,1,119.27468389117776,0,extinction,0,1
163,chainWM,1.05,0.0001,0.2,1,9.774445421396308,edge,0,,666,rescue,0,3
164,chainWM,1.05,0.0001,0.2,1,13.040891546763318,edge,0,,757,rescue,0,1
165,chainWM,1.05,0.0001,0.2,0,,,1,57.05501195862215,0,extinction,0,0
166,chainWM,1.05,0.0001,0.2,1,25.6363355427033,edge,0,,445,rescue,0,2
167,chainWM,1.05,0.0001,0.2,0,,,1,89.85136185383337,0,extinction,0,2
168,chainWM,1.05,0.0001,0.2,1,24.36789690177685,edge,0,,300,rescue,0,3
169,chainWM,1.05,0.0001,0.2,1,12.661065048506789,edge,0,,511,rescue,0,1
170,chainWM,1.05,0.0001,0.2,1,1.8312158472539284,edge,0,,869,rescue,0,2
171,chainWM,1.05,0.0001,0.2,1,6.633088845753177,edge,0,,677,rescue,0,3
172,chainWM,1.05,0.0001,0.2,1,34.60113136885235,edge,0,,334,rescue,0,1
173,chainWM,1.05,0.0001,0.2,1,34.041636417114695,edge,0,,240,rescue,0,1
174,chainWM,1.05,0.0001,0.2,0,,,1,76.14127149103446,0,extinction,0,3
175,chainWM,1.05,0.0001,0.2,0,,,1,80.30764850238837,0,extinction,0,0
176,chainWM,1.05,0.0001,0.2,1,31.486339230953902,edge,0,,186,rescue,0,3
177,chainWM,1.05,0.0001,0.2,1,6.520619712949618,edge,0,,810,rescue,0,1
178,chainWM,1.05,0.0001,0.2,0,,,1,61.34205805666743,0,extinction,0,1
179,chainWM,1.05,0.0001,0.2,1,16.43074617476158,edge,0,,424,rescue,0,1
180,chainWM,1.05,0.0001,0.2,1,7.369956455747835,edge,0,,800,rescue,0,1
181,chainWM,1.05,0.0001,0.2,1,11.411969711270418,edge,0,,659,rescue,0,3
182,chainWM,1.05,0.0001,0.2,0,,,1,122.66773897091714,0,extinction,0,0
183,chainWM,1.05,0.0001,0.2,0,,,1,81.92798677040163,0,extinction,0,0
184,chainWM,1.05,0.0001,0.2,0,,,1,64.19952393135955,0,extinction,0,1
185,chainWM,1.05,0.0001,0.2,1,20.672481359025078,edge,0,,356,rescue,0,2
186,chainWM,1.05,0.0001,0.2,1,3.3498883522999874,edge,0,,968,rescue,0,1
187,chainWM,1.05,0.0001,0.2,0,,,1,86.27046372296653,0,extinction,0,1
188,chainWM,1.05,0.0001,0.2,1,36.0241067662665,edge,0,,243,rescue,0,1
189,chainWM,1.05,0.0001,0.2,1,15.84145915491655,edge,0,,364,rescue,0,2
190,chainWM,1.05,0.0001,0.2,0,,,1,125.90795697260302,0,extinction,0,0
191,chainWM,1.05,0.0001,0.2,1,12.112940357025478,edge,0,,648,rescue,0,1
192,chainWM,1.05,0.0001,0.2,1,8.793163345557245,edge,0,,511,rescue,0,1
193,chainWM,1.05,0.0001,0.2,0,,,1,93.60631296655484,0,extinction,0,0
194,chainWM,1.05,0.0001,0.2,0,,,1,90.7432051483845,0,extinction,0,0
195,chainWM,1.05,0.0001,0.2,0,,,1,67.33780741116297,0,extinction,0,1
196,chainWM,1.05,0.0001,0.2,1,13.164660049704525,edge,0,,859,rescue,0,1
197,chainWM,1.05,0.0001,0.2,1,11.694042560685173,edge,0,,424,rescue,0,1
198,chainWM,1.05,0.0001,0.2,0,,,1,83.01632475812586,0,extinction,0,1
199,chainWM,1.05,0.0001,0.2,1,8.930938008840384,edge,0,,794,rescue,0,1
0,chainWM,1.1,0.0001,0.2,0,,,1,71.68770621182752,0,extinction,0,2
1,chainWM,1.1,0.0001,0.2,0,,,1,34.196594838136534,0,extinction,0,0
2,chainWM,1.1,0.0001,0.2,0,,,1,51.97602971338154,0,extinction,0,0
3,chainWM,1.1,0.0001,0.2,0,,,1,54.5421061715636,0,extinction,0,1
4,chainWM,1.1,0.0001,0.2,0,,,1,47.75263843286215,0,extinction,0,0
5,chainWM,1.1,0.0001,0.2,0,,,1,55.34942629211697,0,extinction,0,0
6,chainWM,1.1,0.0001,0.2,0,,,1,49.25828646937451,0,extinction,0,0
7,chainWM,1.1,0.0001,0.2,0,,,1,96.26060802757068,0,extinction,0,1
8,chainWM,1.1,0.0001,0.2,0,,,1,46.30197389727595,0,extinction,0,0
9,chainWM,1.1,0.0001,0.2,0,,,1,52.85604776595325,0,extinction,0,0
10,chainWM,1.1,0.0001,0.2,0,,,1,38.25710361056774,0,extinction,0,0
11,chainWM,1.1,0.0001,0.2,1,4.388627125036373,edge,0,,687,rescue,0,2
12,chainWM,1.1,0.0001,0.2,1,3.611791596697048,edge,0,,633,rescue,0,1
13,chainWM,1.1,0.0001,0.2,0,,,1,51.21588653624209,0,extinction,0,1
14,chainWM,1.1,0.0001,0.2,0,,,1,44.53472091065181,0,extinction,0,1
15,chainWM,1.1,0.0001,0.2,0,,,1,59.90513193793794,0,extinction,0,0
16,chainWM,1.1,0.0001,0.2,0,,,1,62.05107415336244,0,extinction,0,1
17,chainWM,1.1,0.0001,0.2,1,4.581009731060632,edge,0,,659,rescue,0,3
18,chainWM,1.1,0.0001,0.2,0,,,1,79.54773579452994,0,extinction,0,0
19,chainWM,1.1,0.0001,0.2,1,8.454460767077896,edge,0,,263,rescue,0,2
20,chainWM,1.1,0.0001,0.2,1,17.612481155683263,edge,0,,180,rescue,0,3
21,chainWM,1.1,0.0001,0.2,0,,,1,58.663458214020366,0,extinction,0,1
22,chainWM,1.1,0.0001,0.2,0,,,1,47.973372199056335,0,extinction,0,0
23,chainWM,1.1,0.0001,0.2,1,15.782609694352582,edge,0,,160,rescue,0,2
24,chainWM,1.1,0.0001,0.2,1,13.155683287515211,edge,0,,291,rescue,0,1
25,chainWM,1.1,0.0001,0.2,1,29.47155039628449,edge,0,,116,rescue,0,1
26,chainWM,1.1,0.0001,0.2,1,3.3088275767234925,edge,0,,676,rescue,0,1
27,chainWM,1.1,0.0001,0.2,0,,,1,48.94511013479406,0,extinction,0,0
28,chainWM,1.1,0.0001,0.2,0,,,1,40.85403982413151,0,extinction,0,1
29,chainWM,1.1,0.0001,0.2,0,,,1,63.12509980471645,0,extinction,0,0
30,chainWM,1.1,0.0001,0.2,0,,,1,46.58647985244163,0,extinction,0,0
31,chainWM,1.1,0.0001,0.2,0,,,1,46.01319495181821,0,extinction,0,0
32,chainWM,1.1,0.0001,0.2,0,,,1,56.17013085972059,0,extinction,0,1
33,chainWM,1.1,0.0001,0.2,0,,,1,47.89061361585706,0,extinction,0,0
34,chainWM,1.1,0.0001,0.2,0,,,1,44.00463827861253,0,extinction,0,0
35,chainWM,1.1,0.0001,0.2,0,,,1,60.79632799992591,0,extinction,0,0
36,chainWM,1.1,0.0001,0.2,0,,,1,41.71212628625934,0,extinction,0,0
37,chainWM,1.1,0.0001,0.2,0,,,1,46.60753408190626,0,extinction,0,0
38,chainWM,1.1,0.0001,0.2,1,7.099665324534129,edge,0,,400,rescue,0,1
39,chainWM,1.1,0.0001,0.2,0,,,1,37.630899224487074,0,extinction,0,0
40,chainWM,1.1,0.0001,0.2,1,21.50368368496372,edge,0,,108,rescue,0,1
41,chainWM,1.1,0.0001,0.2,1,2.6249513059396303,edge,0,,725,rescue,0,1
42,chainWM,1.1,0.0001,0.2,0,,,1,53.2834268581145,0,extinction,0,1
43,chainWM,1.1,0.0001,0.2,0,,,1,78.96027702541087,0,extinction,0,0
44,chainWM,1.1,0.0001,0.2,0,,,1,30.28944539251046,0,extinction,0,0
45,chainWM,1.1,0.0001,0.2,1,24.66567680351131,edge,0,,126,rescue,0,1
46,chainWM,1.1,0.0001,0.2,0,,,1,93.5834723384028,0,extinction,0,2
47,chainWM,1.1,0.0001,0.2,0,,,1,47.69332987802251,0,extinction,0,1
48,chainWM,1.1,0.0001,0.2,0,,,1,44.71171253813451,0,extinction,0,1
49,chainWM,1.1,0.0001,0.2,1,2.3235799427839905,edge,0,,694,rescue,0,1
50,chainWM,1.1,0.0001,0.2,1,12.374479749133844,edge,0,,259,rescue,0,1
51,chainWM,1.1,0.0001,0.2,0,,,1,36.11963119859182,0,extinction,0,1
52,chainWM,1.1,0.0001,0.2,1,5.9289364326259335,edge,0,,624,rescue,0,1
53,chainWM,1.1,0.0001,0.2,1,6.757011564635086,edge,0,,471,rescue,0,3
54,chainWM,1.1,0.0001,0.2,0,,,1,53.13469282198122,0,extinction,0,1
55,chainWM,1.1,0.0001,0.2,1,9.870648126998033,edge,0,,388,rescue,0,2
56,chainWM,1.1,0.0001,0.2,0,,,1,44.40762784937839,0,extinction,0,0
57,chainWM,1.1,0.0001,0.2,0,,,1,61.84532742512226,0,extinction,0,0
58,chainWM,1.1,0.0001,0.2,1,15.759199483190637,edge,0,,214,rescue,0,2
59,chainWM,1.1,0.0001,0.2,0,,,1,85.44049634826796,0,extinction,0,1
60,chainWM,1.1,0.0001,0.2,1,16.405793167335762,edge,0,,246,rescue,0,1
61,chainWM,1.1,0.0001,0.2,0,,,1,42.39173690415181,0,extinction,0,0
62,chainWM,1.1,0.0001,0.2,0,,,1,67.56472136987557,0,extinction,0,1
63,chainWM,1.1,0.0001,0.2,1,16.321823038439742,edge,0,,221,rescue,0,2
64,chainWM,1.1,0.0001,0.2,0,,,1,39.74606784400121,0,extinction,0,2
65,chainWM,1.1,0.0001,0.2,0,,,1,36.83258244556433,0,extinction,0,0
66,chainWM,1.1,0.0001,0.2,1,41.75640874107029,edge,0,,21,rescue,0,1
67,chainWM,1.1,0.0001,0.2,0,,,1,40.28596786174227,0,extinction,0,1
68,chainWM,1.1,0.0001,0.2,0,,,1,35.689996941279944,0,extinction,0,1
69,chainWM,1.1,0.0001,0.2,1,8.86916511221096,edge,0,,413,rescue,0,1
70,chainWM,1.1,0.0001,0.2,0,,,1,78.61126388128226,0,extinction,0,2
71,chainWM,1.1,0.0001,0.2,0,,,1,52.78662064917977,0,extinction,0,1
72,chainWM,1.1,0.0001,0.2,0,,,1,41.40524765177423,0,extinction,0,0
73,chainWM,1.1,0.0001,0.2,0,,,1,49.61093620843432,0,extinction,0,1
74,chainWM,1.1,0.0001,0.2,1,8.152726381840655,edge,0,,516,rescue,0,2
75,chainWM,1.1,0.0001,0.2,1,5.188150604889526,edge,0,,517,rescue,0,1
76,chainWM,1.1,0.0001,0.2,1,10.563191435007647,edge,0,,288,rescue,0,2
77,chainWM,1.1,0.0001,0.2,0,,,1,38.159819885822365,0,extinction,0,0
78,chainWM,1.1,0.0001,0.2,1,33.16332128916724,edge,0,,68,rescue,0,2
79,chainWM,1.1,0.0001,0.2,0,,,1,72.65235668172285,0,extinction,0,2
80,chainWM,1.1,0.0001,0.2,0,,,1,38.304944798110206,0,extinction,0,1
81,chainWM,1.1,0.0001,0.2,0,,,1,42.1139547327227,0,extinction,0,1
82,chainWM,1.1,0.0001,0.2,1,17.12906477673638,edge,0,,157,rescue,0,2
83,chainWM,1.1,0.0001,0.2,0,,,1,35.06454742484326,0,extinction,0,0
84,chainWM,1.1,0.0001,0.2,0,,,1,73.24097756649527,0,extinction,0,0
85,chainWM,1.1,0.0001,0.2,0,,,1,43.49600481144813,0,extinction,0,2
86,chainWM,1.1,0.0001,0.2,0,,,1,59.60428399792922,0,extinction,0,0
87,chainWM,1.1,0.0001,0.2,0,,,1,54.9862963245515,0,extinction,0,1
88,chainWM,1.1,0.0001,0.2,1,1.5004214361171708,edge,0,,860,rescue,0,1
89,chainWM,1.1,0.0001,0.2,0,,,1,30.95936512800318,0,extinction,0,0
90,chainWM,1.1,0.0001,0.2,0,,,1,65.63081319576892,0,extinction,0,1
91,chainWM,1.1,0.0001,0.2,0,,,1,41.42862860207031,0,extinction,0,2
92,chainWM,1.1,0.0001,0.2,0,,,1,31.84156750541169,0,extinction,0,1
93,chainWM,1.1,0.0001,0.2,1,38.78567013821043,edge,0,,34,rescue,0,2
94,chainWM,1.1,0.0001,0.2,0,,,1,52.34624844905528,0,extinction,0,2
95,chainWM,1.1,0.0001,0.2,0,,,1,39.47024861387372,0,extinction,0,1
96,chainWM,1.1,0.0001,0.2,1,10.76958537448159,edge,0,,439,rescue,0,1
97,chainWM,1.1,0.0001,0.2,1,11.815862168099684,edge,0,,365,rescue,0,1
98,chainWM,1.1,0.0001,0.2,1,10.378690670609776,edge,0,,351,rescue,0,1
99,chainWM,1.1,0.0001,0.2,1,7.21988979101092,edge,0,,535,rescue,0,1
100,chainWM,1.1,0.0001,0.2,0,,,1,44.313191809119104,0,extinction,0,1
101,chainWM,1.1,0.0001,0.2,0,,,1,51.44417976471372,0,extinction,0,0
102,chainWM,1.1,0.0001,0.2,0,,,1,44.07319787392336,0,extinction,0,1
103,chainWM,1.1,0.0001,0.2,0,,,1,71.46462129915217,0,extinction,0,0
104,chainWM,1.1,0.0001,0.2,1,5.168682562385737,edge,0,,535,rescue,0,2
105,chainWM,1.1,0.0001,0.2,1,8.30791978142175,edge,0,,507,rescue,0,1
106,chainWM,1.1,0.0001,0.2,0,,,1,56.69324717479068,0,extinction,0,0
107,chainWM,1.1,0.0001,0.2,1,4.98990824256996,edge,0,,634,rescue,0,1
108,chainWM,1.1,0.0001,0.2,0,,,1,37.535578297221775,0,extinction,0,0
109,chainWM,1.1,0.0001,0.2,1,17.71972496776975,edge,0,,162,rescue,0,1
110,chainWM,1.1,0.0001,0.2,0,,,1,31.114251355404477,0,extinction,0,1
111,chainWM,1.1,0.0001,0.2,0,,,1,50.28508526505925,0,extinction,0,0
112,chainWM,1.1,0.0001,0.2,1,34.47946632903397,edge,0,,155,rescue,0,1
113,chainWM,1.1,0.0001,0.2,0,,,1,78.12270817984935,0,extinction,0,2
114,chainWM,1.1,0.0001,0.2,0,,,1,43.11799961528142,0,extinction,0,1
115,chainWM,1.1,0.0001,0.2,0,,,1,62.30238061432154,0,extinction,0,0
116,chainWM,1.1,0.0001,0.2,0,,,1,53.249374317611846,0,extinction,0,1
117,chainWM,1.1,0.0001,0.2,0,,,1,50.09404123268845,0,extinction,0,2
118,chainWM,1.1,0.0001,0.2,0,,,1,66.93744040745356,0,extinction,0,1
119,chainWM,1.1,0.0001,0.2,1,11.742857328773296,edge,0,,473,rescue,0,1
120,chainWM,1.1,0.0001,0.2,1,23.790005900473066,edge,0,,73,rescue,0,1
121,chainWM,1.1,0.0001,0.2,1,10.833392927714936,edge,0,,252,rescue,0,1
122,chainWM,1.1,0.0001,0.2,0,,,1,44.35414737793752,0,extinction,0,0
123,chainWM,1.1,0.0001,0.2,0,,,1,47.3490725135949,0,extinction,0,1
124,chainWM,1.1,0.0001,0.2,0,,,1,43.41800210689362,0,extinction,0,0
125,chainWM,1.1,0.0001,0.2,0,,,1,44.17468221919097,0,extinction,0,1
126,chainWM,1.1,0.0001,0.2,1,8.343106127362413,edge,0,,407,rescue,0,1
127,chainWM,1.1,0.0001,0.2,0,,,1,46.8231914554121,0,extinction,0,0
128,chainWM,1.1,0.0001,0.2,1,8.384289541192558,edge,0,,584,rescue,0,1
129,chainWM,1.1,0.0001,0.2,0,,,1,58.48878774115244,0,extinction,0,1
130,chainWM,1.1,0.0001,0.2,0,,,1,37.26708118843908,0,extinction,0,2
131,chainWM,1.1,0.0001,0.2,0,,,1,83.11637358685266,0,extinction,0,0
132,chainWM,1.1,0.0001,0.2,0,,,1,53.16842151780572,0,extinction,0,0
133,chainWM,1.1,0.0001,0.2,1,10.308429242237729,edge,0,,509,rescue,0,1
134,chainWM,1.1,0.0001,0.2,0,,,1,44.82176559959761,0,extinction,0,1
135,chainWM,1.1,0.0001,0.2,0,,,1,48.95600393462747,0,extinction,0,2
136,chainWM,1.1,0.0001,0.2,0,,,1,47.94842320908963,0,extinction,0,1
137,chainWM,1.1,0.0001,0.2,0,,,1,58.213285783713445,0,extinction,0,0
138,chainWM,1.1,0.0001,0.2,0,,,1,56.99124386321627,0,extinction,0,1
139,chainWM,1.1,0.0001,0.2,1,11.414917790414425,edge,0,,370,rescue,0,2
140,chainWM,1.1,0.0001,0.2,0,,,1,49.65941768825714,0,extinction,0,0
141,chainWM,1.1,0.0001,0.2,0,,,1,30.739325131160648,0,extinction,0,0
142,chainWM,1.1,0.0001,0.2,0,,,1,34.82108590628898,0,extinction,0,0
143,chainWM,1.1,0.0001,0.2,1,3.7283914315482183,edge,0,,733,rescue,0,2
144,chainWM,1.1,0.0001,0.2,0,,,1,96.51252887737208,0,extinction,0,0
145,chainWM,1.1,0.0001,0.2,0,,,1,59.9439034379396,0,extinction,0,0
146,chainWM,1.1,0.0001,0.2,1,30.521444046313384,edge,0,,71,rescue,0,1
147,chainWM,1.1,0.0001,0.2,0,,,1,31.515285244595056,0,extinction,0,3
148,chainWM,1.1,0.0001,0.2,1,1.8979397676250864,edge,0,,850,rescue,0,2
149,chainWM,1.1,0.0001,0.2,0,,,1,47.81921081426713,0,extinction,0,0
150,chainWM,1.1,0.0001,0.2,1,29.283249132714044,edge,0,,59,rescue,0,1
151,chainWM,1.1,0.0001,0.2,0,,,1,41.64783684726167,0,extinction,0,0
152,chainWM,1.1,0.0001,0.2,1,7.843430673866309,edge,0,,512,rescue,0,1
153,chainWM,1.1,0.0001,0.2,0,,,1,31.40131181027164,0,extinction,0,0
154,chainWM,1.1,0.0001,0.2,0,,,1,28.701574022476997,0,extinction,0,0
155,chainWM,1.1,0.0001,0.2,0,,,1,84.1592462723435,0,extinction,0,1
156,chainWM,1.1,0.0001,0.2,1,6.7734984898864345,edge,0,,545,rescue,0,1
157,chainWM,1.1,0.0001,0.2,0,,,1,45.824507934964906,0,extinction,0,0
158,chainWM,1.1,0.0001,0.2,0,,,1,39.94755099482232,0,extinction,0,1
159,chainWM,1.1,0.0001,0.2,0,,,1,62.82080097424998,0,extinction,0,0
160,chainWM,1.1,0.0001,0.2,1,14.086836957308575,edge,0,,205,rescue,0,1
161,chainWM,1.1,0.0001,0.2,1,9.345400284400313,edge,0,,436,rescue,0,1
162,chainWM,1.1,0.0001,0.2,1,23.89132073627819,edge,0,,236,rescue,0,1
163,chainWM,1.1,0.0001,0.2,1,15.184757420412591,edge,0,,225,rescue,0,2
164,chainWM,1.1,0.0001,0.2,1,22.8010427971285,edge,0,,129,rescue,0,2
165,chainWM,1.1,0.0001,0.2,0,,,1,38.73012962697229,0,extinction,0,0
166,chainWM,1.1,0.0001,0.2,0,,,1,72.51762016554028,0,extinction,0,1
167,chainWM,1.1,0.0001,0.2,0,,,1,47.54489936919968,0,extinction,0,0
168,chainWM,1.1,0.0001,0.2,0,,,1,68.8611546618972,0,extinction,0,2
169,chainWM,1.1,0.0001,0.2,1,5.734485879566046,edge,0,,532,rescue,0,2
170,chainWM,1.1,0.0001,0.2,0,,,1,39.35862636134473,0,extinction,0,1
171,chainWM,1.1,0.0001,0.2,1,11.33427984980246,edge,0,,315,rescue,0,2
172,chainWM,1.1,0.0001,0.2,0,,,1,69.4768305718808,0,extinction,0,0
173,chainWM,1.1,0.0001,0.2,0,,,1,48.65036297169154,0,extinction,0,0
174,chainWM,1.1,0.0001,0.2,0,,,1,71.46461245936908,0,extinction,0,2
175,chainWM,1.1,0.0001,0.2,0,,,1,42.57051592464165,0,extinction,0,0
176,chainWM,1.1,0.0001,0.2,1,14.397190912507837,edge,0,,217,rescue,0,2
177,chainWM,1.1,0.0001,0.2,1,5.845615590816196,edge,0,,578,rescue,0,1
178,chainWM,1.1,0.0001,0.2,0,,,1,40.58602341947743,0,extinction,0,0
179,chainWM,1.1,0.0001,0.2,1,18.55980920611533,edge,0,,154,rescue,0,1
180,chainWM,1.1,0.0001,0.2,0,,,1,44.391981163068365,0,extinction,0,1
181,chainWM,1.1,0.0001,0.2,1,8.890255723563962,edge,0,,464,rescue,0,3
182,chainWM,1.1,0.0001,0.2,0,,,1,58.74327716441687,0,extinction,0,0
183,chainWM,1.1,0.0001,0.2,0,,,1,43.273193171041775,0,extinction,0,0
184,chainWM,1.1,0.0001,0.2,0,,,1,47.62849954965558,0,extinction,0,1
185,chainWM,1.1,0.0001,0.2,0,,,1,38.91429790920231,0,extinction,0,0
186,chainWM,1.1,0.0001,0.2,0,,,1,70.95124829622003,0,extinction,0,2
187,chainWM,1.1,0.0001,0.2,0,,,1,62.71298257381537,0,extinction,0,1
188,chainWM,1.1,0.0001,0.2,0,,,1,60.59609979212377,0,extinction,0,0
189,chainWM,1.1,0.0001,0.2,1,41.00584408930425,edge,0,,30,rescue,0,2
190,chainWM,1.1,0.0001,0.2,0,,,1,34.23537351881334,0,extinction,0,0
191,chainWM,1.1,0.0001,0.2,0,,,1,77.2961693262339,0,extinction,0,0
192,chainWM,1.1,0.0001,0.2,1,2.715813472259656,edge,0,,767,rescue,0,1
193,chainWM,1.1,0.0001,0.2,0,,,1,58.2983418759338,0,extinction,0,0
194,chainWM,1.1,0.0001,0.2,0,,,1,47.9525098626584,0,extinction,0,0
195,chainWM,1.1,0.0001,0.2,0,,,1,59.45425088290404,0,extinction,0,0
196,chainWM,1.1,0.0001,0.2,0,,,1,48.81271098862396,0,extinction,0,0
197,chainWM,1.1,0.0001,0.2,1,13.533262888938216,edge,0,,213,rescue,0,1
198,chainWM,1.1,0.0001,0.2,1,7.686333212882487,edge,0,,478,rescue,0,1
199,chainWM,1.1,0.0001,0.2,0,,,1,40.216350210974525,0,extinction,0,1
0,chainWM,1.2,0.0001,0.2,0,,,1,29.919124032624435,0,extinction,0,0
1,chainWM,1.2,0.0001,0.2,0,,,1,26.711151155977408,0,extinction,0,0
2,chainWM,1.2,0.0001,0.2,0,,,1,25.937205902560105,0,extinction,0,0
3,chainWM,1.2,0.0001,0.2,1,4.153209094417607,edge,0,,442,rescue,0,2
4,chainWM,1.2,0.0001,0.2,0,,,1,23.665873233885595,0,extinction,0,0
5,chainWM,1.2,0.0001,0.2,1,7.165072232074077,edge,0,,259,rescue,0,1
6,chainWM,1.2,0.0001,0.2,0,,,1,25.47580072271649,0,extinction,0,0
7,chainWM,1.2,0.0001,0.2,0,,,1,26.944830047658524,0,extinction,0,0
8,chainWM,1.2,0.0001,0.2,0,,,1,24.563644314036875,0,extinction,0,0
9,chainWM,1.2,0.0001,0.2,1,5.872140859344193,edge,0,,384,rescue,0,1
10,chainWM,1.2,0.0001,0.2,1,10.770153512457451,edge,0,,138,rescue,0,1
11,chainWM,1.2,0.0001,0.2,1,9.486482963275758,edge,0,,180,rescue,0,2
12,chainWM,1.2,0.0001,0.2,1,18.597831657406736,edge,0,,16,rescue,0,2
13,chainWM,1.2,0.0001,0.2,0,,,1,20.525807099165025,0,extinction,0,0
14,chainWM,1.2,0.0001,0.2,0,,,1,31.024529317426023,0,extinction,0,1
15,chainWM,1.2,0.0001,0.2,0,,,1,22.647542733912264,0,extinction,0,0
16,chainWM,1.2,0.0001,0.2,0,,,1,22.466567183370696,0,extinction,0,0
17,chainWM,1.2,0.0001,0.2,0,,,1,27.27596979677893,0,extinction,0,1
18,chainWM,1.2,0.0001,0.2,0,,,1,35.30032010006759,0,extinction,0,0
19,chainWM,1.2,0.0001,0.2,1,13.512641228475832,edge,0,,59,rescue,0,2
20,chainWM,1.2,0.0001,0.2,0,,,1,33.98111427269544,0,extinction,0,1
21,chainWM,1.2,0.0001,0.2,0,,,1,26.40189524780823,0,extinction,0,0
22,chainWM,1.2,0.0001,0.2,0,,,1,25.20239686409743,0,extinction,0,0
23,chainWM,1.2,0.0001,0.2,0,,,1,23.66362150690077,0,extinction,0,1
24,chainWM,1.2,0.0001,0.2,0,,,1,26.344970532787496,0,extinction,0,0
25,chainWM,1.2,0.0001,0.2,0,,,1,46.96455269439736,0,extinction,0,0
26,chainWM,1.2,0.0001,0.2,1,26.88370314865536,edge,0,,20,rescue,0,2
27,chainWM,1.2,0.0001,0.2,0,,,1,28.145443134069623,0,extinction,0,0
28,chainWM,1.2,0.0001,0.2,1,8.690540184906858,edge,0,,96,rescue,0,1
29,chainWM,1.2,0.0001,0.2,0,,,1,24.382417907360622,0,extinction,0,0
30,chainWM,1.2,0.0001,0.2,0,,,1,19.89749543159238,0,extinction,0,0
31,chainWM,1.2,0.0001,0.2,0,,,1,28.0950750680698,0,extinction,0,0
32,chainWM,1.2,0.0001,0.2,0,,,1,30.269040305738237,0,extinction,0,1
33,chainWM,1.2,0.0001,0.2,0,,,1,33.30889249078873,0,extinction,0,0
34,chainWM,1.2,0.0001,0.2,0,,,1,33.158894292568334,0,extinction,0,1
35,chainWM,1.2,0.0001,0.2,0,,,1,24.98622352451291,0,extinction,0,0
36,chainWM,1.2,0.0001,0.2,0,,,1,27.780711008596796,0,extinction,0,0
37,chainWM,1.2,0.0001,0.2,0,,,1,32.245873769719985,0,extinction,0,0
38,chainWM,1.2,0.0001,0.2,0,,,1,22.47262813568017,0,extinction,0,1
39,chainWM,1.2,0.0001,0.2,0,,,1,25.998779446785907,0,extinction,0,0
40,chainWM,1.2,0.0001,0.2,0,,,1,21.125054725877742,0,extinction,0,0
41,chainWM,1.2,0.0001,0.2,0,,,1,25.851396288877115,0,extinction,0,1
42,chainWM,1.2,0.0001,0.2,0,,,1,32.7687392451671,0,extinction,0,0
43,chainWM,1.2,0.0001,0.2,0,,,1,24.239922570116924,0,extinction,0,0
44,chainWM,1.2,0.0001,0.2,1,10.4116959553135,edge,0,,128,rescue,0,1
45,chainWM,1.2,0.0001,0.2,0,,,1,28.94164183903873,0,extinction,0,0
46,chainWM,1.2,0.0001,0.2,0,,,1,23.500973827172068,0,extinction,0,0
47,chainWM,1.2,0.0001,0.2,0,,,1,24.54253553718753,0,extinction,0,1
48,chainWM,1.2,0.0001,0.2,0,,,1,46.98990185353514,0,extinction,0,0
49,chainWM,1.2,0.0001,0.2,0,,,1,34.20943977079128,0,extinction,0,0
50,chainWM,1.2,0.0001,0.2,0,,,1,38.18521483540589,0,extinction,0,0
51,chainWM,1.2,0.0001,0.2,0,,,1,25.87461829701532,0,extinction,0,0
52,chainWM,1.2,0.0001,0.2,1,8.882724067622423,edge,0,,176,rescue,0,1
53,chainWM,1.2,0.0001,0.2,1,3.481327103004704,edge,0,,479,rescue,0,1
54,chainWM,1.2,0.0001,0.2,0,,,1,34.52874489515403,0,extinction,0,0
55,chainWM,1.2,0.0001,0.2,0,,,1,27.76148522199168,0,extinction,0,0
56,chainWM,1.2,0.0001,0.2,0,,,1,25.237519736052143,0,extinction,0,0
57,chainWM,1.2,0.0001,0.2,0,,,1,28.324571736622413,0,extinction,0,0
58,chainWM,1.2,0.0001,0.2,0,,,1,35.99565763803566,0,extinction,0,1
59,chainWM,1.2,0.0001,0.2,0,,,1,27.36669268576802,0,extinction,0,0
60,chainWM,1.2,0.0001,0.2,0,,,1,32.39636471722831,0,extinction,0,0
61,chainWM,1.2,0.0001,0.2,0,,,1,28.139322778646317,0,extinction,0,0
62,chainWM,1.2,0.0001,0.2,0,,,1,18.996596282262875,0,extinction,0,1
63,chainWM,1.2,0.0001,0.2,1,13.114965914224568,edge,0,,84,rescue,0,1
64,chainWM,1.2,0.0001,0.2,1,4.030019330126394,edge,0,,410,rescue,0,1
65,chainWM,1.2,0.0001,0.2,0,,,1,21.388132043317952,0,extinction,0,0
66,chainWM,1.2,0.0001,0.2,0,,,1,19.91752825048288,0,extinction,0,0
67,chainWM,1.2,0.0001,0.2,0,,,1,28.558388087431464,0,extinction,0,0
68,chainWM,1.2,0.0001,0.2,0,,,1,24.97437699664807,0,extinction,0,1
69,chainWM,1.2,0.0001,0.2,0,,,1,27.65497216069976,0,extinction,0,0
70,chainWM,1.2,0.0001,0.2,0,,,1,25.892802491104124,0,extinction,0,0
71,chainWM,1.2,0.0001,0.2,0,,,1,33.0309292391234,0,extinction,0,0
72,chainWM,1.2,0.0001,0.2,0,,,1,21.58109893776177,0,extinction,0,0
73,chainWM,1.2,0.0001,0.2,1,2.815574241477741,edge,0,,623,rescue,0,1
74,chainWM,1.2,0.0001,0.2,1,17.47769566847101,edge,0,,57,rescue,0,1
75,chainWM,1.2,0.0001,0.2,0,,,1,25.664012735817128,0,extinction,0,0
76,chainWM,1.2,0.0001,0.2,1,2.8695849878264474,edge,0,,534,rescue,0,1
77,chainWM,1.2,0.0001,0.2,0,,,1,29.976736576103065,0,extinction,0,0
78,chainWM,1.2,0.0001,0.2,1,9.247043738360368,edge,0,,129,rescue,0,2
79,chainWM,1.2,0.0001,0.2,0,,,1,24.38080586705722,0,extinction,0,0
80,chainWM,1.2,0.0001,0.2,1,3.6216452138913007,edge,0,,482,rescue,0,1
81,chainWM,1.2,0.0001,0.2,0,,,1,26.803071867607937,0,extinction,0,1
82,chainWM,1.2,0.0001,0.2,0,,,1,29.863765447609964,0,extinction,0,0
83,chainWM,1.2,0.0001,0.2,0,,,1,26.254087038710743,0,extinction,0,0
84,chainWM,1.2,0.0001,0.2,0,,,1,36.94441940149932,0,extinction,0,0
85,chainWM,1.2,0.0001,0.2,1,20.08949392702526,edge,0,,27,rescue,0,1
86,chainWM,1.2,0.0001,0.2,0,,,1,32.98197551025087,0,extinction,0,0
87,chainWM,1.2,0.0001,0.2,0,,,1,45.58852640867701,0,extinction,0,0
88,chainWM,1.2,0.0001,0.2,0,,,1,31.6436256465996,0,extinction,0,1
89,chainWM,1.2,0.0001,0.2,0,,,1,34.75002519290113,0,extinction,0,0
90,chainWM,1.2,0.0001,0.2,0,,,1,39.09319821052299,0,extinction,0,0
91,chainWM,1.2,0.0001,0.2,0,,,1,34.329360138567424,0,extinction,0,2
92,chainWM,1.2,0.0001,0.2,0,,,1,17.820861131310544,0,extinction,0,0
93,chainWM,1.2,0.0001,0.2,0,,,1,24.95356627796158,0,extinction,0,1
94,chainWM,1.2,0.0001,0.2,1,8.35026435795697,edge,0,,173,rescue,0,2
95,chainWM,1.2,0.0001,0.2,0,,,1,33.94585873568401,0,extinction,0,1
96,chainWM,1.2,0.0001,0.2,1,10.235424487112615,edge,0,,202,rescue,0,1
97,chainWM,1.2,0.0001,0.2,0,,,1,37.18575160402192,0,extinction,0,2
98,chainWM,1.2,0.0001,0.2,0,,,1,33.248243261928486,0,extinction,0,0
99,chainWM,1.2,0.0001,0.2,1,5.807391505520152,edge,0,,256,rescue,0,1
100,chainWM,1.2,0.0001,0.2,0,,,1,27.79688562335417,0,extinction,0,1
101,chainWM,1.2,0.0001,0.2,0,,,1,23.655638425708705,0,extinction,0,0
102,chainWM,1.2,0.0001,0.2,0,,,1,24.60578537107197,0,extinction,0,0
103,chainWM,1.2,0.0001,0.2,0,,,1,28.17816839078221,0,extinction,0,1
104,chainWM,1.2,0.0001,0.2,1,2.296774841162597,edge,0,,632,rescue,0,2
105,chainWM,1.2,0.0001,0.2,0,,,1,19.14202058689141,0,extinction,0,0
106,chainWM,1.2,0.0001,0.2,0,,,1,31.76386485967159,0,extinction,0,0
107,chainWM,1.2,0.0001,0.2,0,,,1,28.15812779078187,0,extinction,0,2
108,chainWM,1.2,0.0001,0.2,0,,,1,33.89060048009953,0,extinction,0,0
109,chainWM,1.2,0.0001,0.2,0,,,1,38.45066743327951,0,extinction,0,0
110,chainWM,1.2,0.0001,0.2,0,,,1,33.29768539777266,0,extinction,0,1
111,chainWM,1.2,0.0001,0.2,0,,,1,25.80947792224492,0,extinction,0,0
112,chainWM,1.2,0.0001,0.2,0,,,1,38.6284183047846,0,extinction,0,0
113,chainWM,1.2,0.0001,0.2,1,9.700912073616138,edge,0,,91,rescue,0,2
114,chainWM,1.2,0.0001,0.2,0,,,1,21.838933845820645,0,extinction,0,0
115,chainWM,1.2,0.0001,0.2,0,,,1,25.76559849631918,0,extinction,0,0
116,chainWM,1.2,0.0001,0.2,0,,,1,26.695004937241592,0,extinction,0,1
117,chainWM,1.2,0.0001,0.2,0,,,1,28.8841243771138,0,extinction,0,1
118,chainWM,1.2,0.0001,0.2,0,,,1,31.663547874629806,0,extinction,0,1
119,chainWM,1.2,0.0001,0.2,0,,,1,30.727936744891885,0,extinction,0,1
120,chainWM,1.2,0.0001,0.2,0,,,1,23.170929376510266,0,extinction,0,0
121,chainWM,1.2,0.0001,0.2,0,,,1,25.23643147210748,0,extinction,0,0
122,chainWM,1.2,0.0001,0.2,0,,,1,29.844238223112956,0,extinction,0,0
123,chainWM,1.2,0.0001,0.2,0,,,1,33.9777327762651,0,extinction,0,0
124,chainWM,1.2,0.0001,0.2,0,,,1,30.196342199309747,0,extinction,0,0
125,chainWM,1.2,0.0001,0.2,0,,,1,27.730848636521685,0,extinction,0,0
126,chainWM,1.2,0.0001,0.2,0,,,1,19.63808183956501,0,extinction,0,0
127,chainWM,1.2,0.0001,0.2,0,,,1,22.04018471762345,0,extinction,0,0
128,chainWM,1.2,0.0001,0.2,1,6.408049595850109,edge,0,,268,rescue,0,1
129,chainWM,1.2,0.0001,0.2,0,,,1,20.67251009286314,0,extinction,0,0
130,chainWM,1.2,0.0001,0.2,0,,,1,30.277493003972776,0,extinction,0,0
131,chainWM,1.2,0.0001,0.2,0,,,1,31.17243836537241,0,extinction,0,0
132,chainWM,1.2,0.0001,0.2,0,,,1,24.4648266650592,0,extinction,0,0
133,chainWM,1.2,0.0001,0.2,0,,,1,54.016744903444106,0,extinction,0,1
134,chainWM,1.2,0.0001,0.2,1,10.950450713936576,edge,0,,67,rescue,0,1
135,chainWM,1.2,0.0001,0.2,0,,,1,34.8283263143675,0,extinction,0,1
136,chainWM,1.2,0.0001,0.2,1,5.587147126829375,edge,0,,224,rescue,0,1
137,chainWM,1.2,0.0001,0.2,0,,,1,38.60860128609845,0,extinction,0,0
138,chainWM,1.2,0.0001,0.2,0,,,1,26.95251085949637,0,extinction,0,0
139,chainWM,1.2,0.0001,0.2,1,22.98225818143863,edge,0,,31,rescue,0,2
140,chainWM,1.2,0.0001,0.2,0,,,1,27.46376444551654,0,extinction,0,0
141,chainWM,1.2,0.0001,0.2,0,,,1,20.678896526632307,0,extinction,0,0
142,chainWM,1.2,0.0001,0.2,0,,,1,28.29100248238254,0,extinction,0,0
143,chainWM,1.2,0.0001,0.2,0,,,1,27.80814698080328,0,extinction,0,0
144,chainWM,1.2,0.0001,0.2,0,,,1,25.69141814931636,0,extinction,0,0
145,chainWM,1.2,0.0001,0.2,0,,,1,24.737261428417508,0,extinction,0,2
146,chainWM,1.2,0.0001,0.2,0,,,1,24.744757391680626,0,extinction,0,0
147,chainWM,1.2,0.0001,0.2,0,,,1,31.32877866770833,0,extinction,0,1
148,chainWM,1.2,0.0001,0.2,0,,,1,20.68380452073617,0,extinction,0,1
149,chainWM,1.2,0.0001,0.2,0,,,1,27.184883553810767,0,extinction,0,0
150,chainWM,1.2,0.0001,0.2,0,,,1,17.83245548978715,0,extinction,0,0
151,chainWM,1.2,0.0001,0.2,0,,,1,17.798409112751237,0,extinction,0,0
152,chainWM,1.2,0.0001,0.2,0,,,1,29.20379544738122,0,extinction,0,1
153,chainWM,1.2,0.0001,0.2,0,,,1,25.28814897370104,0,extinction,0,0
154,chainWM,1.2,0.0001,0.2,0,,,1,34.58852571686519,0,extinction,0,0
155,chainWM,1.2,0.0001,0.2,0,,,1,32.61133233493075,0,extinction,0,0
156,chainWM,1.2,0.0001,0.2,0,,,1,18.951750816184003,0,extinction,0,1
157,chainWM,1.2,0.0001,0.2,0,,,1,35.337338903201754,0,extinction,0,0
158,chainWM,1.2,0.0001,0.2,0,,,1,20.216674491643538,0,extinction,0,0
159,chainWM,1.2,0.0001,0.2,0,,,1,20.53854025639636,0,extinction,0,0
160,chainWM,1.2,0.0001,0.2,0,,,1,26.227459168426865,0,extinction,0,0
161,chainWM,1.2,0.0001,0.2,0,,,1,31.74395798929348,0,extinction,0,1
162,chainWM,1.2,0.0001,0.2,0,,,1,25.63389549768383,0,extinction,0,0
163,chainWM,1.2,0.0001,0.2,0,,,1,24.08610827502873,0,extinction,0,0
164,chainWM,1.2,0.0001,0.2,0,,,1,29.18886156980483,0,extinction,0,0
165,chainWM,1.2,0.0001,0.2,0,,,1,21.47854354152808,0,extinction,0,0
166,chainWM,1.2,0.0001,0.2,0,,,1,28.25682334066189,0,extinction,0,0
167,chainWM,1.2,0.0001,0.2,0,,,1,27.476365807160946,0,extinction,0,0
168,chainWM,1.2,0.0001,0.2,0,,,1,34.83810478888795,0,extinction,0,0
169,chainWM,1.2,0.0001,0.2,1,2.9874754385585245,edge,0,,573,rescue,0,1
170,chainWM,1.2,0.0001,0.2,1,2.031240872020814,edge,0,,683,rescue,0,2
171,chainWM,1.2,0.0001,0.2,0,,,1,20.312368798445505,0,extinction,0,1
172,chainWM,1.2,0.0001,0.2,0,,,1,27.55251849641137,0,extinction,0,0
173,chainWM,1.2,0.0001,0.2,0,,,1,31.93529179974046,0,extinction,0,0
174,chainWM,1.2,0.0001,0.2,0,,,1,34.45208218027769,0,extinction,0,0
175,chainWM,1.2,0.0001,0.2,0,,,1,39.187885930320974,0,extinction,0,0
176,chainWM,1.2,0.0001,0.2,0,,,1,27.299943224617707,0,extinction,0,0
177,chainWM,1.2,0.0001,0.2,1,8.55628132247366,edge,0,,225,rescue,0,2
178,chainWM,1.2,0.0001,0.2,0,,,1,28.10944874826719,0,extinction,0,0
179,chainWM,1.2,0.0001,0.2,0,,,1,36.83108868193096,0,extinction,0,0
180,chainWM,1.2,0.0001,0.2,0,,,1,23.118822500186948,0,extinction,0,1
181,chainWM,1.2,0.0001,0.2,0,,,1,25.115004369728783,0,extinction,0,2
182,chainWM,1.2,0.0001,0.2,0,,,1,47.35841218709758,0,extinction,0,1
183,chainWM,1.2,0.0001,0.2,0,,,1,39.62993232817168,0,extinction,0,0
184,chainWM,1.2,0.0001,0.2,1,7.193742009577062,edge,0,,225,rescue,0,1
185,chainWM,1.2,0.0001,0.2,0,,,1,40.29563134167456,0,extinction,0,0
186,chainWM,1.2,0.0001,0.2,0,,,1,45.42973272816302,0,extinction,0,1
187,chainWM,1.2,0.0001,0.2,0,,,1,34.70896865695083,0,extinction,0,0
188,chainWM,1.2,0.0001,0.2,0,,,1,30.809809246245813,0,extinction,0,0
189,chainWM,1.2,0.0001,0.2,0,,,1,36.32518991727066,0,extinction,0,0
190,chainWM,1.2,0.0001,0.2,0,,,1,35.00947594623451,0,extinction,0,0
191,chainWM,1.2,0.0001,0.2,0,,,1,24.83309827383381,0,extinction,0,0
192,chainWM,1.2,0.0001,0.2,1,4.45571705243449,edge,0,,340,rescue,0,2
193,chainWM,1.2,0.0001,0.2,0,,,1,29.92713011240612,0,extinction,0,0
194,chainWM,1.2,0.0001,0.2,0,,,1,32.90296095557701,0,extinction,0,0
195,chainWM,1.2,0.0001,0.2,0,,,1,28.17275855380568,0,extinction,0,0
196,chainWM,1.2,0.0001,0.2,0,,,1,27.244675160942748,0,extinction,0,1
197,chainWM,1.2,0.0001,0.2,0,,,1,38.52542906056814,0,extinction,0,0
198,chainWM,1.2,0.0001,0.2,1,5.95435686251902,edge,0,,300,rescue,0,1
199,chainWM,1.2,0.0001,0.2,0,,,1,33.74999632866157,0,extinction,0,0
0,chainWM,1.4,0.0001,0.2,0,,,1,16.47821427323047,0,extinction,0,0
1,chainWM,1.4,0.0001,0.2,0,,,1,18.76231029998073,0,extinction,0,0
2,chainWM,1.4,0.0001,0.2,0,,,1,14.050884842768909,0,extinction,0,0
3,chainWM,1.4,0.0001,0.2,0,,,1,16.493754960781924,0,extinction,0,1
4,chainWM,1.4,0.0001,0.2,0,,,1,10.638392477100398,0,extinction,0,0
5,chainWM,1.4,0.0001,0.2,1,2.243749225738311,edge,0,,399,rescue,0,1
6,chainWM,1.4,0.0001,0.2,0,,,1,15.05323162585026,0,extinction,0,0
7,chainWM,1.4,0.0001,0.2,0,,,1,16.88890785934525,0,extinction,0,0
8,chainWM,1.4,0.0001,0.2,0,,,1,13.908653539059092,0,extinction,0,0
9,chainWM,1.4,0.0001,0.2,1,3.727690101843493,edge,0,,285,rescue,0,1
10,chainWM,1.4,0.0001,0.2,0,,,1,21.08848252361991,0,extinction,0,0
11,chainWM,1.4,0.0001,0.2,0,,,1,19.34184447790292,0,extinction,0,1
12,chainWM,1.4,0.0001,0.2,0,,,1,15.127388167957674,0,extinction,0,2
13,chainWM,1.4,0.0001,0.2,0,,,1,16.62038275602651,0,extinction,0,0
14,chainWM,1.4,0.0001,0.2,0,,,1,16.44870190379757,0,extinction,0,0
15,chainWM,1.4,0.0001,0.2,0,,,1,14.087969396046129,0,extinction,0,0
16,chainWM,1.4,0.0001,0.2,0,,,1,13.734263768555415,0,extinction,0,0
17,chainWM,1.4,0.0001,0.2,1,8.611258082210776,edge,0,,40,rescue,0,1
18,chainWM,1.4,0.0001,0.2,1,17.723417662453574,edge,0,,16,rescue,0,1
19,chainWM,1.4,0.0001,0.2,0,,,1,17.126282126553658,0,extinction,0,0
20,chainWM,1.4,0.0001,0.2,0,,,1,15.258387850614003,0,extinction,0,1
21,chainWM,1.4,0.0001,0.2,0,,,1,11.070344836486948,0,extinction,0,0
22,chainWM,1.4,0.0001,0.2,0,,,1,15.819196757423642,0,extinction,0,0
23,chainWM,1.4,0.0001,0.2,0,,,1,14.661385314315064,0,extinction,0,1
24,chainWM,1.4,0.0001,0.2,0,,,1,13.648279279484193,0,extinction,0,0
25,chainWM,1.4,0.0001,0.2,0,,,1,15.00218459119711,0,extinction,0,0
26,chainWM,1.4,0.0001,0.2,1,6.911346797652819,edge,0,,86,rescue,0,1
27,chainWM,1.4,0.0001,0.2,0,,,1,14.202616487445535,0,extinction,0,0
28,chainWM,1.4,0.0001,0.2,0,,,1,14.844656360124189,0,extinction,0,1
29,chainWM,1.4,0.0001,0.2,0,,,1,11.827299754099474,0,extinction,0,0
30,chainWM,1.4,0.0001,0.2,0,,,1,13.993068699417986,0,extinction,0,0
31,chainWM,1.4,0.0001,0.2,0,,,1,15.001581930682406,0,extinction,0,0
32,chainWM,1.4,0.0001,0.2,1,5.742458868001408,edge,0,,127,rescue,0,2
33,chainWM,1.4,0.0001,0.2,0,,,1,17.14315122659996,0,extinction,0,0
34,chainWM,1.4,0.0001,0.2,0,,,1,13.399000891640856,0,extinction,0,1
35,chainWM,1.4,0.0001,0.2,0,,,1,16.524376041664013,0,extinction,0,0
36,chainWM,1.4,0.0001,0.2,0,,,1,15.683442934362468,0,extinction,0,0
37,chainWM,1.4,0.0001,0.2,0,,,1,14.975631725179577,0,extinction,0,0
38,chainWM,1.4,0.0001,0.2,0,,,1,17.46603306191747,0,extinction,0,0
39,chainWM,1.4,0.0001,0.2,0,,,1,14.15776202383628,0,extinction,0,0
40,chainWM,1.4,0.0001,0.2,0,,,1,16.35654762109617,0,extinction,0,0
41,chainWM,1.4,0.0001,0.2,0,,,1,13.569201092508289,0,extinction,0,0
42,chainWM,1.4,0.0001,0.2,0,,,1,12.977590321493404,0,extinction,0,0
43,chainWM,1.4,0.0001,0.2,1,16.320363948821278,edge,0,,12,rescue,0,1
44,chainWM,1.4,0.0001,0.2,0,,,1,17.9548301358165,0,extinction,0,0
45,chainWM,1.4,0.0001,0.2,0,,,1,14.079348071368043,0,extinction,0,0
46,chainWM,1.4,0.0001,0.2,0,,,1,12.831367811856197,0,extinction,0,0
47,chainWM,1.4,0.0001,0.2,1,2.57599082323376,edge,0,,312,rescue,0,1
48,chainWM,1.4,0.0001,0.2,0,,,1,17.81406277984893,0,extinction,0,0
49,chainWM,1.4,0.0001,0.2,0,,,1,18.29314337986468,0,extinction,0,0
50,chainWM,1.4,0.0001,0.2,0,,,1,16.86615534202953,0,extinction,0,0
51,chainWM,1.4,0.0001,0.2,0,,,1,14.090948896462065,0,extinction,0,0
52,chainWM,1.4,0.0001,0.2,0,,,1,19.099276984739536,0,extinction,0,0
53,chainWM,1.4,0.0001,0.2,0,,,1,15.52964476803703,0,extinction,0,1
54,chainWM,1.4,0.0001,0.2,0,,,1,13.892296074612537,0,extinction,0,0
55,chainWM,1.4,0.0001,0.2,0,,,1,12.231094884599065,0,extinction,0,0
56,chainWM,1.4,0.0001,0.2,0,,,1,17.798292489106135,0,extinction,0,0
57,chainWM,1.4,0.0001,0.2,0,,,1,15.368420647241232,0,extinction,0,0
58,chainWM,1.4,0.0001,0.2,0,,,1,13.56191294810699,0,extinction,0,0
59,chainWM,1.4,0.0001,0.2,0,,,1,14.906443835930952,0,extinction,0,0
60,chainWM,1.4,0.0001,0.2,0,,,1,14.527324397950348,0,extinction,0,0
61,chainWM,1.4,0.0001,0.2,0,,,1,10.816639623987816,0,extinction,0,0
62,chainWM,1.4,0.0001,0.2,0,,,1,16.003552941986136,0,extinction,0,1
63,chainWM,1.4,0.0001,0.2,0,,,1,15.756259276699124,0,extinction,0,0
64,chainWM,1.4,0.0001,0.2,0,,,1,11.301467894546814,0,extinction,0,1
65,chainWM,1.4,0.0001,0.2,0,,,1,15.73193939859533,0,extinction,0,1
66,chainWM,1.4,0.0001,0.2,0,,,1,13.383367368107598,0,extinction,0,0
67,chainWM,1.4,0.0001,0.2,0,,,1,16.31653715783181,0,extinction,0,0
68,chainWM,1.4,0.0001,0.2,0,,,1,13.245379743077004,0,extinction,0,0
69,chainWM,1.4,0.0001,0.2,0,,,1,16.524012770752982,0,extinction,0,0
70,chainWM,1.4,0.0001,0.2,0,,,1,28.89733164056905,0,extinction,0,0
71,chainWM,1.4,0.0001,0.2,0,,,1,21.162671489595485,0,extinction,0,0
72,chainWM,1.4,0.0001,0.2,0,,,1,15.70512691766016,0,extinction,0,0
73,chainWM,1.4,0.0001,0.2,0,,,1,15.608978827279698,0,extinction,0,0
74,chainWM,1.4,0.0001,0.2,0,,,1,11.456622944871365,0,extinction,0,0
75,chainWM,1.4,0.0001,0.2,0,,,1,13.001856595133114,0,extinction,0,0
76,chainWM,1.4,0.0001,0.2,1,2.7149714258806124,edge,0,,311,rescue,0,1
77,chainWM,1.4,0.0001,0.2,0,,,1,13.817474944773243,0,extinction,0,0
78,chainWM,1.4,0.0001,0.2,0,,,1,13.831596663003769,0,extinction,0,1
79,chainWM,1.4,0.0001,0.2,0,,,1,17.10750305606863,0,extinction,0,0
80,chainWM,1.4,0.0001,0.2,0,,,1,24.118594832808014,0,extinction,0,1
81,chainWM,1.4,0.0001,0.2,0,,,1,12.282332845009758,0,extinction,0,0
82,chainWM,1.4,0.0001,0.2,0,,,1,17.211820440928392,0,extinction,0,0
83,chainWM,1.4,0.0001,0.2,0,,,1,12.388700923507152,0,extinction,0,0
84,chainWM,1.4,0.0001,0.2,0,,,1,20.52742647116754,0,extinction,0,0
85,chainWM,1.4,0.0001,0.2,0,,,1,15.43852422574805,0,extinction,0,0
86,chainWM,1.4,0.0001,0.2,0,,,1,10.647595337814431,0,extinction,0,0
87,chainWM,1.4,0.0001,0.2,0,,,1,19.688971563027582,0,extinction,0,0
88,chainWM,1.4,0.0001,0.2,0,,,1,17.68676052270299,0,extinction,0,1
89,chainWM,1.4,0.0001,0.2,0,,,1,13.985124742389718,0,extinction,0,0
90,chainWM,1.4,0.0001,0.2,0,,,1,21.37158455208657,0,extinction,0,0
91,chainWM,1.4,0.0001,0.2,1,4.253769961923042,edge,0,,242,rescue,0,2
92,chainWM,1.4,0.0001,0.2,0,,,1,15.251027235995204,0,extinction,0,0
93,chainWM,1.4,0.0001,0.2,0,,,1,15.29279741602058,0,extinction,0,0
94,chainWM,1.4,0.0001,0.2,0,,,1,17.4697716765337,0,extinction,0,0
95,chainWM,1.4,0.0001,0.2,0,,,1,16.699804319967,0,extinction,0,0
96,chainWM,1.4,0.0001,0.2,0,,,1,14.625036115639784,0,extinction,0,0
97,chainWM,1.4,0.0001,0.2,0,,,1,18.17248626421704,0,extinction,0,0
98,chainWM,1.4,0.0001,0.2,0,,,1,15.874219350102468,0,extinction,0,0
99,chainWM,1.4,0.0001,0.2,0,,,1,17.605114035407077,0,extinction,0,1
100,chainWM,1.4,0.0001,0.2,0,,,1,13.195838602687372,0,extinction,0,0
101,chainWM,1.4,0.0001,0.2,0,,,1,12.61405068054671,0,extinction,0,0
102,chainWM,1.4,0.0001,0.2,0,,,1,13.932989658730117,0,extinction,0,0
103,chainWM,1.4,0.0001,0.2,0,,,1,19.80766887392207,0,extinction,0,0
104,chainWM,1.4,0.0001,0.2,1,4.216367379018608,edge,0,,177,rescue,0,1
105,chainWM,1.4,0.0001,0.2,0,,,1,15.949275713804813,0,extinction,0,0
106,chainWM,1.4,0.0001,0.2,0,,,1,18.546993624709877,0,extinction,0,0
107,chainWM,1.4,0.0001,0.2,0,,,1,11.905513437701352,0,extinction,0,0
108,chainWM,1.4,0.0001,0.2,0,,,1,15.37791165485405,0,extinction,0,0
109,chainWM,1.4,0.0001,0.2,0,,,1,11.140724471856856,0,extinction,0,0
110,chainWM,1.4,0.0001,0.2,0,,,1,15.255738158010807,0,extinction,0,0
111,chainWM,1.4,0.0001,0.2,0,,,1,17.939255546832218,0,extinction,0,0
112,chainWM,1.4,0.0001,0.2,0,,,1,14.051628652224675,0,extinction,0,0
113,chainWM,1.4,0.0001,0.2,0,,,1,15.140836016358511,0,extinction,0,0
114,chainWM,1.4,0.0001,0.2,0,,,1,12.823463671392416,0,extinction,0,1
115,chainWM,1.4,0.0001,0.2,0,,,1,18.315194833011912,0,extinction,0,0
116,chainWM,1.4,0.0001,0.2,0,,,1,14.64929197192703,0,extinction,0,1
117,chainWM,1.4,0.0001,0.2,0,,,1,17.246549598057282,0,extinction,0,0
118,chainWM,1.4,0.0001,0.2,0,,,1,17.907572984654983,0,extinction,0,0
119,chainWM,1.4,0.0001,0.2,0,,,1,16.573234924306824,0,extinction,0,0
120,chainWM,1.4,0.0001,0.2,0,,,1,19.27862215193728,0,extinction,0,0
121,chainWM,1.4,0.0001,0.2,0,,,1,12.766522763855304,0,extinction,0,0
122,chainWM,1.4,0.0001,0.2,0,,,1,13.613063851618138,0,extinction,0,0
123,chainWM,1.4,0.0001,0.2,0,,,1,13.676976490648284,0,extinction,0,1
124,chainWM,1.4,0.0001,0.2,0,,,1,12.680685951562037,0,extinction,0,0
125,chainWM,1.4,0.0001,0.2,0,,,1,17.436709860152394,0,extinction,0,0
126,chainWM,1.4,0.0001,0.2,0,,,1,12.693444996859904,0,extinction,0,0
127,chainWM,1.4,0.0001,0.2,0,,,1,14.112632475049129,0,extinction,0,0
128,chainWM,1.4,0.0001,0.2,0,,,1,12.614149063189092,0,extinction,0,0
129,chainWM,1.4,0.0001,0.2,0,,,1,11.519206072576887,0,extinction,0,0
130,chainWM,1.4,0.0001,0.2,0,,,1,10.947614940536528,0,extinction,0,1
131,chainWM,1.4,0.0001,0.2,0,,,1,15.791456373235778,0,extinction,0,0
132,chainWM,1.4,0.0001,0.2,0,,,1,14.661507055199444,0,extinction,0,0
133,chainWM,1.4,0.0001,0.2,0,,,1,18.492822246391118,0,extinction,0,0
134,chainWM,1.4,0.0001,0.2,1,4.119230937030697,edge,0,,175,rescue,0,1
135,chainWM,1.4,0.0001,0.2,1,7.223781856267796,edge,0,,61,rescue,0,1
136,chainWM,1.4,0.0001,0.2,0,,,1,11.943985854945836,0,extinction,0,0
137,chainWM,1.4,0.0001,0.2,0,,,1,20.840441370886605,0,extinction,0,0
138,chainWM,1.4,0.0001,0.2,0,,,1,12.587222451937118,0,extinction,0,0
139,chainWM,1.4,0.0001,0.2,0,,,1,15.058907808817109,0,extinction,0,0
140,chainWM,1.4,0.0001,0.2,0,,,1,14.1907977502666,0,extinction,0,0
141,chainWM,1.4,0.0001,0.2,0,,,1,16.448284170097278,0,extinction,0,0
142,chainWM,1.4,0.0001,0.2,0,,,1,19.945335171118074,0,extinction,0,0
143,chainWM,1.4,0.0001,0.2,0,,,1,14.6651707397413,0,extinction,0,2
144,chainWM,1.4,0.0001,0.2,1,8.214060604565748,edge,0,,68,rescue,0,1
145,chainWM,1.4,0.0001,0.2,0,,,1,15.70530948447588,0,extinction,0,0
146,chainWM,1.4,0.0001,0.2,0,,,1,14.41892904766459,0,extinction,0,0
147,chainWM,1.4,0.0001,0.2,0,,,1,13.110957764777778,0,extinction,0,0
148,chainWM,1.4,0.0001,0.2,1,2.253570507088237,edge,0,,418,rescue,0,2
149,chainWM,1.4,0.0001,0.2,0,,,1,15.525179830858304,0,extinction,0,0
150,chainWM,1.4,0.0001,0.2,0,,,1,11.569282904316,0,extinction,0,0
151,chainWM,1.4,0.0001,0.2,0,,,1,16.30081142118382,0,extinction,0,0
152,chainWM,1.4,0.0001,0.2,0,,,1,18.461054904938088,0,extinction,0,0
153,chainWM,1.4,0.0001,0.2,0,,,1,16.34499812313168,0,extinction,0,0
154,chainWM,1.4,0.0001,0.2,0,,,1,12.792057369255526,0,extinction,0,0
155,chainWM,1.4,0.0001,0.2,0,,,1,16.287202798338928,0,extinction,0,0
156,chainWM,1.4,0.0001,0.2,0,,,1,12.456609241994828,0,extinction,0,1
157,chainWM,1.4,0.0001,0.2,0,,,1,17.765076370478898,0,extinction,0,0
158,chainWM,1.4,0.0001,0.2,0,,,1,17.91901279364669,0,extinction,0,0
159,chainWM,1.4,0.0001,0.2,0,,,1,15.312453964293072,0,extinction,0,0
160,chainWM,1.4,0.0001,0.2,0,,,1,18.43849496492655,0,extinction,0,0
161,chainWM,1.4,0.0001,0.2,0,,,1,13.191975949724284,0,extinction,0,0
162,chainWM,1.4,0.0001,0.2,0,,,1,12.736557280024366,0,extinction,0,0
163,chainWM,1.4,0.0001,0.2,0,,,1,19.33183673048097,0,extinction,0,0
164,chainWM,1.4,0.0001,0.2,0,,,1,15.798074294305396,0,extinction,0,0
165,chainWM,1.4,0.0001,0.2,0,,,1,15.408118518134469,0,extinction,0,0
166,chainWM,1.4,0.0001,0.2,0,,,1,17.975305850103997,0,extinction,0,0
167,chainWM,1.4,0.0001,0.2,0,,,1,14.042326678978858,0,extinction,0,0
168,chainWM,1.4,0.0001,0.2,0,,,1,14.783263787555391,0,extinction,0,0
169,chainWM,1.4,0.0001,0.2,0,,,1,19.196202625001405,0,extinction,0,1
170,chainWM,1.4,0.0001,0.2,1,2.8124127023595094,edge,0,,383,rescue,0,2
171,chainWM,1.4,0.0001,0.2,0,,,1,18.83408569838004,0,extinction,0,0
172,chainWM,1.4,0.0001,0.2,1,4.030194385567762,edge,0,,199,rescue,0,1
173,chainWM,1.4,0.0001,0.2,0,,,1,16.35790265779224,0,extinction,0,0
174,chainWM,1.4,0.0001,0.2,0,,,1,12.9713872490328,0,extinction,0,0
175,chainWM,1.4,0.0001,0.2,0,,,1,18.89957025191932,0,extinction,0,0
176,chainWM,1.4,0.0001,0.2,1,10.573828626426312,edge,0,,34,rescue,0,1
177,chainWM,1.4,0.0001,0.2,1,10.432241311055655,edge,0,,26,rescue,0,1
178,chainWM,1.4,0.0001,0.2,0,,,1,15.748943574473149,0,extinction,0,0
179,chainWM,1.4,0.0001,0.2,0,,,1,14.727218741339366,0,extinction,0,0
180,chainWM,1.4,0.0001,0.2,1,6.4671115958260055,edge,0,,72,rescue,0,1
181,chainWM,1.4,0.0001,0.2,0,,,1,15.743549229807984,0,extinction,0,0
182,chainWM,1.4,0.0001,0.2,0,,,1,16.667493811185995,0,extinction,0,0
183,chainWM,1.4,0.0001,0.2,0,,,1,18.546924304054752,0,extinction,0,0
184,chainWM,1.4,0.0001,0.2,0,,,1,14.60091147843672,0,extinction,0,0
185,chainWM,1.4,0.0001,0.2,0,,,1,13.189592529642368,0,extinction,0,0
186,chainWM,1.4,0.0001,0.2,0,,,1,14.851854047842773,0,extinction,0,1
187,chainWM,1.4,0.0001,0.2,0,,,1,20.46275391121333,0,extinction,0,0
188,chainWM,1.4,0.0001,0.2,0,,,1,16.41362473876538,0,extinction,0,0
189,chainWM,1.4,0.0001,0.2,0,,,1,18.76986915953959,0,extinction,0,0
190,chainWM,1.4,0.0001,0.2,0,,,1,19.996795757010805,0,extinction,0,0
191,chainWM,1.4,0.0001,0.2,0,,,1,23.02409112913677,0,extinction,0,0
192,chainWM,1.4,0.0001,0.2,1,5.668802390869452,edge,0,,95,rescue,0,1
193,chainWM,1.4,0.0001,0.2,0,,,1,16.944744928287072,0,extinction,0,0
194,chainWM,1.4,0.0001,0.2,0,,,1,12.820103473667665,0,extinction,0,0
195,chainWM,1.4,0.0001,0.2,0,,,1,22.514856026279464,0,extinction,0,0
196,chainWM,1.4,0.0001,0.2,0,,,1,14.6501433404705,0,extinction,0,0
197,chainWM,1.4,0.0001,0.2,0,,,1,14.401960315399588,0,extinction,0,0
198,chainWM,1.4,0.0001,0.2,1,9.54373841130827,edge,0,,33,rescue,0,2
199,chainWM,1.4,0.0001,0.2,0,,,1,17.96744549406848,0,extinction,0,0
0,chainWM,1.6,0.0001,0.2,0,,,1,8.897020810454714,0,extinction,0,0
1,chainWM,1.6,0.0001,0.2,0,,,1,11.502395716453195,0,extinction,0,0
2,chainWM,1.6,0.0001,0.2,0,,,1,11.821452536498406,0,extinction,0,0
3,chainWM,1.6,0.0001,0.2,0,,,1,9.02018064121362,0,extinction,0,1
4,chainWM,1.6,0.0001,0.2,0,,,1,8.944259380262757,0,extinction,0,0
5,chainWM,1.6,0.0001,0.2,0,,,1,10.239963498585444,0,extinction,0,1
6,chainWM,1.6,0.0001,0.2,0,,,1,12.174350962948782,0,extinction,0,0
7,chainWM,1.6,0.0001,0.2,0,,,1,10.592704168521202,0,extinction,0,0
8,chainWM,1.6,0.0001,0.2,0,,,1,9.231315385673216,0,extinction,0,0
9,chainWM,1.6,0.0001,0.2,1,10.28187146067562,edge,0,,17,rescue,0,1
10,chainWM,1.6,0.0001,0.2,0,,,1,16.17772998561534,0,extinction,0,1
11,chainWM,1.6,0.0001,0.2,0,,,1,10.41765247619111,0,extinction,0,0
12,chainWM,1.6,0.0001,0.2,1,5.542162577846772,edge,0,,44,rescue,0,1
13,chainWM,1.6,0.0001,0.2,0,,,1,9.58480522214134,0,extinction,0,0
14,chainWM,1.6,0.0001,0.2,0,,,1,8.503900448172832,0,extinction,0,0
15,chainWM,1.6,0.0001,0.2,0,,,1,10.027978059712025,0,extinction,0,0
16,chainWM,1.6,0.0001,0.2,0,,,1,10.258411738416564,0,extinction,0,0
17,chainWM,1.6,0.0001,0.2,0,,,1,10.078282207754652,0,extinction,0,0
18,chainWM,1.6,0.0001,0.2,0,,,1,13.366227339535742,0,extinction,0,0
19,chainWM,1.6,0.0001,0.2,0,,,1,9.193315993044443,0,extinction,0,0
20,chainWM,1.6,0.0001,0.2,0,,,1,16.290878064813555,0,extinction,0,1
21,chainWM,1.6,0.0001,0.2,0,,,1,9.15565995104081,0,extinction,0,0
22,chainWM,1.6,0.0001,0.2,0,,,1,10.01241952326948,0,extinction,0,0
23,chainWM,1.6,0.0001,0.2,0,,,1,10.341230759402382,0,extinction,0,1
24,chainWM,1.6,0.0001,0.2,0,,,1,9.64642277929794,0,extinction,0,0
25,chainWM,1.6,0.0001,0.2,0,,,1,11.929519692460804,0,extinction,0,0
26,chainWM,1.6,0.0001,0.2,1,7.735052898323264,edge,0,,11,rescue,0,1
27,chainWM,1.6,0.0001,0.2,0,,,1,12.465706287808336,0,extinction,0,0
28,chainWM,1.6,0.0001,0.2,0,,,1,9.228987583038036,0,extinction,0,1
29,chainWM,1.6,0.0001,0.2,0,,,1,7.661404267759524,0,extinction,0,0
30,chainWM,1.6,0.0001,0.2,0,,,1,10.908534029738538,0,extinction,0,0
31,chainWM,1.6,0.0001,0.2,0,,,1,7.904225879452376,0,extinction,0,0
32,chainWM,1.6,0.0001,0.2,1,9.856384863709374,edge,0,,10,rescue,0,1
33,chainWM,1.6,0.0001,0.2,0,,,1,15.29630172814324,0,extinction,0,0
34,chainWM,1.6,0.0001,0.2,0,,,1,9.27976559138529,0,extinction,0,2
35,chainWM,1.6,0.0001,0.2,0,,,1,11.72299573236042,0,extinction,0,0
36,chainWM,1.6,0.0001,0.2,0,,,1,10.549574103716978,0,extinction,0,0
37,chainWM,1.6,0.0001,0.2,0,,,1,11.050387923725877,0,extinction,0,0
38,chainWM,1.6,0.0001,0.2,1,7.905166313873956,edge,0,,19,rescue,0,1
39,chainWM,1.6,0.0001,0.2,0,,,1,14.894384151116244,0,extinction,0,0
40,chainWM,1.6,0.0001,0.2,0,,,1,13.68905562066232,0,extinction,0,0
41,chainWM,1.6,0.0001,0.2,0,,,1,8.847403128235124,0,extinction,0,0
42,chainWM,1.6,0.0001,0.2,0,,,1,8.499412401390423,0,extinction,0,0
43,chainWM,1.6,0.0001,0.2,0,,,1,11.548914001426269,0,extinction,0,0
44,chainWM,1.6,0.0001,0.2,0,,,1,14.815529153957549,0,extinction,0,0
45,chainWM,1.6,0.0001,0.2,0,,,1,14.406942392999678,0,extinction,0,0
46,chainWM,1.6,0.0001,0.2,0,,,1,11.453762274204868,0,extinction,0,0
47,chainWM,1.6,0.0001,0.2,0,,,1,7.614228414113589,0,extinction,0,0
48,chainWM,1.6,0.0001,0.2,0,,,1,7.987321467975091,0,extinction,0,0
49,chainWM,1.6,0.0001,0.2,0,,,1,10.989781473143502,0,extinction,0,0
50,chainWM,1.6,0.0001,0.2,0,,,1,9.752162320186642,0,extinction,0,0
51,chainWM,1.6,0.0001,0.2,0,,,1,15.13624323745784,0,extinction,0,0
52,chainWM,1.6,0.0001,0.2,0,,,1,10.00033034062102,0,extinction,0,0
53,chainWM,1.6,0.0001,0.2,0,,,1,10.398238607903483,0,extinction,0,0
54,chainWM,1.6,0.0001,0.2,0,,,1,12.1059711003699,0,extinction,0,0
55,chainWM,1.6,0.0001,0.2,0,,,1,12.9640363331876,0,extinction,0,0
56,chainWM,1.6,0.0001,0.2,0,,,1,10.927821234903933,0,extinction,0,0
57,chainWM,1.6,0.0001,0.2,0,,,1,14.669723278987952,0,extinction,0,0
58,chainWM,1.6,0.0001,0.2,0,,,1,9.167124496946704,0,extinction,0,0
59,chainWM,1.6,0.0001,0.2,0,,,1,9.224263091397004,0,extinction,0,0
60,chainWM,1.6,0.0001,0.2,0,,,1,10.804153636836393,0,extinction,0,0
61,chainWM,1.6,0.0001,0.2,0,,,1,8.730573805517338,0,extinction,0,0
62,chainWM,1.6,0.0001,0.2,0,,,1,8.648355142101769,0,extinction,0,1
63,chainWM,1.6,0.0001,0.2,0,,,1,13.638193426657086,0,extinction,0,0
64,chainWM,1.6,0.0001,0.2,1,8.303430333412916,edge,0,,19,rescue,0,1
65,chainWM,1.6,0.0001,0.2,0,,,1,11.691296963217392,0,extinction,0,0
66,chainWM,1.6,0.0001,0.2,0,,,1,12.609420039847125,0,extinction,0,0
67,chainWM,1.6,0.0001,0.2,0,,,1,9.1869162535479,0,extinction,0,0
68,chainWM,1.6,0.0001,0.2,0,,,1,14.647875027599849,0,extinction,0,0
69,chainWM,1.6,0.0001,0.2,0,,,1,14.018034681362948,0,extinction,0,0
70,chainWM,1.6,0.0001,0.2,0,,,1,8.50140265167713,0,extinction,0,0
71,chainWM,1.6,0.0001,0.2,0,,,1,8.417765161538755,0,extinction,0,0
72,chainWM,1.6,0.0001,0.2,0,,,1,12.983075032279704,0,extinction,0,0
73,chainWM,1.6,0.0001,0.2,0,,,1,14.277880426630162,0,extinction,0,0
74,chainWM,1.6,0.0001,0.2,0,,,1,9.464391619647678,0,extinction,0,0
75,chainWM,1.6,0.0001,0.2,0,,,1,9.504841842854292,0,extinction,0,0
76,chainWM,1.6,0.0001,0.2,0,,,1,8.789424035924853,0,extinction,0,0
77,chainWM,1.6,0.0001,0.2,0,,,1,9.51797502843031,0,extinction,0,0
78,chainWM,1.6,0.0001,0.2,1,5.249799492959285,edge,0,,74,rescue,0,1
79,chainWM,1.6,0.0001,0.2,0,,,1,11.287436330597652,0,extinction,0,0
80,chainWM,1.6,0.0001,0.2,0,,,1,9.75305110256073,0,extinction,0,0
81,chainWM,1.6,0.0001,0.2,1,3.919684841772422,edge,0,,112,rescue,0,1
82,chainWM,1.6,0.0001,0.2,0,,,1,10.062783937902967,0,extinction,0,0
83,chainWM,1.6,0.0001,0.2,0,,,1,11.2495997871742,0,extinction,0,0
84,chainWM,1.6,0.0001,0.2,0,,,1,9.329870993579709,0,extinction,0,0
85,chainWM,1.6,0.0001,0.2,0,,,1,15.445348552820594,0,extinction,0,0
86,chainWM,1.6,0.0001,0.2,0,,,1,13.179676560305548,0,extinction,0,0
87,chainWM,1.6,0.0001,0.2,0,,,1,11.305649747301636,0,extinction,0,0
88,chainWM,1.6,0.0001,0.2,1,2.756184336183692,edge,0,,216,rescue,0,1
89,chainWM,1.6,0.0001,0.2,0,,,1,13.029364270422704,0,extinction,0,0
90,chainWM,1.6,0.0001,0.2,0,,,1,10.538637999985797,0,extinction,0,0
91,chainWM,1.6,0.0001,0.2,0,,,1,9.896670072696311,0,extinction,0,1
92,chainWM,1.6,0.0001,0.2,0,,,1,10.604575923500224,0,extinction,0,0
93,chainWM,1.6,0.0001,0.2,0,,,1,10.302983541665364,0,extinction,0,0
94,chainWM,1.6,0.0001,0.2,0,,,1,11.69930717677508,0,extinction,0,0
95,chainWM,1.6,0.0001,0.2,0,,,1,10.441096561236993,0,extinction,0,0
96,chainWM,1.6,0.0001,0.2,0,,,1,10.963434636750677,0,extinction,0,0
97,chainWM,1.6,0.0001,0.2,0,,,1,12.927026722566223,0,extinction,0,0
98,chainWM,1.6,0.0001,0.2,0,,,1,8.271964480640655,0,extinction,0,0
99,chainWM,1.6,0.0001,0.2,0,,,1,10.542944142806943,0,extinction,0,0
100,chainWM,1.6,0.0001,0.2,0,,,1,7.23377600021833,0,extinction,0,0
101,chainWM,1.6,0.0001,0.2,0,,,1,7.345569723654313,0,extinction,0,0
102,chainWM,1.6,0.0001,0.2,0,,,1,14.163197761388451,0,extinction,0,0
103,chainWM,1.6,0.0001,0.2,0,,,1,16.16043098697171,0,extinction,0,0
104,chainWM,1.6,0.0001,0.2,0,,,1,10.870220983648776,0,extinction,0,0
105,chainWM,1.6,0.0001,0.2,0,,,1,12.144855618799054,0,extinction,0,0
106,chainWM,1.6,0.0001,0.2,0,,,1,13.396123793981197,0,extinction,0,0
107,chainWM,1.6,0.0001,0.2,0,,,1,10.16775468761966,0,extinction,0,1
108,chainWM,1.6,0.0001,0.2,0,,,1,10.278685111340971,0,extinction,0,0
109,chainWM,1.6,0.0001,0.2,0,,,1,16.350549042304152,0,extinction,0,0
110,chainWM,1.6,0.0001,0.2,0,,,1,7.667231680016682,0,extinction,0,0
111,chainWM,1.6,0.0001,0.2,0,,,1,11.467969209629867,0,extinction,0,0
112,chainWM,1.6,0.0001,0.2,1,7.890448019625787,edge,0,,24,rescue,0,1
113,chainWM,1.6,0.0001,0.2,0,,,1,8.850592080058352,0,extinction,0,0
114,chainWM,1.6,0.0001,0.2,1,7.963419686676594,edge,0,,15,rescue,0,1
115,chainWM,1.6,0.0001,0.2,0,,,1,9.223814402882786,0,extinction,0,0
116,chainWM,1.6,0.0001,0.2,0,,,1,13.279620027775517,0,extinction,0,0
117,chainWM,1.6,0.0001,0.2,0,,,1,10.91614414011168,0,extinction,0,0
118,chainWM,1.6,0.0001,0.2,0,,,1,9.908210378699309,0,extinction,0,0
119,chainWM,1.6,0.0001,0.2,0,,,1,9.067480647252784,0,extinction,0,0
120,chainWM,1.6,0.0001,0.2,0,,,1,12.99428537423626,0,extinction,0,0
121,chainWM,1.6,0.0001,0.2,0,,,1,10.571139206877085,0,extinction,0,0
122,chainWM,1.6,0.0001,0.2,0,,,1,10.11971384663328,0,extinction,0,0
123,chainWM,1.6,0.0001,0.2,0,,,1,12.009474252419114,0,extinction,0,0
124,chainWM,1.6,0.0001,0.2,0,,,1,9.180898820882591,0,extinction,0,0
125,chainWM,1.6,0.0001,0.2,0,,,1,11.07064928586794,0,extinction,0,0
126,chainWM,1.6,0.0001,0.2,0,,,1,8.696578597864146,0,extinction,0,0
127,chainWM,1.6,0.0001,0.2,0,,,1,10.053335777855072,0,extinction,0,0
128,chainWM,1.6,0.0001,0.2,0,,,1,8.78609044126338,0,extinction,0,0
129,chainWM,1.6,0.0001,0.2,0,,,1,9.37136286976158,0,extinction,0,0
130,chainWM,1.6,0.0001,0.2,1,2.959736054096843,edge,0,,141,rescue,0,1
131,chainWM,1.6,0.0001,0.2,0,,,1,13.36962682189273,0,extinction,0,0
132,chainWM,1.6,0.0001,0.2,0,,,1,9.795389637423575,0,extinction,0,0
133,chainWM,1.6,0.0001,0.2,0,,,1,9.836852146278895,0,extinction,0,0
134,chainWM,1.6,0.0001,0.2,0,,,1,9.883337328462542,0,extinction,0,1
135,chainWM,1.6,0.0001,0.2,0,,,1,12.801111480372589,0,extinction,0,0
136,chainWM,1.6,0.0001,0.2,0,,,1,9.159070371629776,0,extinction,0,0
137,chainWM,1.6,0.0001,0.2,0,,,1,10.30314592712384,0,extinction,0,0
138,chainWM,1.6,0.0001,0.2,0,,,1,10.34302783962866,0,extinction,0,0
139,chainWM,1.6,0.0001,0.2,0,,,1,10.796724137343674,0,extinction,0,0
140,chainWM,1.6,0.0001,0.2,0,,,1,8.775960823557712,0,extinction,0,0
141,chainWM,1.6,0.0001,0.2,0,,,1,9.535117085565242,0,extinction,0,1
142,chainWM,1.6,0.0001,0.2,0,,,1,11.857148368998097,0,extinction,0,0
143,chainWM,1.6,0.0001,0.2,0,,,1,11.030712281972544,0,extinction,0,0
144,chainWM,1.6,0.0001,0.2,0,,,1,11.171982554571224,0,extinction,0,0
145,chainWM,1.6,0.0001,0.2,0,,,1,10.11259257813276,0,extinction,0,0
146,chainWM,1.6,0.0001,0.2,0,,,1,9.49319441507193,0,extinction,0,0
147,chainWM,1.6,0.0001,0.2,0,,,1,11.441123158890372,0,extinction,0,0
148,chainWM,1.6,0.0001,0.2,0,,,1,16.215624033576997,0,extinction,0,1
149,chainWM,1.6,0.0001,0.2,0,,,1,14.468013916429769,0,extinction,0,0
150,chainWM,1.6,0.0001,0.2,0,,,1,9.69497176727085,0,extinction,0,0
151,chainWM,1.6,0.0001,0.2,0,,,1,7.925327789036928,0,extinction,0,0
152,chainWM,1.6,0.0001,0.2,0,,,1,10.872714794311433,0,extinction,0,0
153,chainWM,1.6,0.0001,0.2,0,,,1,9.662395214199313,0,extinction,0,0
154,chainWM,1.6,0.0001,0.2,0,,,1,10.660995469497044,0,extinction,0,0
155,chainWM,1.6,0.0001,0.2,0,,,1,10.93654051219614,0,extinction,0,0
156,chainWM,1.6,0.0001,0.2,0,,,1,15.836882038858624,0,extinction,0,0
157,chainWM,1.6,0.0001,0.2,0,,,1,15.157155909079345,0,extinction,0,0
158,chainWM,1.6,0.0001,0.2,0,,,1,13.315324266550292,0,extinction,0,0
159,chainWM,1.6,0.0001,0.2,0,,,1,9.5019039928052,0,extinction,0,0
160,chainWM,1.6,0.0001,0.2,0,,,1,10.94413051515131,0,extinction,0,0
161,chainWM,1.6,0.0001,0.2,0,,,1,13.647314728361112,0,extinction,0,0
162,chainWM,1.6,0.0001,0.2,0,,,1,10.43178174472108,0,extinction,0,0
163,chainWM,1.6,0.0001,0.2,0,,,1,8.986033637042338,0,extinction,0,0
164,chainWM,1.6,0.0001,0.2,0,,,1,9.374326006146154,0,extinction,0,0
165,chainWM,1.6,0.0001,0.2,0,,,1,12.55245303041543,0,extinction,0,0
166,chainWM,1.6,0.0001,0.2,0,,,1,15.315488700834887,0,extinction,0,0
167,chainWM,1.6,0.0001,0.2,0,,,1,8.939823912154834,0,extinction,0,0
168,chainWM,1.6,0.0001,0.2,0,,,1,9.902115806740976,0,extinction,0,0
169,chainWM,1.6,0.0001,0.2,1,6.146401757228823,edge,0,,41,rescue,0,1
170,chainWM,1.6,0.0001,0.2,0,,,1,8.955222735919817,0,extinction,0,1
171,chainWM,1.6,0.0001,0.2,0,,,1,12.091018287900788,0,extinction,0,0
172,chainWM,1.6,0.0001,0.2,0,,,1,10.392909452827102,0,extinction,0,0
173,chainWM,1.6,0.0001,0.2,0,,,1,12.047742304119687,0,extinction,0,0
174,chainWM,1.6,0.0001,0.2,0,,,1,8.862209150366507,0,extinction,0,0
175,chainWM,1.6,0.0001,0.2,0,,,1,8.102359609510797,0,extinction,0,0
176,chainWM,1.6,0.0001,0.2,0,,,1,11.147032799688882,0,extinction,0,0
177,chainWM,1.6,0.0001,0.2,0,,,1,10.250208444832436,0,extinction,0,0
178,chainWM,1.6,0.0001,0.2,0,,,1,9.641940066061576,0,extinction,0,0
179,chainWM,1.6,0.0001,0.2,0,,,1,9.16347788304972,0,extinction,0,0
180,chainWM,1.6,0.0001,0.2,0,,,1,8.402514614466028,0,extinction,0,0
181,chainWM,1.6,0.0001,0.2,0,,,1,15.529047593690654,0,extinction,0,0
182,chainWM,1.6,0.0001,0.2,0,,,1,10.935877367369775,0,extinction,0,0
183,chainWM,1.6,0.0001,0.2,0,,,1,10.071158632035292,0,extinction,0,0
184,chainWM,1.6,0.0001,0.2,0,,,1,8.539584370997709,0,extinction,0,0
185,chainWM,1.6,0.0001,0.2,0,,,1,9.169465682755163,0,extinction,0,0
186,chainWM,1.6,0.0001,0.2,0,,,1,9.429683267413502,0,extinction,0,0
187,chainWM,1.6,0.0001,0.2,0,,,1,11.947698612440032,0,extinction,0,0
188,chainWM,1.6,0.0001,0.2,0,,,1,10.752631782588844,0,extinction,0,0
189,chainWM,1.6,0.0001,0.2,0,,,1,9.455198715527002,0,extinction,0,0
190,chainWM,1.6,0.0001,0.2,0,,,1,12.008443658230073,0,extinction,0,0
191,chainWM,1.6,0.0001,0.2,0,,,1,9.203071418169,0,extinction,0,0
192,chainWM,1.6,0.0001,0.2,1,7.266353732538816,edge,0,,37,rescue,0,1
193,chainWM,1.6,0.0001,0.2,0,,,1,9.805722117689935,0,extinction,0,1
194,chainWM,1.6,0.0001,0.2,0,,,1,11.775101033486605,0,extinction,0,0
195,chainWM,1.6,0.0001,0.2,0,,,1,13.53586397576606,0,extinction,0,0
196,chainWM,1.6,0.0001,0.2,0,,,1,9.05791951582042,0,extinction,0,0
197,chainWM,1.6,0.0001,0.2,0,,,1,9.876588507146227,0,extinction,0,0
198,chainWM,1.6,0.0001,0.2,0,,,1,17.615444955705883,0,extinction,0,0
199,chainWM,1.6,0.0001,0.2,0,,,1,8.460538059091206,0,extinction,0,0
0,chainWM,1.9,0.0001,0.2,0,,,1,6.71893186210496,0,extinction,0,0
1,chainWM,1.9,0.0001,0.2,0,,,1,6.065545028097464,0,extinction,0,0
2,chainWM,1.9,0.0001,0.2,0,,,1,8.71886653361408,0,extinction,0,0
3,chainWM,1.9,0.0001,0.2,1,5.439491790002135,edge,0,,13,rescue,0,1
4,chainWM,1.9,0.0001,0.2,0,,,1,5.918491919766963,0,extinction,0,0
5,chainWM,1.9,0.0001,0.2,0,,,1,7.354864980800855,0,extinction,0,0
6,chainWM,1.9,0.0001,0.2,0,,,1,8.243777444720639,0,extinction,0,0
7,chainWM,1.9,0.0001,0.2,0,,,1,7.884336799440199,0,extinction,0,0
8,chainWM,1.9,0.0001,0.2,0,,,1,7.97571312711516,0,extinction,0,0
9,chainWM,1.9,0.0001,0.2,0,,,1,9.25346375558568,0,extinction,0,0
10,chainWM,1.9,0.0001,0.2,0,,,1,5.670302531023663,0,extinction,0,0
11,chainWM,1.9,0.0001,0.2,0,,,1,8.09392940917055,0,extinction,0,0
12,chainWM,1.9,0.0001,0.2,0,,,1,6.262055825886196,0,extinction,0,0
13,chainWM,1.9,0.0001,0.2,0,,,1,6.991581679728445,0,extinction,0,0
14,chainWM,1.9,0.0001,0.2,0,,,1,5.3950665006093965,0,extinction,0,0
15,chainWM,1.9,0.0001,0.2,0,,,1,5.963212193595783,0,extinction,0,0
16,chainWM,1.9,0.0001,0.2,0,,,1,7.856407896192407,0,extinction,0,0
17,chainWM,1.9,0.0001,0.2,0,,,1,6.101133734767568,0,extinction,0,0
18,chainWM,1.9,0.0001,0.2,0,,,1,6.950248994818045,0,extinction,0,0
19,chainWM,1.9,0.0001,0.2,0,,,1,11.075604358096436,0,extinction,0,0
20,chainWM,1.9,0.0001,0.2,0,,,1,7.132926796561012,0,extinction,0,0
21,chainWM,1.9,0.0001,0.2,0,,,1,7.49764173672585,0,extinction,0,0
22,chainWM,1.9,0.0001,0.2,0,,,1,6.247847195518494,0,extinction,0,0
23,chainWM,1.9,0.0001,0.2,0,,,1,5.497916630704549,0,extinction,0,0
24,chainWM,1.9,0.0001,0.2,0,,,1,8.161120606709842,0,extinction,0,0
25,chainWM,1.9,0.0001,0.2,0,,,1,10.588013819120842,0,extinction,0,0
26,chainWM,1.9,0.0001,0.2,1,2.9050110785879832,edge,0,,73,rescue,0,1
27,chainWM,1.9,0.0001,0.2,0,,,1,6.045671705628323,0,extinction,0,0
28,chainWM,1.9,0.0001,0.2,0,,,1,7.608166773733915,0,extinction,0,0
29,chainWM,1.9,0.0001,0.2,0,,,1,6.11947148665021,0,extinction,0,0
30,chainWM,1.9,0.0001,0.2,0,,,1,6.853203106373366,0,extinction,0,0
31,chainWM,1.9,0.0001,0.2,0,,,1,8.98378263522121,0,extinction,0,0
32,chainWM,1.9,0.0001,0.2,0,,,1,5.943747439906897,0,extinction,0,0
33,chainWM,1.9,0.0001,0.2,0,,,1,7.156440215637323,0,extinction,0,1
34,chainWM,1.9,0.0001,0.2,0,,,1,5.538959019825923,0,extinction,0,0
35,chainWM,1.9,0.0001,0.2,0,,,1,7.978858171700671,0,extinction,0,0
36,chainWM,1.9,0.0001,0.2,0,,,1,7.551713288891676,0,extinction,0,0
37,chainWM,1.9,0.0001,0.2,0,,,1,8.437189350336338,0,extinction,0,0
38,chainWM,1.9,0.0001,0.2,1,7.561024088685657,edge,0,,10,rescue,0,1
39,chainWM,1.9,0.0001,0.2,0,,,1,7.522274457114827,0,extinction,0,0
40,chainWM,1.9,0.0001,0.2,0,,,1,7.775321208554064,0,extinction,0,0
41,chainWM,1.9,0.0001,0.2,1,3.3996210878380517,edge,0,,59,rescue,0,1
42,chainWM,1.9,0.0001,0.2,0,,,1,8.464277750743934,0,extinction,0,0
43,chainWM,1.9,0.0001,0.2,0,,,1,7.797766748755341,0,extinction,0,0
44,chainWM,1.9,0.0001,0.2,1,12.37937858074502,edge,0,,10,rescue,0,1
45,chainWM,1.9,0.0001,0.2,0,,,1,7.446828592000355,0,extinction,0,0
46,chainWM,1.9,0.0001,0.2,0,,,1,6.119934280884512,0,extinction,0,0
47,chainWM,1.9,0.0001,0.2,1,5.303151273362833,edge,0,,18,rescue,0,1
48,chainWM,1.9,0.0001,0.2,0,,,1,6.181236329519753,0,extinction,0,0
49,chainWM,1.9,0.0001,0.2,0,,,1,5.714405457201077,0,extinction,0,0
50,chainWM,1.9,0.0001,0.2,0,,,1,6.059490318486848,0,extinction,0,0
51,chainWM,1.9,0.0001,0.2,0,,,1,8.081222052625638,0,extinction,0,0
52,chainWM,1.9,0.0001,0.2,0,,,1,8.561902596579165,0,extinction,0,0
53,chainWM,1.9,0.0001,0.2,0,,,1,6.547325687883788,0,extinction,0,0
54,chainWM,1.9,0.0001,0.2,0,,,1,5.630249606713166,0,extinction,0,0
55,chainWM,1.9,0.0001,0.2,0,,,1,6.448408618250925,0,extinction,0,0
56,chainWM,1.9,0.0001,0.2,0,,,1,7.372638895038325,0,extinction,0,0
57,chainWM,1.9,0.0001,0.2,0,,,1,6.340848711745954,0,extinction,0,0
58,chainWM,1.9,0.0001,0.2,0,,,1,8.18599664121868,0,extinction,0,0
59,chainWM,1.9,0.0001,0.2,0,,,1,6.672626895342327,0,extinction,0,0
60,chainWM,1.9,0.0001,0.2,0,,,1,6.926182836935381,0,extinction,0,0
61,chainWM,1.9,0.0001,0.2,0,,,1,7.472698335283163,0,extinction,0,0
62,chainWM,1.9,0.0001,0.2,0,,,1,8.29725486572758,0,extinction,0,1
63,chainWM,1.9,0.0001,0.2,0,,,1,8.371840419596301,0,extinction,0,0
64,chainWM,1.9,0.0001,0.2,0,,,1,7.303704048126371,0,extinction,0,1
65,chainWM,1.9,0.0001,0.2,0,,,1,8.914762474379232,0,extinction,0,0
66,chainWM,1.9,0.0001,0.2,0,,,1,7.059982118966669,0,extinction,0,0
67,chainWM,1.9,0.0001,0.2,0,,,1,7.688353418150706,0,extinction,0,0
68,chainWM,1.9,0.0001,0.2,0,,,1,6.473872703434905,0,extinction,0,0
69,chainWM,1.9,0.0001,0.2,0,,,1,13.21212390681239,0,extinction,0,0
70,chainWM,1.9,0.0001,0.2,0,,,1,9.403177855516375,0,extinction,0,0
71,chainWM,1.9,0.0001,0.2,1,3.2183147343588203,edge,0,,80,rescue,0,1
72,chainWM,1.9,0.0001,0.2,0,,,1,5.83069194649774,0,extinction,0,0
73,chainWM,1.9,0.0001,0.2,0,,,1,6.741975495918441,0,extinction,0,1
74,chainWM,1.9,0.0001,0.2,0,,,1,6.501108339950988,0,extinction,0,0
75,chainWM,1.9,0.0001,0.2,0,,,1,6.062689057795883,0,extinction,0,0
76,chainWM,1.9,0.0001,0.2,0,,,1,6.2048100073491765,0,extinction,0,1
77,chainWM,1.9,0.0001,0.2,0,,,1,8.915366838892336,0,extinction,0,0
78,chainWM,1.9,0.0001,0.2,1,6.805148188667891,edge,0,,10,rescue,0,1
79,chainWM,1.9,0.0001,0.2,0,,,1,6.795536947626053,0,extinction,0,0
80,chainWM,1.9,0.0001,0.2,0,,,1,6.726939992810694,0,extinction,0,0
81,chainWM,1.9,0.0001,0.2,0,,,1,6.386525216131287,0,extinction,0,0
82,chainWM,1.9,0.0001,0.2,0,,,1,7.138831312780361,0,extinction,0,0
83,chainWM,1.9,0.0001,0.2,0,,,1,10.435952369121164,0,extinction,0,0
84,chainWM,1.9,0.0001,0.2,0,,,1,7.26425181972046,0,extinction,0,0
85,chainWM,1.9,0.0001,0.2,0,,,1,9.384411967655858,0,extinction,0,0
86,chainWM,1.9,0.0001,0.2,0,,,1,6.528980544754362,0,extinction,0,0
87,chainWM,1.9,0.0001,0.2,0,,,1,9.764740650074186,0,extinction,0,0
88,chainWM,1.9,0.0001,0.2,0,,,1,6.920076928770897,0,extinction,0,1
89,chainWM,1.9,0.0001,0.2,0,,,1,7.846005597169382,0,extinction,0,0
90,chainWM,1.9,0.0001,0.2,0,,,1,6.730867441140105,0,extinction,0,0
91,chainWM,1.9,0.0001,0.2,0,,,1,6.9275382961262135,0,extinction,0,1
92,chainWM,1.9,0.0001,0.2,0,,,1,8.131437991625875,0,extinction,0,0
93,chainWM,1.9,0.0001,0.2,0,,,1,9.02901755780658,0,extinction,0,0
94,chainWM,1.9,0.0001,0.2,0,,,1,6.109400278277567,0,extinction,0,0
95,chainWM,1.9,0.0001,0.2,0,,,1,5.5284943220271,0,extinction,0,0
96,chainWM,1.9,0.0001,0.2,0,,,1,7.008870739274334,0,extinction,0,0
97,chainWM,1.9,0.0001,0.2,0,,,1,7.596479446435941,0,extinction,0,0
98,chainWM,1.9,0.0001,0.2,0,,,1,9.778944404585308,0,extinction,0,0
99,chainWM,1.9,0.0001,0.2,0,,,1,5.910942112035179,0,extinction,0,0
100,chainWM,1.9,0.0001,0.2,0,,,1,8.451428371482361,0,extinction,0,0
101,chainWM,1.9,0.0001,0.2,0,,,1,5.845956350570186,0,extinction,0,0
102,chainWM,1.9,0.0001,0.2,0,,,1,10.785894878502452,0,extinction,0,0
103,chainWM,1.9,0.0001,0.2,0,,,1,6.15228102925338,0,extinction,0,0
104,chainWM,1.9,0.0001,0.2,0,,,1,7.392756720173993,0,extinction,0,0
105,chainWM,1.9,0.0001,0.2,0,,,1,5.952639862371828,0,extinction,0,0
106,chainWM,1.9,0.0001,0.2,0,,,1,9.40773026170096,0,extinction,0,0
107,chainWM,1.9,0.0001,0.2,1,4.706624709031192,edge,0,,18,rescue,0,1
108,chainWM,1.9,0.0001,0.2,0,,,1,10.297799932419494,0,extinction,0,0
109,chainWM,1.9,0.0001,0.2,0,,,1,6.110574466537618,0,extinction,0,0
110,chainWM,1.9,0.0001,0.2,0,,,1,9.891023834462034,0,extinction,0,0
111,chainWM,1.9,0.0001,0.2,0,,,1,9.456420854917264,0,extinction,0,0
112,chainWM,1.9,0.0001,0.2,0,,,1,7.503230850676205,0,extinction,0,0
113,chainWM,1.9,0.0001,0.2,0,,,1,10.33107236892802,0,extinction,0,0
114,chainWM,1.9,0.0001,0.2,0,,,1,6.350185150824701,0,extinction,0,1
115,chainWM,1.9,0.0001,0.2,0,,,1,10.052577757503018,0,extinction,0,0
116,chainWM,1.9,0.0001,0.2,0,,,1,6.016975210549478,0,extinction,0,0
117,chainWM,1.9,0.0001,0.2,0,,,1,9.907926042483668,0,extinction,0,0
118,chainWM,1.9,0.0001,0.2,0,,,1,8.601073228919788,0,extinction,0,0
119,chainWM,1.9,0.0001,0.2,0,,,1,11.675843689535606,0,extinction,0,0
120,chainWM,1.9,0.0001,0.2,0,,,1,6.588353956465197,0,extinction,0,0
121,chainWM,1.9,0.0001,0.2,0,,,1,5.956602280519429,0,extinction,0,0
122,chainWM,1.9,0.0001,0.2,0,,,1,6.26100265371249,0,extinction,0,0
123,chainWM,1.9,0.0001,0.2,0,,,1,7.240119032473256,0,extinction,0,0
124,chainWM,1.9,0.0001,0.2,0,,,1,5.618034869033836,0,extinction,0,0
125,chainWM,1.9,0.0001,0.2,0,,,1,7.33006975013401,0,extinction,0,0
126,chainWM,1.9,0.0001,0.2,0,,,1,7.150626361971281,0,extinction,0,0
127,chainWM,1.9,0.0001,0.2,0,,,1,6.507221897376897,0,extinction,0,0
128,chainWM,1.9,0.0001,0.2,0,,,1,12.837953716621255,0,extinction,0,0
129,chainWM,1.9,0.0001,0.2,0,,,1,8.418317442495853,0,extinction,0,0
130,chainWM,1.9,0.0001,0.2,1,1.0072135243129896,edge,0,,424,rescue,0,1
131,chainWM,1.9,0.0001,0.2,0,,,1,10.366634761346557,0,extinction,0,0
132,chainWM,1.9,0.0001,0.2,0,,,1,8.823708408759023,0,extinction,0,0
133,chainWM,1.9,0.0001,0.2,0,,,1,7.1556248138127305,0,extinction,0,0
134,chainWM,1.9,0.0001,0.2,0,,,1,8.630142355172087,0,extinction,0,0
135,chainWM,1.9,0.0001,0.2,0,,,1,6.4967413159948935,0,extinction,0,0
136,chainWM,1.9,0.0001,0.2,0,,,1,6.727011692770867,0,extinction,0,0
137,chainWM,1.9,0.0001,0.2,0,,,1,7.752736161817175,0,extinction,0,0
138,chainWM,1.9,0.0001,0.2,0,,,1,6.757282419069186,0,extinction,0,0
139,chainWM,1.9,0.0001,0.2,0,,,1,6.304358532829188,0,extinction,0,0
140,chainWM,1.9,0.0001,0.2,0,,,1,5.535720718068217,0,extinction,0,0
141,chainWM,1.9,0.0001,0.2,1,9.320425762341202,edge,0,,10,rescue,0,1
142,chainWM,1.9,0.0001,0.2,0,,,1,8.554524394507506,0,extinction,0,0
143,chainWM,1.9,0.0001,0.2,0,,,1,6.92917716161692,0,extinction,0,0
144,chainWM,1.9,0.0001,0.2,0,,,1,6.0155619984041,0,extinction,0,0
145,chainWM,1.9,0.0001,0.2,0,,,1,6.549105136263432,0,extinction,0,0
146,chainWM,1.9,0.0001,0.2,0,,,1,5.9632807267931085,0,extinction,0,0
147,chainWM,1.9,0.0001,0.2,0,,,1,10.06786151552786,0,extinction,0,0
148,chainWM,1.9,0.0001,0.2,1,6.782735504341781,edge,0,,10,rescue,0,1
149,chainWM,1.9,0.0001,0.2,0,,,1,5.984137139932038,0,extinction,0,0
150,chainWM,1.9,0.0001,0.2,0,,,1,9.529869481011874,0,extinction,0,0
151,chainWM,1.9,0.0001,0.2,0,,,1,7.751058308214936,0,extinction,0,0
152,chainWM,1.9,0.0001,0.2,0,,,1,10.76141817451881,0,extinction,0,0
153,chainWM,1.9,0.0001,0.2,0,,,1,9.60339919129011,0,extinction,0,0
154,chainWM,1.9,0.0001,0.2,0,,,1,7.200094598736617,0,extinction,0,0
155,chainWM,1.9,0.0001,0.2,0,,,1,8.156558045603878,0,extinction,0,0
156,chainWM,1.9,0.0001,0.2,0,,,1,8.60638510708782,0,extinction,0,0
157,chainWM,1.9,0.0001,0.2,0,,,1,6.8172031123774,0,extinction,0,0
158,chainWM,1.9,0.0001,0.2,0,,,1,7.411450456980698,0,extinction,0,0
159,chainWM,1.9,0.0001,0.2,0,,,1,7.205670248142567,0,extinction,0,0
160,chainWM,1.9,0.0001,0.2,0,,,1,10.334834409812467,0,extinction,0,0
161,chainWM,1.9,0.0001,0.2,0,,,1,6.023270910471925,0,extinction,0,0
162,chainWM,1.9,0.0001,0.2,0,,,1,10.19924382750515,0,extinction,0,0
163,chainWM,1.9,0.0001,0.2,0,,,1,8.3689339020394,0,extinction,0,0
164,chainWM,1.9,0.0001,0.2,0,,,1,5.855614433296918,0,extinction,0,0
165,chainWM,1.9,0.0001,0.2,0,,,1,9.794181085809958,0,extinction,0,0
166,chainWM,1.9,0.0001,0.2,0,,,1,11.597323771162085,0,extinction,0,0
167,chainWM,1.9,0.0001,0.2,0,,,1,8.728354690619259,0,extinction,0,0
168,chainWM,1.9,0.0001,0.2,0,,,1,6.737287681000104,0,extinction,0,0
169,chainWM,1.9,0.0001,0.2,0,,,1,5.636283358433843,0,extinction,0,0
170,chainWM,1.9,0.0001,0.2,0,,,1,7.89316460132836,0,extinction,0,1
171,chainWM,1.9,0.0001,0.2,0,,,1,5.46850249855481,0,extinction,0,0
172,chainWM,1.9,0.0001,0.2,0,,,1,5.7935764382422725,0,extinction,0,0
173,chainWM,1.9,0.0001,0.2,0,,,1,6.341738920257896,0,extinction,0,0
174,chainWM,1.9,0.0001,0.2,0,,,1,6.909541714089444,0,extinction,0,0
175,chainWM,1.9,0.0001,0.2,0,,,1,6.680852979894551,0,extinction,0,0
176,chainWM,1.9,0.0001,0.2,0,,,1,5.362856696702119,0,extinction,0,0
177,chainWM,1.9,0.0001,0.2,0,,,1,7.474592930524538,0,extinction,0,0
178,chainWM,1.9,0.0001,0.2,0,,,1,6.582288861937758,0,extinction,0,0
179,chainWM,1.9,0.0001,0.2,0,,,1,6.161787736552448,0,extinction,0,0
180,chainWM,1.9,0.0001,0.2,0,,,1,6.892065518670337,0,extinction,0,0
181,chainWM,1.9,0.0001,0.2,0,,,1,8.04576656078277,0,extinction,0,0
182,chainWM,1.9,0.0001,0.2,0,,,1,6.204115186926536,0,extinction,0,0
183,chainWM,1.9,0.0001,0.2,0,,,1,7.344544529659945,0,extinction,0,0
184,chainWM,1.9,0.0001,0.2,0,,,1,6.90807865167284,0,extinction,0,0
185,chainWM,1.9,0.0001,0.2,0,,,1,6.61359656573547,0,extinction,0,0
186,chainWM,1.9,0.0001,0.2,0,,,1,7.102026040708194,0,extinction,0,0
187,chainWM,1.9,0.0001,0.2,0,,,1,7.558551833521839,0,extinction,0,0
188,chainWM,1.9,0.0001,0.2,0,,,1,7.927148427693812,0,extinction,0,0
189,chainWM,1.9,0.0001,0.2,0,,,1,7.488015305202224,0,extinction,0,0
190,chainWM,1.9,0.0001,0.2,0,,,1,8.750378138385779,0,extinction,0,0
191,chainWM,1.9,0.0001,0.2,0,,,1,6.669169333360413,0,extinction,0,0
192,chainWM,1.9,0.0001,0.2,1,8.522993203561365,edge,0,,10,rescue,0,1
193,chainWM,1.9,0.0001,0.2,0,,,1,13.591737185134146,0,extinction,0,2
194,chainWM,1.9,0.0001,0.2,0,,,1,7.167814231534001,0,extinction,0,0
195,chainWM,1.9,0.0001,0.2,0,,,1,6.2861828234700905,0,extinction,0,0
196,chainWM,1.9,0.0001,0.2,0,,,1,7.748415817388567,0,extinction,0,0
197,chainWM,1.9,0.0001,0.2,0,,,1,7.03153181496322,0,extinction,0,0
198,chainWM,1.9,0.0001,0.2,0,,,1,9.756512071029835,0,extinction,0,0
199,chainWM,1.9,0.0001,0.2,0,,,1,8.094941589010949,0,extinction,0,0
0,chainWM,2.3,0.0001,0.2,0,,,1,4.642909442591515,0,extinction,0,0
1,chainWM,2.3,0.0001,0.2,0,,,1,4.911800170393943,0,extinction,0,0
2,chainWM,2.3,0.0001,0.2,0,,,1,5.122757806391966,0,extinction,0,0
3,chainWM,2.3,0.0001,0.2,0,,,1,6.138226170917473,0,extinction,0,0
4,chainWM,2.3,0.0001,0.2,0,,,1,4.351410710196819,0,extinction,0,0
5,chainWM,2.3,0.0001,0.2,0,,,1,4.17509195942286,0,extinction,0,0
6,chainWM,2.3,0.0001,0.2,0,,,1,5.222352967642311,0,extinction,0,0
7,chainWM,2.3,0.0001,0.2,0,,,1,4.132639161255638,0,extinction,0,0
8,chainWM,2.3,0.0001,0.2,0,,,1,4.317629011360504,0,extinction,0,0
9,chainWM,2.3,0.0001,0.2,0,,,1,5.315447778222472,0,extinction,0,0
10,chainWM,2.3,0.0001,0.2,0,,,1,4.218973097488033,0,extinction,0,0
11,chainWM,2.3,0.0001,0.2,0,,,1,5.8534983153360125,0,extinction,0,0
12,chainWM,2.3,0.0001,0.2,0,,,1,5.108504661701959,0,extinction,0,0
13,chainWM,2.3,0.0001,0.2,0,,,1,4.251452970563527,0,extinction,0,0
14,chainWM,2.3,0.0001,0.2,0,,,1,4.7269157676731846,0,extinction,0,0
15,chainWM,2.3,0.0001,0.2,0,,,1,5.542484597541216,0,extinction,0,0
16,chainWM,2.3,0.0001,0.2,0,,,1,5.921013901710984,0,extinction,0,0
17,chainWM,2.3,0.0001,0.2,1,2.2862222988286014,edge,0,,46,rescue,0,1
18,chainWM,2.3,0.0001,0.2,0,,,1,4.334160158693355,0,extinction,0,0
19,chainWM,2.3,0.0001,0.2,0,,,1,5.85899446264979,0,extinction,0,0
20,chainWM,2.3,0.0001,0.2,0,,,1,4.851393578346805,0,extinction,0,0
21,chainWM,2.3,0.0001,0.2,0,,,1,5.174969515734031,0,extinction,0,0
22,chainWM,2.3,0.0001,0.2,0,,,1,4.173190423227571,0,extinction,0,0
23,chainWM,2.3,0.0001,0.2,0,,,1,8.038624319661926,0,extinction,0,0
24,chainWM,2.3,0.0001,0.2,0,,,1,3.801546702334363,0,extinction,0,0
25,chainWM,2.3,0.0001,0.2,0,,,1,4.30626391337982,0,extinction,0,0
26,chainWM,2.3,0.0001,0.2,0,,,1,6.241441236161478,0,extinction,0,1
27,chainWM,2.3,0.0001,0.2,0,,,1,5.034119622821008,0,extinction,0,0
28,chainWM,2.3,0.0001,0.2,0,,,1,4.697161908757884,0,extinction,0,0
29,chainWM,2.3,0.0001,0.2,0,,,1,7.862673735478205,0,extinction,0,0
30,chainWM,2.3,0.0001,0.2,0,,,1,4.925957140537415,0,extinction,0,0
31,chainWM,2.3,0.0001,0.2,0,,,1,4.782090921071606,0,extinction,0,0
32,chainWM,2.3,0.0001,0.2,0,,,1,5.036989220915386,0,extinction,0,0
33,chainWM,2.3,0.0001,0.2,0,,,1,4.049396517239357,0,extinction,0,1
34,chainWM,2.3,0.0001,0.2,0,,,1,5.6892065288205504,0,extinction,0,0
35,chainWM,2.3,0.0001,0.2,0,,,1,6.430857911494989,0,extinction,0,0
36,chainWM,2.3,0.0001,0.2,0,,,1,4.874670992304701,0,extinction,0,0
37,chainWM,2.3,0.0001,0.2,0,,,1,5.668549263478589,0,extinction,0,0
38,chainWM,2.3,0.0001,0.2,0,,,1,4.965221590173488,0,extinction,0,0
39,chainWM,2.3,0.0001,0.2,0,,,1,7.008960141661084,0,extinction,0,0
40,chainWM,2.3,0.0001,0.2,0,,,1,4.923823085774094,0,extinction,0,0
41,chainWM,2.3,0.0001,0.2,0,,,1,4.697190513685551,0,extinction,0,0
42,chainWM,2.3,0.0001,0.2,0,,,1,4.7735017346836806,0,extinction,0,0
43,chainWM,2.3,0.0001,0.2,0,,,1,5.539770920996792,0,extinction,0,0
44,chainWM,2.3,0.0001,0.2,0,,,1,4.1996116275104,0,extinction,0,0
45,chainWM,2.3,0.0001,0.2,0,,,1,5.697706039467644,0,extinction,0,0
46,chainWM,2.3,0.0001,0.2,0,,,1,5.4867366534237405,0,extinction,0,0
47,chainWM,2.3,0.0001,0.2,1,4.031184128931351,edge,0,,19,rescue,0,1
48,chainWM,2.3,0.0001,0.2,0,,,1,5.477938595874211,0,extinction,0,0
49,chainWM,2.3,0.0001,0.2,0,,,1,5.187305066600572,0,extinction,0,0
50,chainWM,2.3,0.0001,0.2,0,,,1,4.85163315654686,0,extinction,0,0
51,chainWM,2.3,0.0001,0.2,0,,,1,4.148919132494745,0,extinction,0,0
52,chainWM,2.3,0.0001,0.2,0,,,1,6.196091588596372,0,extinction,0,0
53,chainWM,2.3,0.0001,0.2,0,,,1,6.085116999405393,0,extinction,0,1
54,chainWM,2.3,0.0001,0.2,0,,,1,4.956480127858457,0,extinction,0,0
55,chainWM,2.3,0.0001,0.2,0,,,1,4.719557166930652,0,extinction,0,0
56,chainWM,2.3,0.0001,0.2,0,,,1,4.716785075875289,0,extinction,0,0
57,chainWM,2.3,0.0001,0.2,0,,,1,4.358165557261505,0,extinction,0,0
58,chainWM,2.3,0.0001,0.2,0,,,1,7.587020264641373,0,extinction,0,0
59,chainWM,2.3,0.0001,0.2,0,,,1,4.333795137699881,0,extinction,0,0
60,chainWM,2.3,0.0001,0.2,0,,,1,4.519162788359237,0,extinction,0,0
61,chainWM,2.3,0.0001,0.2,0,,,1,5.909017761733235,0,extinction,0,0
62,chainWM,2.3,0.0001,0.2,1,8.080637203313518,edge,0,,10,rescue,0,1
63,chainWM,2.3,0.0001,0.2,0,,,1,5.833740878862742,0,extinction,0,0
64,chainWM,2.3,0.0001,0.2,0,,,1,4.890277910842781,0,extinction,0,1
65,chainWM,2.3,0.0001,0.2,0,,,1,5.299031835630029,0,extinction,0,0
66,chainWM,2.3,0.0001,0.2,0,,,1,4.331500445144086,0,extinction,0,0
67,chainWM,2.3,0.0001,0.2,0,,,1,4.079510399659007,0,extinction,0,0
68,chainWM,2.3,0.0001,0.2,0,,,1,4.673663797299381,0,extinction,0,0
69,chainWM,2.3,0.0001,0.2,0,,,1,6.336537736883744,0,extinction,0,0
70,chainWM,2.3,0.0001,0.2,0,,,1,4.667731565433147,0,extinction,0,0
71,chainWM,2.3,0.0001,0.2,0,,,1,4.448973471836705,0,extinction,0,1
72,chainWM,2.3,0.0001,0.2,0,,,1,4.987998060683001,0,extinction,0,0
73,chainWM,2.3,0.0001,0.2,0,,,1,4.541668036318985,0,extinction,0,0
74,chainWM,2.3,0.0001,0.2,0,,,1,5.023797783310798,0,extinction,0,0
75,chainWM,2.3,0.0001,0.2,0,,,1,5.704258130758242,0,extinction,0,0
76,chainWM,2.3,0.0001,0.2,0,,,1,5.906921685207568,0,extinction,0,0
77,chainWM,2.3,0.0001,0.2,0,,,1,5.038523420130494,0,extinction,0,0
78,chainWM,2.3,0.0001,0.2,0,,,1,5.124406532025713,0,extinction,0,0
79,chainWM,2.3,0.0001,0.2,0,,,1,6.412768149235509,0,extinction,0,0
80,chainWM,2.3,0.0001,0.2,0,,,1,4.7975909957268215,0,extinction,0,0
81,chainWM,2.3,0.0001,0.2,0,,,1,5.339551906718302,0,extinction,0,0
82,chainWM,2.3,0.0001,0.2,0,,,1,5.252444708353551,0,extinction,0,0
83,chainWM,2.3,0.0001,0.2,0,,,1,5.015035611185653,0,extinction,0,0
84,chainWM,2.3,0.0001,0.2,0,,,1,4.212848518486286,0,extinction,0,0
85,chainWM,2.3,0.0001,0.2,0,,,1,4.080144767783268,0,extinction,0,0
86,chainWM,2.3,0.0001,0.2,0,,,1,6.334843458036437,0,extinction,0,0
87,chainWM,2.3,0.0001,0.2,0,,,1,4.214304357250436,0,extinction,0,0
88,chainWM,2.3,0.0001,0.2,0,,,1,5.554195011278519,0,extinction,0,0
89,chainWM,2.3,0.0001,0.2,0,,,1,6.292389072785838,0,extinction,0,0
90,chainWM,2.3,0.0001,0.2,0,,,1,5.900249400847738,0,extinction,0,0
91,chainWM,2.3,0.0001,0.2,0,,,1,3.9490193689241866,0,extinction,0,1
92,chainWM,2.3,0.0001,0.2,0,,,1,7.934464418232676,0,extinction,0,0
93,chainWM,2.3,0.0001,0.2,0,,,1,5.106120639362293,0,extinction,0,0
94,chainWM,2.3,0.0001,0.2,0,,,1,5.449059143168387,0,extinction,0,0
95,chainWM,2.3,0.0001,0.2,0,,,1,4.964220336929883,0,extinction,0,0
96,chainWM,2.3,0.0001,0.2,0,,,1,4.791689163207446,0,extinction,0,0
97,chainWM,2.3,0.0001,0.2,0,,,1,8.98607342766073,0,extinction,0,0
98,chainWM,2.3,0.0001,0.2,0,,,1,5.651687146560087,0,extinction,0,0
99,chainWM,2.3,0.0001,0.2,0,,,1,4.1390928722943485,0,extinction,0,0
100,chainWM,2.3,0.0001,0.2,0,,,1,5.269989797756472,0,extinction,0,0
101,chainWM,2.3,0.0001,0.2,0,,,1,4.348211803064912,0,extinction,0,0
102,chainWM,2.3,0.0001,0.2,0,,,1,5.44861821146032,0,extinction,0,0
103,chainWM,2.3,0.0001,0.2,0,,,1,6.204581645559015,0,extinction,0,0
104,chainWM,2.3,0.0001,0.2,0,,,1,4.905829834884745,0,extinction,0,0
105,chainWM,2.3,0.0001,0.2,0,,,1,5.436213475893841,0,extinction,0,0
106,chainWM,2.3,0.0001,0.2,0,,,1,5.747857397698667,0,extinction,0,1
107,chainWM,2.3,0.0001,0.2,0,,,1,5.683562198558535,0,extinction,0,0
108,chainWM,2.3,0.0001,0.2,0,,,1,5.7388530522408505,0,extinction,0,0
109,chainWM,2.3,0.0001,0.2,0,,,1,4.443412351858034,0,extinction,0,0
110,chainWM,2.3,0.0001,0.2,0,,,1,6.695131959139522,0,extinction,0,0
111,chainWM,2.3,0.0001,0.2,0,,,1,4.658529091749855,0,extinction,0,0
112,chainWM,2.3,0.0001,0.2,0,,,1,5.572781684055043,0,extinction,0,0
113,chainWM,2.3,0.0001,0.2,0,,,1,5.709950566562102,0,extinction,0,0
114,chainWM,2.3,0.0001,0.2,0,,,1,4.535074089966505,0,extinction,0,0
115,chainWM,2.3,0.0001,0.2,0,,,1,4.798400337086236,0,extinction,0,0
116,chainWM,2.3,0.0001,0.2,0,,,1,4.897900118817345,0,extinction,0,0
117,chainWM,2.3,0.0001,0.2,0,,,1,4.993540206994703,0,extinction,0,0
118,chainWM,2.3,0.0001,0.2,0,,,1,6.10795672308123,0,extinction,0,0
119,chainWM,2.3,0.0001,0.2,0,,,1,5.229732703716468,0,extinction,0,0
120,chainWM,2.3,0.0001,0.2,0,,,1,6.232208300482733,0,extinction,0,0
121,chainWM,2.3,0.0001,0.2,0,,,1,5.497611149967107,0,extinction,0,0
122,chainWM,2.3,0.0001,0.2,0,,,1,6.007914787119272,0,extinction,0,0
123,chainWM,2.3,0.0001,0.2,0,,,1,9.124257081426872,0,extinction,0,0
124,chainWM,2.3,0.0001,0.2,0,,,1,6.026564512053772,0,extinction,0,0
125,chainWM,2.3,0.0001,0.2,0,,,1,5.872137173309557,0,extinction,0,0
126,chainWM,2.3,0.0001,0.2,0,,,1,4.760692846953916,0,extinction,0,0
127,chainWM,2.3,0.0001,0.2,0,,,1,4.795618613192771,0,extinction,0,0
128,chainWM,2.3,0.0001,0.2,0,,,1,6.655617456112887,0,extinction,0,0
129,chainWM,2.3,0.0001,0.2,0,,,1,5.978804538649202,0,extinction,0,0
130,chainWM,2.3,0.0001,0.2,0,,,1,4.609995382287748,0,extinction,0,1
131,chainWM,2.3,0.0001,0.2,0,,,1,4.575630951879059,0,extinction,0,0
132,chainWM,2.3,0.0001,0.2,0,,,1,5.063248215190116,0,extinction,0,0
133,chainWM,2.3,0.0001,0.2,0,,,1,4.657637962846785,0,extinction,0,0
134,chainWM,2.3,0.0001,0.2,0,,,1,6.884464841565532,0,extinction,0,0
135,chainWM,2.3,0.0001,0.2,0,,,1,5.460310403236483,0,extinction,0,0
136,chainWM,2.3,0.0001,0.2,0,,,1,4.057677945835865,0,extinction,0,0
137,chainWM,2.3,0.0001,0.2,0,,,1,4.525442885033636,0,extinction,0,0
138,chainWM,2.3,0.0001,0.2,0,,,1,5.502831681671327,0,extinction,0,0
139,chainWM,2.3,0.0001,0.2,0,,,1,4.951754386401144,0,extinction,0,0
140,chainWM,2.3,0.0001,0.2,0,,,1,5.672307969224504,0,extinction,0,0
141,chainWM,2.3,0.0001,0.2,0,,,1,6.229563386841189,0,extinction,0,0
142,chainWM,2.3,0.0001,0.2,0,,,1,5.470522859520496,0,extinction,0,0
143,chainWM,2.3,0.0001,0.2,0,,,1,5.214871671460737,0,extinction,0,0
144,chainWM,2.3,0.0001,0.2,0,,,1,4.312801645523844,0,extinction,0,0
145,chainWM,2.3,0.0001,0.2,0,,,1,4.6165403772517415,0,extinction,0,0
146,chainWM,2.3,0.0001,0.2,0,,,1,4.917396478276687,0,extinction,0,0
147,chainWM,2.3,0.0001,0.2,0,,,1,5.863302094716433,0,extinction,0,0
148,chainWM,2.3,0.0001,0.2,0,,,1,4.441695247480833,0,extinction,0,1
149,chainWM,2.3,0.0001,0.2,0,,,1,5.852305615405072,0,extinction,0,0
150,chainWM,2.3,0.0001,0.2,0,,,1,6.899452818373424,0,extinction,0,0
151,chainWM,2.3,0.0001,0.2,0,,,1,4.060052554046304,0,extinction,0,0
152,chainWM,2.3,0.0001,0.2,0,,,1,4.545981233206472,0,extinction,0,0
153,chainWM,2.3,0.0001,0.2,0,,,1,5.350097455149359,0,extinction,0,0
154,chainWM,2.3,0.0001,0.2,0,,,1,5.599570520500325,0,extinction,0,0
155,chainWM,2.3,0.0001,0.2,0,,,1,6.172341834032297,0,extinction,0,0
156,chainWM,2.3,0.0001,0.2,0,,,1,5.341188106866337,0,extinction,0,0
157,chainWM,2.3,0.0001,0.2,0,,,1,6.033681480835198,0,extinction,0,0
158,chainWM,2.3,0.0001,0.2,0,,,1,6.106039836982474,0,extinction,0,0
159,chainWM,2.3,0.0001,0.2,0,,,1,4.694778467127184,0,extinction,0,0
160,chainWM,2.3,0.0001,0.2,0,,,1,7.587678852904019,0,extinction,0,0
161,chainWM,2.3,0.0001,0.2,0,,,1,5.893249734959394,0,extinction,0,0
162,chainWM,2.3,0.0001,0.2,0,,,1,4.822924765759024,0,extinction,0,0
163,chainWM,2.3,0.0001,0.2,0,,,1,5.483827853414411,0,extinction,0,0
164,chainWM,2.3,0.0001,0.2,0,,,1,5.430279995368184,0,extinction,0,0
165,chainWM,2.3,0.0001,0.2,0,,,1,6.552477473442124,0,extinction,0,0
166,chainWM,2.3,0.0001,0.2,0,,,1,4.368998702309953,0,extinction,0,0
167,chainWM,2.3,0.0001,0.2,0,,,1,6.476911873846405,0,extinction,0,0
168,chainWM,2.3,0.0001,0.2,0,,,1,4.626191657326921,0,extinction,0,0
169,chainWM,2.3,0.0001,0.2,0,,,1,5.678517962534722,0,extinction,0,0
170,chainWM,2.3,0.0001,0.2,0,,,1,5.4869747888760925,0,extinction,0,0
171,chainWM,2.3,0.0001,0.2,0,,,1,4.789270905513559,0,extinction,0,0
172,chainWM,2.3,0.0001,0.2,0,,,1,4.491823267458253,0,extinction,0,0
173,chainWM,2.3,0.0001,0.2,0,,,1,4.299635726278893,0,extinction,0,0
174,chainWM,2.3,0.0001,0.2,0,,,1,5.300923935660474,0,extinction,0,0
175,chainWM,2.3,0.0001,0.2,0,,,1,5.082852908581525,0,extinction,0,0
176,chainWM,2.3,0.0001,0.2,0,,,1,4.151597124476574,0,extinction,0,0
177,chainWM,2.3,0.0001,0.2,0,,,1,5.08918326228927,0,extinction,0,0
178,chainWM,2.3,0.0001,0.2,0,,,1,5.368322245888786,0,extinction,0,0
179,chainWM,2.3,0.0001,0.2,0,,,1,5.084000439859085,0,extinction,0,0
180,chainWM,2.3,0.0001,0.2,0,,,1,3.769423478948413,0,extinction,0,0
181,chainWM,2.3,0.0001,0.2,0,,,1,6.231071539354623,0,extinction,0,0
182,chainWM,2.3,0.0001,0.2,0,,,1,6.6505971722574335,0,extinction,0,0
183,chainWM,2.3,0.0001,0.2,0,,,1,5.466718022537766,0,extinction,0,0
184,chainWM,2.3,0.0001,0.2,0,,,1,5.825058162922017,0,extinction,0,0
185,chainWM,2.3,0.0001,0.2,0,,,1,5.868264697286518,0,extinction,0,0
186,chainWM,2.3,0.0001,0.2,0,,,1,8.476603768566752,0,extinction,0,0
187,chainWM,2.3,0.0001,0.2,0,,,1,5.53611980787136,0,extinction,0,0
188,chainWM,2.3,0.0001,0.2,0,,,1,4.407042942998087,0,extinction,0,0
189,chainWM,2.3,0.0001,0.2,0,,,1,3.976340609764079,0,extinction,0,0
190,chainWM,2.3,0.0001,0.2,0,,,1,6.618006654021008,0,extinction,0,0
191,chainWM,2.3,0.0001,0.2,0,,,1,5.338768306989255,0,extinction,0,0
192,chainWM,2.3,0.0001,0.2,0,,,1,5.547527260706013,0,extinction,0,0
193,chainWM,2.3,0.0001,0.2,0,,,1,4.727009749998936,0,extinction,0,0
194,chainWM,2.3,0.0001,0.2,0,,,1,6.820194466555743,0,extinction,0,0
195,chainWM,2.3,0.0001,0.2,0,,,1,5.354277117807536,0,extinction,0,0
196,chainWM,2.3,0.0001,0.2,0,,,1,7.38756376431467,0,extinction,0,0
197,chainWM,2.3,0.0001,0.2,0,,,1,4.674125900784386,0,extinction,0,0
198,chainWM,2.3,0.0001,0.2,0,,,1,4.643678300526336,0,extinction,0,0
199,chainWM,2.3,0.0001,0.2,0,,,1,3.868396334366405,0,extinction,0,0
0,chainWM,2.8,0.0001,0.2,0,,,1,2.7939368132874214,0,extinction,0,0
1,chainWM,2.8,0.0001,0.2,0,,,1,4.5963834435412805,0,extinction,0,0
2,chainWM,2.8,0.0001,0.2,0,,,1,3.657372654905173,0,extinction,0,0
3,chainWM,2.8,0.0001,0.2,0,,,1,3.7508208585465823,0,extinction,0,0
4,chainWM,2.8,0.0001,0.2,0,,,1,2.9915953820366163,0,extinction,0,0
5,chainWM,2.8,0.0001,0.2,0,,,1,3.2535062987227845,0,extinction,0,0
6,chainWM,2.8,0.0001,0.2,0,,,1,3.694696504791669,0,extinction,0,0
7,chainWM,2.8,0.0001,0.2,0,,,1,3.794126368473172,0,extinction,0,0
8,chainWM,2.8,0.0001,0.2,0,,,1,3.522460949604154,0,extinction,0,0
9,chainWM,2.8,0.0001,0.2,0,,,1,4.607124358823287,0,extinction,0,0
10,chainWM,2.8,0.0001,0.2,0,,,1,3.766947371458748,0,extinction,0,0
11,chainWM,2.8,0.0001,0.2,0,,,1,3.303024031736397,0,extinction,0,0
12,chainWM,2.8,0.0001,0.2,0,,,1,3.653665679229332,0,extinction,0,0
13,chainWM,2.8,0.0001,0.2,0,,,1,3.706177455901903,0,extinction,0,0
14,chainWM,2.8,0.0001,0.2,0,,,1,3.865283629734006,0,extinction,0,0
15,chainWM,2.8,0.0001,0.2,0,,,1,3.461687719464158,0,extinction,0,0
16,chainWM,2.8,0.0001,0.2,0,,,1,4.410734214623477,0,extinction,0,0
17,chainWM,2.8,0.0001,0.2,0,,,1,4.992846698762532,0,extinction,0,0
18,chainWM,2.8,0.0001,0.2,0,,,1,4.0516114131186605,0,extinction,0,0
19,chainWM,2.8,0.0001,0.2,0,,,1,3.823942876714484,0,extinction,0,0
20,chainWM,2.8,0.0001,0.2,0,,,1,3.1836210744228564,0,extinction,0,0
21,chainWM,2.8,0.0001,0.2,0,,,1,4.393707395094763,0,extinction,0,0
22,chainWM,2.8,0.0001,0.2,0,,,1,3.4834798397816025,0,extinction,0,0
23,chainWM,2.8,0.0001,0.2,0,,,1,5.630044639025378,0,extinction,0,0
24,chainWM,2.8,0.0001,0.2,0,,,1,3.7974730387087656,0,extinction,0,0
25,chainWM,2.8,0.0001,0.2,0,,,1,3.88437301113133,0,extinction,0,0
26,chainWM,2.8,0.0001,0.2,1,2.347802107063977,edge,0,,25,rescue,0,1
27,chainWM,2.8,0.0001,0.2,0,,,1,4.612922156934506,0,extinction,0,0
28,chainWM,2.8,0.0001,0.2,0,,,1,4.225743361087312,0,extinction,0,0
29,chainWM,2.8,0.0001,0.2,0,,,1,3.27923576337727,0,extinction,0,0
30,chainWM,2.8,0.0001,0.2,0,,,1,3.955095337772425,0,extinction,0,0
31,chainWM,2.8,0.0001,0.2,0,,,1,4.292491553955614,0,extinction,0,0
32,chainWM,2.8,0.0001,0.2,0,,,1,4.021811834783301,0,extinction,0,0
33,chainWM,2.8,0.0001,0.2,0,,,1,3.5485803294847487,0,extinction,0,0
34,chainWM,2.8,0.0001,0.2,0,,,1,4.036022320427557,0,extinction,0,0
35,chainWM,2.8,0.0001,0.2,0,,,1,3.5758541775034067,0,extinction,0,0
36,chainWM,2.8,0.0001,0.2,0,,,1,3.734329145629786,0,extinction,0,0
37,chainWM,2.8,0.0001,0.2,0,,,1,3.454120807585013,0,extinction,0,0
38,chainWM,2.8,0.0001,0.2,0,,,1,3.724375279917975,0,extinction,0,0
39,chainWM,2.8,0.0001,0.2,0,,,1,4.003933860879242,0,extinction,0,0
40,chainWM,2.8,0.0001,0.2,0,,,1,3.760734667633842,0,extinction,0,0
41,chainWM,2.8,0.0001,0.2,0,,,1,3.6892512983483337,0,extinction,0,0
42,chainWM,2.8,0.0001,0.2,0,,,1,5.242331776451925,0,extinction,0,0
43,chainWM,2.8,0.0001,0.2,0,,,1,4.378070442103992,0,extinction,0,0
44,chainWM,2.8,0.0001,0.2,0,,,1,5.366818615965202,0,extinction,0,0
45,chainWM,2.8,0.0001,0.2,0,,,1,3.471306229721005,0,extinction,0,0
46,chainWM,2.8,0.0001,0.2,0,,,1,3.3260403210370018,0,extinction,0,0
47,chainWM,2.8,0.0001,0.2,1,5.197454880012067,edge,0,,10,rescue,0,1
48,chainWM,2.8,0.0001,0.2,0,,,1,4.881932184955205,0,extinction,0,1
49,chainWM,2.8,0.0001,0.2,0,,,1,3.555131247064595,0,extinction,0,0
50,chainWM,2.8,0.0001,0.2,0,,,1,4.40169273800242,0,extinction,0,0
51,chainWM,2.8,0.0001,0.2,0,,,1,3.374059008235313,0,extinction,0,0
52,chainWM,2.8,0.0001,0.2,0,,,1,3.4548861733415426,0,extinction,0,0
53,chainWM,2.8,0.0001,0.2,0,,,1,3.359125013073857,0,extinction,0,0
54,chainWM,2.8,0.0001,0.2,0,,,1,4.94364147497626,0,extinction,0,0
55,chainWM,2.8,0.0001,0.2,0,,,1,4.288197294555765,0,extinction,0,0
56,chainWM,2.8,0.0001,0.2,0,,,1,4.085763343434125,0,extinction,0,0
57,chainWM,2.8,0.0001,0.2,0,,,1,3.833442837946656,0,extinction,0,0
58,chainWM,2.8,0.0001,0.2,0,,,1,4.248018406410787,0,extinction,0,0
59,chainWM,2.8,0.0001,0.2,0,,,1,3.6258782084527903,0,extinction,0,0
60,chainWM,2.8,0.0001,0.2,0,,,1,5.206674695998386,0,extinction,0,0
61,chainWM,2.8,0.0001,0.2,0,,,1,2.8207476414000903,0,extinction,0,0
62,chainWM,2.8,0.0001,0.2,0,,,1,4.913132926041936,0,extinction,0,1
63,chainWM,2.8,0.0001,0.2,0,,,1,3.274510667226828,0,extinction,0,0
64,chainWM,2.8,0.0001,0.2,0,,,1,3.69600259212695,0,extinction,0,0
65,chainWM,2.8,0.0001,0.2,0,,,1,7.150868718283808,0,extinction,0,1
66,chainWM,2.8,0.0001,0.2,0,,,1,3.793421821869545,0,extinction,0,0
67,chainWM,2.8,0.0001,0.2,0,,,1,3.793440245905096,0,extinction,0,0
68,chainWM,2.8,0.0001,0.2,0,,,1,3.701487288855999,0,extinction,0,0
69,chainWM,2.8,0.0001,0.2,0,,,1,3.922859081931257,0,extinction,0,0
70,chainWM,2.8,0.0001,0.2,0,,,1,3.673960448042445,0,extinction,0,0
71,chainWM,2.8,0.0001,0.2,0,,,1,3.6136467167809863,0,extinction,0,1
72,chainWM,2.8,0.0001,0.2,0,,,1,4.16381834456564,0,extinction,0,0
73,chainWM,2.8,0.0001,0.2,0,,,1,3.606490543648186,0,extinction,0,0
74,chainWM,2.8,0.0001,0.2,0,,,1,3.9552459971654046,0,extinction,0,0
75,chainWM,2.8,0.0001,0.2,0,,,1,3.4290901846158586,0,extinction,0,0
76,chainWM,2.8,0.0001,0.2,0,,,1,4.223207467486712,0,extinction,0,0
77,chainWM,2.8,0.0001,0.2,0,,,1,4.108221760290458,0,extinction,0,0
78,chainWM,2.8,0.0001,0.2,0,,,1,5.396096047428329,0,extinction,0,0
79,chainWM,2.8,0.0001,0.2,0,,,1,2.945849838278604,0,extinction,0,0
80,chainWM,2.8,0.0001,0.2,0,,,1,3.3331626750655468,0,extinction,0,0
81,chainWM,2.8,0.0001,0.2,0,,,1,4.31956089960412,0,extinction,0,0
82,chainWM,2.8,0.0001,0.2,0,,,1,4.1335588727287975,0,extinction,0,0
83,chainWM,2.8,0.0001,0.2,0,,,1,3.1363932144336237,0,extinction,0,0
84,chainWM,2.8,0.0001,0.2,0,,,1,3.670547862457141,0,extinction,0,0
85,chainWM,2.8,0.0001,0.2,0,,,1,4.846680267772578,0,extinction,0,0
86,chainWM,2.8,0.0001,0.2,0,,,1,3.436830068829098,0,extinction,0,0
87,chainWM,2.8,0.0001,0.2,0,,,1,3.406236951936527,0,extinction,0,0
88,chainWM,2.8,0.0001,0.2,0,,,1,5.111838417652883,0,extinction,0,0
89,chainWM,2.8,0.0001,0.2,0,,,1,3.1322399867776736,0,extinction,0,0
90,chainWM,2.8,0.0001,0.2,0,,,1,2.787757077519253,0,extinction,0,0
91,chainWM,2.8,0.0001,0.2,1,6.4573276227960426,edge,0,,10,rescue,0,1
92,chainWM,2.8,0.0001,0.2,0,,,1,3.408617389121292,0,extinction,0,0
93,chainWM,2.8,0.0001,0.2,0,,,1,3.189721466856572,0,extinction,0,0
94,chainWM,2.8,0.0001,0.2,0,,,1,3.1243945092051346,0,extinction,0,0
95,chainWM,2.8,0.0001,0.2,0,,,1,3.519496528229632,0,extinction,0,0
96,chainWM,2.8,0.0001,0.2,0,,,1,3.6356437211322254,0,extinction,0,0
97,chainWM,2.8,0.0001,0.2,0,,,1,3.2550926474555166,0,extinction,0,0
98,chainWM,2.8,0.0001,0.2,0,,,1,3.440463938424511,0,extinction,0,0
99,chainWM,2.8,0.0001,0.2,0,,,1,3.381770315854214,0,extinction,0,0
100,chainWM,2.8,0.0001,0.2,0,,,1,5.1099278863669015,0,extinction,0,0
101,chainWM,2.8,0.0001,0.2,0,,,1,4.147809250886969,0,extinction,0,0
102,chainWM,2.8,0.0001,0.2,0,,,1,4.68454760587298,0,extinction,0,0
103,chainWM,2.8,0.0001,0.2,0,,,1,3.227496860938902,0,extinction,0,1
104,chainWM,2.8,0.0001,0.2,0,,,1,3.4547693524772294,0,extinction,0,0
105,chainWM,2.8,0.0001,0.2,0,,,1,4.665791860052221,0,extinction,0,0
106,chainWM,2.8,0.0001,0.2,0,,,1,3.786507866971895,0,extinction,0,0
107,chainWM,2.8,0.0001,0.2,0,,,1,3.9368477538571134,0,extinction,0,0
108,chainWM,2.8,0.0001,0.2,0,,,1,3.8387930173598255,0,extinction,0,0
109,chainWM,2.8,0.0001,0.2,0,,,1,4.519559064616684,0,extinction,0,0
110,chainWM,2.8,0.0001,0.2,0,,,1,3.923618015354402,0,extinction,0,0
111,chainWM,2.8,0.0001,0.2,0,,,1,3.276850342582596,0,extinction,0,0
112,chainWM,2.8,0.0001,0.2,1,2.469246517401059,edge,0,,19,rescue,0,1
113,chainWM,2.8,0.0001,0.2,0,,,1,3.005284763392696,0,extinction,0,0
114,chainWM,2.8,0.0001,0.2,0,,,1,4.323354288495829,0,extinction,0,0
115,chainWM,2.8,0.0001,0.2,0,,,1,3.828869163553391,0,extinction,0,0
116,chainWM,2.8,0.0001,0.2,0,,,1,3.984914483488983,0,extinction,0,0
117,chainWM,2.8,0.0001,0.2,0,,,1,3.7587352970530903,0,extinction,0,0
118,chainWM,2.8,0.0001,0.2,0,,,1,3.5708985764525023,0,extinction,0,0
119,chainWM,2.8,0.0001,0.2,0,,,1,7.322081868109485,0,extinction,0,0
120,chainWM,2.8,0.0001,0.2,0,,,1,3.60534158169499,0,extinction,0,0
121,chainWM,2.8,0.0001,0.2,0,,,1,3.946828238858345,0,extinction,0,0
122,chainWM,2.8,0.0001,0.2,0,,,1,3.676774991048549,0,extinction,0,0
123,chainWM,2.8,0.0001,0.2,0,,,1,4.868993710044816,0,extinction,0,0
124,chainWM,2.8,0.0001,0.2,0,,,1,3.504850622391884,0,extinction,0,0
125,chainWM,2.8,0.0001,0.2,0,,,1,4.378657563961414,0,extinction,0,0
126,chainWM,2.8,0.0001,0.2,0,,,1,3.654020646520317,0,extinction,0,0
127,chainWM,2.8,0.0001,0.2,0,,,1,5.870041664894997,0,extinction,0,0
128,chainWM,2.8,0.0001,0.2,0,,,1,3.3886395988743496,0,extinction,0,0
129,chainWM,2.8,0.0001,0.2,0,,,1,3.7177816163703454,0,extinction,0,0
130,chainWM,2.8,0.0001,0.2,0,,,1,4.673443937789692,0,extinction,0,0
131,chainWM,2.8,0.0001,0.2,0,,,1,3.8029159864055178,0,extinction,0,0
132,chainWM,2.8,0.0001,0.2,0,,,1,4.310321253916028,0,extinction,0,0
133,chainWM,2.8,0.0001,0.2,0,,,1,3.969225222368992,0,extinction,0,0
134,chainWM,2.8,0.0001,0.2,0,,,1,3.8082212534638016,0,extinction,0,0
135,chainWM,2.8,0.0001,0.2,0,,,1,3.8947857869992624,0,extinction,0,0
136,chainWM,2.8,0.0001,0.2,0,,,1,2.8832919310302705,0,extinction,0,0
137,chainWM,2.8,0.0001,0.2,0,,,1,3.866981966956847,0,extinction,0,0
138,chainWM,2.8,0.0001,0.2,0,,,1,4.632445900661051,0,extinction,0,0
139,chainWM,2.8,0.0001,0.2,0,,,1,3.5793515970452394,0,extinction,0,0
140,chainWM,2.8,0.0001,0.2,0,,,1,3.065828570942196,0,extinction,0,0
141,chainWM,2.8,0.0001,0.2,0,,,1,3.819965436516093,0,extinction,0,0
142,chainWM,2.8,0.0001,0.2,0,,,1,3.754854944381025,0,extinction,0,0
143,chainWM,2.8,0.0001,0.2,0,,,1,3.3646733712592947,0,extinction,0,0
144,chainWM,2.8,0.0001,0.2,0,,,1,3.4205993216057418,0,extinction,0,0
145,chainWM,2.8,0.0001,0.2,0,,,1,3.9376455466403857,0,extinction,0,0
146,chainWM,2.8,0.0001,0.2,0,,,1,3.215861477740143,0,extinction,0,0
147,chainWM,2.8,0.0001,0.2,0,,,1,4.249495944927298,0,extinction,0,0
148,chainWM,2.8,0.0001,0.2,0,,,1,3.850481553233497,0,extinction,0,0
149,chainWM,2.8,0.0001,0.2,0,,,1,3.953175078912917,0,extinction,0,0
150,chainWM,2.8,0.0001,0.2,0,,,1,4.122266472537168,0,extinction,0,0
151,chainWM,2.8,0.0001,0.2,0,,,1,3.151057603495629,0,extinction,0,0
152,chainWM,2.8,0.0001,0.2,0,,,1,4.595491143852902,0,extinction,0,0
153,chainWM,2.8,0.0001,0.2,0,,,1,4.413589720432906,0,extinction,0,0
154,chainWM,2.8,0.0001,0.2,0,,,1,3.4916985902896265,0,extinction,0,0
155,chainWM,2.8,0.0001,0.2,0,,,1,6.8673804012835244,0,extinction,0,0
156,chainWM,2.8,0.0001,0.2,0,,,1,3.5611948473443973,0,extinction,0,0
157,chainWM,2.8,0.0001,0.2,0,,,1,3.705683151974142,0,extinction,0,0
158,chainWM,2.8,0.0001,0.2,0,,,1,5.483526244735559,0,extinction,0,0
159,chainWM,2.8,0.0001,0.2,0,,,1,4.067065944173757,0,extinction,0,0
160,chainWM,2.8,0.0001,0.2,0,,,1,3.605941678091982,0,extinction,0,0
161,chainWM,2.8,0.0001,0.2,0,,,1,2.7268560726898934,0,extinction,0,0
162,chainWM,2.8,0.0001,0.2,0,,,1,4.584397642109932,0,extinction,0,0
163,chainWM,2.8,0.0001,0.2,0,,,1,3.0075260290969785,0,extinction,0,0
164,chainWM,2.8,0.0001,0.2,0,,,1,3.262262346311105,0,extinction,0,0
165,chainWM,2.8,0.0001,0.2,0,,,1,3.968417105692319,0,extinction,0,0
166,chainWM,2.8,0.0001,0.2,0,,,1,3.626900036815316,0,extinction,0,0
167,chainWM,2.8,0.0001,0.2,0,,,1,3.213672289455378,0,extinction,0,0
168,chainWM,2.8,0.0001,0.2,0,,,1,3.274989340640052,0,extinction,0,0
169,chainWM,2.8,0.0001,0.2,0,,,1,4.562288846507999,0,extinction,0,0
170,chainWM,2.8,0.0001,0.2,0,,,1,3.8750147704280025,0,extinction,0,0
171,chainWM,2.8,0.0001,0.2,0,,,1,3.4566573182746976,0,extinction,0,0
172,chainWM,2.8,0.0001,0.2,0,,,1,2.84422690528354,0,extinction,0,1
173,chainWM,2.8,0.0001,0.2,0,,,1,3.573349688118166,0,extinction,0,0
174,chainWM,2.8,0.0001,0.2,0,,,1,5.022112180454351,0,extinction,0,0
175,chainWM,2.8,0.0001,0.2,0,,,1,4.006640652402797,0,extinction,0,0
176,chainWM,2.8,0.0001,0.2,0,,,1,5.515826828658582,0,extinction,0,0
177,chainWM,2.8,0.0001,0.2,0,,,1,3.703852902224728,0,extinction,0,0
178,chainWM,2.8,0.0001,0.2,0,,,1,5.284906435456838,0,extinction,0,0
179,chainWM,2.8,0.0001,0.2,0,,,1,3.5805881592365005,0,extinction,0,0
180,chainWM,2.8,0.0001,0.2,0,,,1,3.7713854422043016,0,extinction,0,0
181,chainWM,2.8,0.0001,0.2,0,,,1,3.6337409070263935,0,extinction,0,0
182,chainWM,2.8,0.0001,0.2,0,,,1,4.2790820414338615,0,extinction,0,0
183,chainWM,2.8,0.0001,0.2,0,,,1,4.76584027199088,0,extinction,0,0
184,chainWM,2.8,0.0001,0.2,0,,,1,3.419907266556673,0,extinction,0,0
185,chainWM,2.8,0.0001,0.2,0,,,1,3.1299045649071955,0,extinction,0,0
186,chainWM,2.8,0.0001,0.2,0,,,1,3.6435348760312514,0,extinction,0,0
187,chainWM,2.8,0.0001,0.2,0,,,1,4.001045319111692,0,extinction,0,0
188,chainWM,2.8,0.0001,0.2,0,,,1,2.9240376960673933,0,extinction,0,0
189,chainWM,2.8,0.0001,0.2,0,,,1,4.559465109107983,0,extinction,0,0
190,chainWM,2.8,0.0001,0.2,0,,,1,3.996340061605405,0,extinction,0,0
191,chainWM,2.8,0.0001,0.2,0,,,1,3.549436754054969,0,extinction,0,0
192,chainWM,2.8,0.0001,0.2,0,,,1,3.784599848194419,0,extinction,0,0
193,chainWM,2.8,0.0001,0.2,0,,,1,3.9569662242034327,0,extinction,0,0
194,chainWM,2.8,0.0001,0.2,0,,,1,3.658038806158732,0,extinction,0,0
195,chainWM,2.8,0.0001,0.2,0,,,1,4.1037733292176215,0,extinction,0,0
196,chainWM,2.8,0.0001,0.2,0,,,1,3.913432118564725,0,extinction,0,0
197,chainWM,2.8,0.0001,0.2,0,,,1,4.181632279069478,0,extinction,0,0
198,chainWM,2.8,0.0001,0.2,0,,,1,3.6643625858600815,0,extinction,0,0
199,chainWM,2.8,0.0001,0.2,0,,,1,3.79995631930132,0,extinction,0,0
0,wellMixed,1.05,0.0001,,0,,,1,100.52363774505017,0,extinction,0,1
1,wellMixed,1.05,0.0001,,1,9.64989671539502,,0,,712,rescue,0,3
2,wellMixed,1.05,0.0001,,1,17.210784583464896,,0,,428,rescue,0,2
3,wellMixed,1.05,0.0001,,1,3.7441540638413793,,0,,743,rescue,0,2
4,wellMixed,1.05,0.0001,,1,10.66215050019304,,0,,546,rescue,0,1
5,wellMixed,1.05,0.0001,,1,6.712935487429894,,0,,769,rescue,0,2
6,wellMixed,1.05,0.0001,,0,,,1,127.81268238933384,0,extinction,0,0
7,wellMixed,1.05,0.0001,,0,,,1,65.86982931121669,0,extinction,0,0
8,wellMixed,1.05,0.0001,,1,22.209459229483254,,0,,227,rescue,0,3
9,wellMixed,1.05,0.0001,,1,21.149466846389057,,0,,335,rescue,0,1
10,wellMixed,1.05,0.0001,,1,7.1903393283185055,,0,,874,rescue,0,1
11,wellMixed,1.05,0.0001,,0,,,1,88.9438296543732,0,extinction,0,0
12,wellMixed,1.05,0.0001,,0,,,1,76.53443693024929,0,extinction,0,1
13,wellMixed,1.05,0.0001,,1,8.097529259185064,,0,,844,rescue,0,1
14,wellMixed,1.05,0.0001,,0,,,1,65.86896174723464,0,extinction,0,2
15,wellMixed,1.05,0.0001,,0,,,1,93.90675512384551,0,extinction,0,3
16,wellMixed,1.05,0.0001,,0,,,1,67.91208911574974,0,extinction,0,0
17,wellMixed,1.05,0.0001,,1,8.89283540851974,,0,,891,rescue,0,2
18,wellMixed,1.05,0.0001,,0,,,1,81.48627505918358,0,extinction,0,2
19,wellMixed,1.05,0.0001,,1,12.967566715072916,,0,,430,rescue,0,2
20,wellMixed,1.05,0.0001,,1,9.091813518136895,,0,,661,rescue,0,1
21,wellMixed,1.05,0.0001,,0,,,1,79.22316484958743,0,extinction,0,0
22,wellMixed,1.05,0.0001,,1,35.02597898625424,,0,,132,rescue,0,2
23,wellMixed,1.05,0.0001,,1,8.301248085189517,,0,,811,rescue,0,2
24,wellMixed,1.05,0.0001,,0,,,1,99.00472114306704,0,extinction,0,0
25,wellMixed,1.05,0.0001,,0,,,1,78.88739412277319,0,extinction,0,2
26,wellMixed,1.05,0.0001,,0,,,1,97.28265506928106,0,extinction,0,1
27,wellMixed,1.05,0.0001,,1,18.908835193371505,,0,,332,rescue,0,1
28,wellMixed,1.05,0.0001,,1,32.968433319936395,,0,,101,rescue,0,1
29,wellMixed,1.05,0.0001,,1,14.969267308606645,,0,,587,rescue,0,2
30,wellMixed,1.05,0.0001,,0,,,1,69.90051616222773,0,extinction,0,0
31,wellMixed,1.05,0.0001,,1,14.039609775118542,,0,,469,rescue,0,1
32,wellMixed,1.05,0.0001,,0,,,1,90.29470309988436,0,extinction,0,1
33,wellMixed,1.05,0.0001,,0,,,1,80.04746071009603,0,extinction,0,1
34,wellMixed,1.05,0.0001,,0,,,1,74.81524102488204,0,extinction,0,2
35,wellMixed,1.05,0.0001,,1,63.20333617516653,,0,,67,rescue,0,1
36,wellMixed,1.05,0.0001,,0,,,1,121.42491587545824,0,extinction,0,1
37,wellMixed,1.05,0.0001,,0,,,1,77.17722233588512,0,extinction,0,1
38,wellMixed,1.05,0.0001,,1,39.07788561855274,,0,,94,rescue,0,1
39,wellMixed,1.05,0.0001,,0,,,1,78.56039982155266,0,extinction,0,2
40,wellMixed,1.05,0.0001,,1,25.099739026107383,,0,,214,rescue,0,1
41,wellMixed,1.05,0.0001,,1,65.47869729300447,,0,,105,rescue,0,2
42,wellMixed,1.05,0.0001,,1,183.60011708895436,,0,,44,rescue,0,1
43,wellMixed,1.05,0.0001,,0,,,1,53.038719751375865,0,extinction,0,0
44,wellMixed,1.05,0.0001,,1,11.65190184139103,,0,,577,rescue,0,4
45,wellMixed,1.05,0.0001,,0,,,1,103.2228693656018,0,extinction,0,0
46,wellMixed,1.05,0.0001,,1,4.72259308934632,,0,,832,rescue,0,1
47,wellMixed,1.05,0.0001,,0,,,1,74.18656443702118,0,extinction,0,0
48,wellMixed,1.05,0.0001,,1,8.612732091045745,,0,,509,rescue,0,1
49,wellMixed,1.05,0.0001,,0,,,1,89.94925165522973,0,extinction,0,2
50,wellMixed,1.05,0.0001,,1,11.244300440976968,,0,,559,rescue,0,1
51,wellMixed,1.05,0.0001,,1,15.913228525240322,,0,,480,rescue,0,1
52,wellMixed,1.05,0.0001,,0,,,1,67.84383266991694,0,extinction,0,1
53,wellMixed,1.05,0.0001,,1,104.08229871777012,,0,,13,rescue,0,3
54,wellMixed,1.05,0.0001,,1,13.053208435565711,,0,,547,rescue,0,2
55,wellMixed,1.05,0.0001,,0,,,1,82.54407040485356,0,extinction,0,1
56,wellMixed,1.05,0.0001,,1,26.2044994784544,,0,,291,rescue,0,2
57,wellMixed,1.05,0.0001,,0,,,1,71.0429455651175,0,extinction,0,0
58,wellMixed,1.05,0.0001,,0,,,1,86.09849479622531,0,extinction,0,1
59,wellMixed,1.05,0.0001,,0,,,1,59.92207435271318,0,extinction,0,2
60,wellMixed,1.05,0.0001,,1,9.722981677671392,,0,,415,rescue,0,2
61,wellMixed,1.05,0.0001,,1,5.908627300604092,,0,,719,rescue,0,1
62,wellMixed,1.05,0.0001,,0,,,1,72.7548596011223,0,extinction,0,1
63,wellMixed,1.05,0.0001,,1,12.417946319830802,,0,,543,rescue,0,1
64,wellMixed,1.05,0.0001,,0,,,1,99.96212400038482,0,extinction,0,1
65,wellMixed,1.05,0.0001,,0,,,1,126.78570318897484,0,extinction,0,3
66,wellMixed,1.05,0.0001,,0,,,1,93.57693875617989,0,extinction,0,2
67,wellMixed,1.05,0.0001,,0,,,1,77.20292534568141,0,extinction,0,1
68,wellMixed,1.05,0.0001,,0,,,1,80.81518567972996,0,extinction,0,1
69,wellMixed,1.05,0.0001,,1,13.008626548448472,,0,,431,rescue,0,2
70,wellMixed,1.05,0.0001,,1,43.989337222625736,,0,,105,rescue,0,1
71,wellMixed,1.05,0.0001,,0,,,1,133.82909168531995,0,extinction,0,0
72,wellMixed,1.05,0.0001,,1,56.04229808514936,,0,,47,rescue,0,2
73,wellMixed,1.05,0.0001,,1,22.46688370458332,,0,,396,rescue,0,3
74,wellMixed,1.05,0.0001,,1,50.81859929124658,,0,,38,rescue,0,2
75,wellMixed,1.05,0.0001,,1,3.78448510389517,,0,,852,rescue,0,2
76,wellMixed,1.05,0.0001,,1,4.3589962042658295,,0,,809,rescue,0,1
77,wellMixed,1.05,0.0001,,1,3.051021757737655,,0,,900,rescue,0,1
78,wellMixed,1.05,0.0001,,1,22.04269350130212,,0,,392,rescue,0,2
79,wellMixed,1.05,0.0001,,1,4.219614008921633,,0,,772,rescue,0,2
80,wellMixed,1.05,0.0001,,1,17.89444107650678,,0,,470,rescue,0,1
81,wellMixed,1.05,0.0001,,1,3.927033689287143,,0,,801,rescue,0,2
82,wellMixed,1.05,0.0001,,1,18.02315798158567,,0,,526,rescue,0,2
83,wellMixed,1.05,0.0001,,1,25.92218565388476,,0,,240,rescue,0,2
84,wellMixed,1.05,0.0001,,0,,,1,57.61549241340387,0,extinction,0,2
85,wellMixed,1.05,0.0001,,1,30.76444323859374,,0,,220,rescue,0,3
86,wellMixed,1.05,0.0001,,0,,,1,126.38752760835844,0,extinction,0,1
87,wellMixed,1.05,0.0001,,1,17.69260565555624,,0,,472,rescue,0,2
88,wellMixed,1.05,0.0001,,0,,,1,50.225857719733824,0,extinction,0,0
89,wellMixed,1.05,0.0001,,1,20.724049040499327,,0,,471,rescue,0,1
90,wellMixed,1.05,0.0001,,0,,,1,71.80086551008381,0,extinction,0,0
91,wellMixed,1.05,0.0001,,1,8.709925149699696,,0,,519,rescue,0,2
92,wellMixed,1.05,0.0001,,1,13.117448144429275,,0,,542,rescue,0,1
93,wellMixed,1.05,0.0001,,1,8.081010912447411,,0,,664,rescue,0,1
94,wellMixed,1.05,0.0001,,0,,,1,106.14114332923836,0,extinction,0,1
95,wellMixed,1.05,0.0001,,1,7.407337747902249,,0,,621,rescue,0,1
96,wellMixed,1.05,0.0001,,1,5.894946078529467,,0,,863,rescue,0,2
97,wellMixed,1.05,0.0001,,1,16.19579250721922,,0,,497,rescue,0,1
98,wellMixed,1.05,0.0001,,0,,,1,77.30018748691224,0,extinction,0,2
99,wellMixed,1.05,0.0001,,0,,,1,69.50072969283326,0,extinction,0,3
100,wellMixed,1.05,0.0001,,1,8.478061857235636,,0,,648,rescue,0,2
101,wellMixed,1.05,0.0001,,1,33.258873630284775,,0,,148,rescue,0,3
102,wellMixed,1.05,0.0001,,0,,,1,83.86746964430158,0,extinction,0,4
103,wellMixed,1.05,0.0001,,1,3.2572883325327884,,0,,700,rescue,0,1
104,wellMixed,1.05,0.0001,,0,,,1,112.02021467406114,0,extinction,0,1
105,wellMixed,1.05,0.0001,,0,,,1,80.15755488824522,0,extinction,0,1
106,wellMixed,1.05,0.0001,,0,,,1,127.26737285603966,0,extinction,0,0
107,wellMixed,1.05,0.0001,,1,10.648072060863434,,0,,627,rescue,0,1
108,wellMixed,1.05,0.0001,,1,8.212031330399741,,0,,512,rescue,0,2
109,wellMixed,1.05,0.0001,,1,57.09641778096166,,0,,85,rescue,0,2
110,wellMixed,1.05,0.0001,,0,,,1,65.07135969741402,0,extinction,0,0
111,wellMixed,1.05,0.0001,,1,10.775925503624505,,0,,633,rescue,0,1
112,wellMixed,1.05,0.0001,,1,16.205410477308984,,0,,724,rescue,0,1
113,wellMixed,1.05,0.0001,,0,,,1,45.62047761174285,0,extinction,0,2
114,wellMixed,1.05,0.0001,,1,24.07419215848221,,0,,254,rescue,0,2
115,wellMixed,1.05,0.0001,,1,50.87759856891974,,0,,108,rescue,0,3
116,wellMixed,1.05,0.0001,,1,10.61683246262068,,0,,496,rescue,0,1
117,wellMixed,1.05,0.0001,,1,26.85096944798404,,0,,315,rescue,0,2
118,wellMixed,1.05,0.0001,,0,,,1,60.60141333625416,0,extinction,0,1
119,wellMixed,1.05,0.0001,,0,,,1,124.90603239241868,0,extinction,0,3
120,wellMixed,1.05,0.0001,,0,,,1,121.0388772215036,0,extinction,0,3
121,wellMixed,1.05,0.0001,,1,15.328499959877202,,0,,526,rescue,0,1
122,wellMixed,1.05,0.0001,,0,,,1,79.52005056788553,0,extinction,0,1
123,wellMixed,1.05,0.0001,,0,,,1,97.28425490793308,0,extinction,0,0
124,wellMixed,1.05,0.0001,,0,,,1,59.4683256340065,0,extinction,0,1
125,wellMixed,1.05,0.0001,,1,19.540337531643395,,0,,412,rescue,0,3
126,wellMixed,1.05,0.0001,,1,5.422946987755418,,0,,790,rescue,0,2
127,wellMixed,1.05,0.0001,,0,,,1,61.48804041184562,0,extinction,0,1
128,wellMixed,1.05,0.0001,,1,13.940034088041475,,0,,718,rescue,0,2
129,wellMixed,1.05,0.0001,,0,,,1,92.0712749217042,0,extinction,0,3
130,wellMixed,1.05,0.0001,,0,,,1,73.71332145525372,0,extinction,0,1
131,wellMixed,1.05,0.0001,,0,,,1,107.09863585827198,0,extinction,0,3
132,wellMixed,1.05,0.0001,,0,,,1,83.2208780498975,0,extinction,0,1
133,wellMixed,1.05,0.0001,,0,,,1,65.11478934915465,0,extinction,0,2
134,wellMixed,1.05,0.0001,,1,15.48558851655141,,0,,306,rescue,0,3
135,wellMixed,1.05,0.0001,,1,5.916213524431341,,0,,667,rescue,0,2
136,wellMixed,1.05,0.0001,,1,19.553053392565992,,0,,417,rescue,0,2
137,wellMixed,1.05,0.0001,,1,20.934882854131324,,0,,390,rescue,0,1
138,wellMixed,1.05,0.0001,,1,14.468009181279408,,0,,317,rescue,0,2
139,wellMixed,1.05,0.0001,,0,,,1,90.73629786258287,0,extinction,0,1
140,wellMixed,1.05,0.0001,,0,,,1,87.84591921833845,0,extinction,0,1
141,wellMixed,1.05,0.0001,,1,8.11295908654057,,0,,639,rescue,0,3
142,wellMixed,1.05,0.0001,,1,23.46835010680213,,0,,303,rescue,0,1
143,wellMixed,1.05,0.0001,,0,,,1,110.90387787076914,0,extinction,0,5
144,wellMixed,1.05,0.0001,,1,23.641992170166333,,0,,246,rescue,0,1
145,wellMixed,1.05,0.0001,,1,34.372828860586075,,0,,291,rescue,0,3
146,wellMixed,1.05,0.0001,,0,,,1,68.05514166882222,0,extinction,0,0
147,wellMixed,1.05,0.0001,,0,,,1,96.9408145848986,0,extinction,0,3
148,wellMixed,1.05,0.0001,,1,37.80466368423215,,0,,200,rescue,0,2
149,wellMixed,1.05,0.0001,,0,,,1,84.87777249656592,0,extinction,0,0
150,wellMixed,1.05,0.0001,,0,,,1,96.15516327526744,0,extinction,0,0
151,wellMixed,1.05,0.0001,,1,52.840970730134615,,0,,40,rescue,0,1
152,wellMixed,1.05,0.0001,,1,22.533321251429715,,0,,214,rescue,0,2
153,wellMixed,1.05,0.0001,,1,46.89504107568202,,0,,123,rescue,0,1
154,wellMixed,1.05,0.0001,,1,9.936159970915831,,0,,548,rescue,0,1
155,wellMixed,1.05,0.0001,,0,,,1,105.07017417924838,0,extinction,0,0
156,wellMixed,1.05,0.0001,,1,26.47010901759946,,0,,395,rescue,0,5
157,wellMixed,1.05,0.0001,,0,,,1,75.19995980324822,0,extinction,0,0
158,wellMixed,1.05,0.0001,,1,6.561283233218226,,0,,658,rescue,0,1
159,wellMixed,1.05,0.0001,,0,,,1,118.95016747540562,0,extinction,0,0
160,wellMixed,1.05,0.0001,,1,22.28988917954049,,0,,424,rescue,0,1
161,wellMixed,1.05,0.0001,,1,5.206900368385867,,0,,921,rescue,0,1
162,wellMixed,1.05,0.0001,,1,10.135404058618818,,0,,790,rescue,0,1
163,wellMixed,1.05,0.0001,,0,,,1,83.873246765723,0,extinction,0,0
164,wellMixed,1.05,0.0001,,1,35.427133887435915,,0,,92,rescue,0,3
165,wellMixed,1.05,0.0001,,1,26.974345563454285,,0,,240,rescue,0,3
166,wellMixed,1.05,0.0001,,0,,,1,87.75250247288393,0,extinction,0,0
167,wellMixed,1.05,0.0001,,0,,,1,93.14393026940058,0,extinction,0,0
168,wellMixed,1.05,0.0001,,1,17.290901202995663,,0,,315,rescue,0,3
169,wellMixed,1.05,0.0001,,1,22.38036615925956,,0,,204,rescue,0,5
170,wellMixed,1.05,0.0001,,1,24.200902965692208,,0,,209,rescue,0,1
171,wellMixed,1.05,0.0001,,1,7.7244094580392675,,0,,848,rescue,0,2
172,wellMixed,1.05,0.0001,,0,,,1,68.49765104751226,0,extinction,0,1
173,wellMixed,1.05,0.0001,,0,,,1,86.39333682202415,0,extinction,0,1
174,wellMixed,1.05,0.0001,,0,,,1,159.70012789934407,0,extinction,0,3
175,wellMixed,1.05,0.0001,,1,21.072275428377026,,0,,327,rescue,0,2
176,wellMixed,1.05,0.0001,,1,40.484804632603165,,0,,191,rescue,0,1
177,wellMixed,1.05,0.0001,,1,30.21026583114987,,0,,247,rescue,0,2
178,wellMixed,1.05,0.0001,,1,8.060059783238538,,0,,565,rescue,0,1
179,wellMixed,1.05,0.0001,,0,,,1,70.14789447383315,0,extinction,0,3
180,wellMixed,1.05,0.0001,,1,11.645269256530126,,0,,675,rescue,0,1
181,wellMixed,1.05,0.0001,,1,4.446257192876083,,0,,887,rescue,0,1
182,wellMixed,1.05,0.0001,,1,18.144899443824663,,0,,608,rescue,0,3
183,wellMixed,1.05,0.0001,,0,,,1,86.81981349853123,0,extinction,0,0
184,wellMixed,1.05,0.0001,,0,,,1,62.453068754922434,0,extinction,0,1
185,wellMixed,1.05,0.0001,,1,37.84549942031738,,0,,182,rescue,0,2
186,wellMixed,1.05,0.0001,,1,13.348303121278777,,0,,435,rescue,0,2
187,wellMixed,1.05,0.0001,,1,4.926655310396439,,0,,923,rescue,0,1
188,wellMixed,1.05,0.0001,,1,14.100722972334353,,0,,470,rescue,0,3
189,wellMixed,1.05,0.0001,,1,23.38710209549181,,0,,270,rescue,0,1
190,wellMixed,1.05,0.0001,,1,15.335884234026436,,0,,620,rescue,0,1
191,wellMixed,1.05,0.0001,,1,6.535507996004471,,0,,904,rescue,0,1
192,wellMixed,1.05,0.0001,,0,,,1,80.47604296123043,0,extinction,0,1
193,wellMixed,1.05,0.0001,,1,27.077861788243,,0,,189,rescue,0,3
194,wellMixed,1.05,0.0001,,0,,,1,90.52878646542362,0,extinction,0,0
195,wellMixed,1.05,0.0001,,1,6.69029463012248,,0,,720,rescue,0,1
196,wellMixed,1.05,0.0001,,1,9.414874243558462,,0,,637,rescue,0,1
197,wellMixed,1.05,0.0001,,1,11.45502511520909,,0,,638,rescue,0,1
198,wellMixed,1.05,0.0001,,1,22.15122781492983,,0,,365,rescue,0,1
199,wellMixed,1.05,0.0001,,1,53.32615204865826,,0,,63,rescue,0,4
0,wellMixed,1.1,0.0001,,0,,,1,34.243465188175165,0,extinction,0,0
1,wellMixed,1.1,0.0001,,1,6.129217508322022,,0,,666,rescue,0,1
2,wellMixed,1.1,0.0001,,0,,,1,36.236327103509,0,extinction,0,2
3,wellMixed,1.1,0.0001,,1,4.980362532546458,,0,,481,rescue,0,2
4,wellMixed,1.1,0.0001,,1,25.370495052471853,,0,,48,rescue,0,1
5,wellMixed,1.1,0.0001,,1,3.4793685783303787,,0,,733,rescue,0,2
6,wellMixed,1.1,0.0001,,0,,,1,72.94547647885881,0,extinction,0,0
7,wellMixed,1.1,0.0001,,0,,,1,55.1229799551955,0,extinction,0,0
8,wellMixed,1.1,0.0001,,0,,,1,56.637007393267,0,extinction,0,1
9,wellMixed,1.1,0.0001,,0,,,1,63.08584695251525,0,extinction,0,0
10,wellMixed,1.1,0.0001,,1,8.72647888720609,,0,,587,rescue,0,1
11,wellMixed,1.1,0.0001,,0,,,1,47.505400477796165,0,extinction,0,0
12,wellMixed,1.1,0.0001,,0,,,1,61.69644960266018,0,extinction,0,1
13,wellMixed,1.1,0.0001,,1,13.484994509579264,,0,,323,rescue,0,1
14,wellMixed,1.1,0.0001,,0,,,1,86.37329968933581,0,extinction,0,1
15,wellMixed,1.1,0.0001,,0,,,1,47.49355547257157,0,extinction,0,0
16,wellMixed,1.1,0.0001,,0,,,1,42.012300608535526,0,extinction,0,0
17,wellMixed,1.1,0.0001,,1,13.165659038402062,,0,,440,rescue,0,2
18,wellMixed,1.1,0.0001,,1,11.784514964214948,,0,,481,rescue,0,1
19,wellMixed,1.1,0.0001,,1,11.654650448067526,,0,,267,rescue,0,2
20,wellMixed,1.1,0.0001,,1,4.718100427454258,,0,,577,rescue,0,1
21,wellMixed,1.1,0.0001,,0,,,1,45.49367887217963,0,extinction,0,0
22,wellMixed,1.1,0.0001,,1,18.02877719692493,,0,,131,rescue,0,1
23,wellMixed,1.1,0.0001,,1,5.740482494026231,,0,,586,rescue,0,2
24,wellMixed,1.1,0.0001,,0,,,1,36.62642966274905,0,extinction,0,0
25,wellMixed,1.1,0.0001,,1,27.48040225221176,,0,,49,rescue,0,1
26,wellMixed,1.1,0.0001,,0,,,1,65.2654103930722,0,extinction,0,1
27,wellMixed,1.1,0.0001,,0,,,1,40.11849229928991,0,extinction,0,1
28,wellMixed,1.1,0.0001,,0,,,1,37.982657884760165,0,extinction,0,0
29,wellMixed,1.1,0.0001,,1,10.499304711851456,,0,,395,rescue,0,1
30,wellMixed,1.1,0.0001,,0,,,1,44.91764284762593,0,extinction,0,0
31,wellMixed,1.1,0.0001,,1,12.942713960348524,,0,,229,rescue,0,1
32,wellMixed,1.1,0.0001,,0,,,1,38.2997701959097,0,extinction,0,0
33,wellMixed,1.1,0.0001,,0,,,1,41.93518054369042,0,extinction,0,0
34,wellMixed,1.1,0.0001,,0,,,1,45.5542851983108,0,extinction,0,1
35,wellMixed,1.1,0.0001,,0,,,1,45.20532280280232,0,extinction,0,0
36,wellMixed,1.1,0.0001,,0,,,1,48.665967458545,0,extinction,0,0
37,wellMixed,1.1,0.0001,,0,,,1,53.60889555234901,0,extinction,0,1
38,wellMixed,1.1,0.0001,,0,,,1,38.66283601080944,0,extinction,0,0
39,wellMixed,1.1,0.0001,,0,,,1,48.551398394209336,0,extinction,0,0
40,wellMixed,1.1,0.0001,,0,,,1,33.00117090114666,0,extinction,0,0
41,wellMixed,1.1,0.0001,,0,,,1,59.11992954095184,0,extinction,0,0
42,wellMixed,1.1,0.0001,,0,,,1,54.21005583847044,0,extinction,0,0
43,wellMixed,1.1,0.0001,,0,,,1,41.03663361531037,0,extinction,0,0
44,wellMixed,1.1,0.0001,,1,6.946615892728076,,0,,559,rescue,0,4
45,wellMixed,1.1,0.0001,,0,,,1,46.86081228271563,0,extinction,0,0
46,wellMixed,1.1,0.0001,,1,9.92627219913121,,0,,368,rescue,0,1
47,wellMixed,1.1,0.0001,,0,,,1,42.75756826333988,0,extinction,0,0
48,wellMixed,1.1,0.0001,,0,,,1,50.34162600094514,0,extinction,0,2
49,wellMixed,1.1,0.0001,,0,,,1,44.81846186325855,0,extinction,0,1
50,wellMixed,1.1,0.0001,,0,,,1,38.86194225052631,0,extinction,0,1
51,wellMixed,1.1,0.0001,,1,13.851163615939756,,0,,253,rescue,0,1
52,wellMixed,1.1,0.0001,,0,,,1,46.06337904814052,0,extinction,0,1
53,wellMixed,1.1,0.0001,,0,,,1,44.70608827288398,0,extinction,0,1
54,wellMixed,1.1,0.0001,,1,19.77722747684956,,0,,226,rescue,0,2
55,wellMixed,1.1,0.0001,,0,,,1,62.33362589804895,0,extinction,0,1
56,wellMixed,1.1,0.0001,,0,,,1,51.54158823013844,0,extinction,0,1
57,wellMixed,1.1,0.0001,,0,,,1,35.5241695083463,0,extinction,0,0
58,wellMixed,1.1,0.0001,,0,,,1,50.75516355378146,0,extinction,0,2
59,wellMixed,1.1,0.0001,,1,31.61421902421936,,0,,54,rescue,0,2
60,wellMixed,1.1,0.0001,,0,,,1,48.525386157770704,0,extinction,0,2
61,wellMixed,1.1,0.0001,,0,,,1,42.329473343689145,0,extinction,0,1
62,wellMixed,1.1,0.0001,,0,,,1,39.71719696886886,0,extinction,0,1
63,wellMixed,1.1,0.0001,,0,,,1,42.23393975144654,0,extinction,0,0
64,wellMixed,1.1,0.0001,,0,,,1,50.15501687200823,0,extinction,0,0
65,wellMixed,1.1,0.0001,,0,,,1,48.40055471395354,0,extinction,0,1
66,wellMixed,1.1,0.0001,,0,,,1,49.31996097991042,0,extinction,0,1
67,wellMixed,1.1,0.0001,,0,,,1,78.97416366134024,0,extinction,0,0
68,wellMixed,1.1,0.0001,,1,19.206422268660937,,0,,147,rescue,0,1
69,wellMixed,1.1,0.0001,,0,,,1,37.44935640210832,0,extinction,0,2
70,wellMixed,1.1,0.0001,,0,,,1,58.21108147987716,0,extinction,0,0
71,wellMixed,1.1,0.0001,,0,,,1,39.368805271775074,0,extinction,0,0
72,wellMixed,1.1,0.0001,,0,,,1,44.69797017924216,0,extinction,0,1
73,wellMixed,1.1,0.0001,,0,,,1,48.39987298969304,0,extinction,0,1
74,wellMixed,1.1,0.0001,,0,,,1,52.3859840032965,0,extinction,0,0
75,wellMixed,1.1,0.0001,,1,4.939761871647036,,0,,623,rescue,0,2
76,wellMixed,1.1,0.0001,,0,,,1,36.41404099847315,0,extinction,0,1
77,wellMixed,1.1,0.0001,,1,5.0487889752537685,,0,,733,rescue,0,1
78,wellMixed,1.1,0.0001,,0,,,1,93.14309295674944,0,extinction,0,1
79,wellMixed,1.1,0.0001,,0,,,1,84.91959476260983,0,extinction,0,1
80,wellMixed,1.1,0.0001,,0,,,1,67.48387286895645,0,extinction,0,0
81,wellMixed,1.1,0.0001,,1,6.316627439507731,,0,,467,rescue,0,2
82,wellMixed,1.1,0.0001,,1,46.37456607357151,,0,,16,rescue,0,2
83,wellMixed,1.1,0.0001,,1,16.727068940416874,,0,,224,rescue,0,1
84,wellMixed,1.1,0.0001,,1,15.339895927722637,,0,,144,rescue,0,1
85,wellMixed,1.1,0.0001,,0,,,1,37.94162530875165,0,extinction,0,1
86,wellMixed,1.1,0.0001,,1,20.75213806115801,,0,,93,rescue,0,1
87,wellMixed,1.1,0.0001,,0,,,1,63.21952433535785,0,extinction,0,1
88,wellMixed,1.1,0.0001,,0,,,1,39.97327671644573,0,extinction,0,0
89,wellMixed,1.1,0.0001,,0,,,1,50.4985597746133,0,extinction,0,1
90,wellMixed,1.1,0.0001,,0,,,1,37.48642868891435,0,extinction,0,0
91,wellMixed,1.1,0.0001,,1,6.568231855346322,,0,,480,rescue,0,1
92,wellMixed,1.1,0.0001,,0,,,1,74.54211340524806,0,extinction,0,0
93,wellMixed,1.1,0.0001,,1,7.011311071919966,,0,,459,rescue,0,2
94,wellMixed,1.1,0.0001,,1,10.459240787459668,,0,,348,rescue,0,2
95,wellMixed,1.1,0.0001,,0,,,1,38.66101646389082,0,extinction,0,1
96,wellMixed,1.1,0.0001,,0,,,1,46.839930895913405,0,extinction,0,2
97,wellMixed,1.1,0.0001,,0,,,1,48.439555623955066,0,extinction,0,0
98,wellMixed,1.1,0.0001,,0,,,1,66.20545438857015,0,extinction,0,1
99,wellMixed,1.1,0.0001,,0,,,1,62.60591865304252,0,extinction,0,2
100,wellMixed,1.1,0.0001,,1,10.42211752355208,,0,,312,rescue,0,2
101,wellMixed,1.1,0.0001,,0,,,1,47.82173037677415,0,extinction,0,1
102,wellMixed,1.1,0.0001,,0,,,1,53.22665683453717,0,extinction,0,0
103,wellMixed,1.1,0.0001,,0,,,1,32.313414445026545,0,extinction,0,1
104,wellMixed,1.1,0.0001,,0,,,1,40.78284645153066,0,extinction,0,0
105,wellMixed,1.1,0.0001,,0,,,1,30.101296128034264,0,extinction,0,0
106,wellMixed,1.1,0.0001,,0,,,1,42.6838037445266,0,extinction,0,0
107,wellMixed,1.1,0.0001,,1,8.629863070830613,,0,,446,rescue,0,1
108,wellMixed,1.1,0.0001,,0,,,1,34.79641608074488,0,extinction,0,2
109,wellMixed,1.1,0.0001,,0,,,1,40.11620170194266,0,extinction,0,0
110,wellMixed,1.1,0.0001,,0,,,1,50.09271518743552,0,extinction,0,0
111,wellMixed,1.1,0.0001,,1,7.330027629713629,,0,,550,rescue,0,1
112,wellMixed,1.1,0.0001,,1,10.995449043505882,,0,,436,rescue,0,1
113,wellMixed,1.1,0.0001,,0,,,1,42.30354192161682,0,extinction,0,0
114,wellMixed,1.1,0.0001,,0,,,1,48.33821420203649,0,extinction,0,0
115,wellMixed,1.1,0.0001,,0,,,1,106.37963331330252,0,extinction,0,0
116,wellMixed,1.1,0.0001,,1,12.17685608337369,,0,,239,rescue,0,1
117,wellMixed,1.1,0.0001,,1,16.241528053727755,,0,,266,rescue,0,1
118,wellMixed,1.1,0.0001,,0,,,1,47.2694607709693,0,extinction,0,0
119,wellMixed,1.1,0.0001,,0,,,1,49.29246248470338,0,extinction,0,2
120,wellMixed,1.1,0.0001,,0,,,1,47.17316151999672,0,extinction,0,1
121,wellMixed,1.1,0.0001,,0,,,1,57.85771389572711,0,extinction,0,1
122,wellMixed,1.1,0.0001,,1,9.941780650779648,,0,,305,rescue,0,1
123,wellMixed,1.1,0.0001,,0,,,1,49.82378924880598,0,extinction,0,0
124,wellMixed,1.1,0.0001,,0,,,1,61.03805379678995,0,extinction,0,0
125,wellMixed,1.1,0.0001,,1,3.2247180206954456,,0,,745,rescue,0,1
126,wellMixed,1.1,0.0001,,1,6.722080175633691,,0,,532,rescue,0,2
127,wellMixed,1.1,0.0001,,0,,,1,54.277148828061726,0,extinction,0,0
128,wellMixed,1.1,0.0001,,1,8.668330272486854,,0,,468,rescue,0,1
129,wellMixed,1.1,0.0001,,0,,,1,39.44301161368479,0,extinction,0,1
130,wellMixed,1.1,0.0001,,0,,,1,40.38841215597098,0,extinction,0,0
131,wellMixed,1.1,0.0001,,0,,,1,56.851010531524686,0,extinction,0,1
132,wellMixed,1.1,0.0001,,0,,,1,49.16789102482368,0,extinction,0,0
133,wellMixed,1.1,0.0001,,1,14.380487509810864,,0,,282,rescue,0,1
134,wellMixed,1.1,0.0001,,0,,,1,35.95955922503386,0,extinction,0,3
135,wellMixed,1.1,0.0001,,1,9.291788736246383,,0,,441,rescue,0,2
136,wellMixed,1.1,0.0001,,1,4.63473287073201,,0,,532,rescue,0,1
137,wellMixed,1.1,0.0001,,0,,,1,65.82773462609536,0,extinction,0,0
138,wellMixed,1.1,0.0001,,1,39.16881830116748,,0,,13,rescue,0,1
139,wellMixed,1.1,0.0001,,0,,,1,43.177455129190975,0,extinction,0,0
140,wellMixed,1.1,0.0001,,0,,,1,41.93900764774336,0,extinction,0,0
141,wellMixed,1.1,0.0001,,1,5.335747730407198,,0,,594,rescue,0,3
142,wellMixed,1.1,0.0001,,0,,,1,57.28282397955592,0,extinction,0,0
143,wellMixed,1.1,0.0001,,1,17.14386719523896,,0,,207,rescue,0,3
144,wellMixed,1.1,0.0001,,0,,,1,69.99306624509364,0,extinction,0,0
145,wellMixed,1.1,0.0001,,0,,,1,45.966724972140646,0,extinction,0,0
146,wellMixed,1.1,0.0001,,0,,,1,59.73777288050847,0,extinction,0,0
147,wellMixed,1.1,0.0001,,0,,,1,64.54767173622268,0,extinction,0,2
148,wellMixed,1.1,0.0001,,0,,,1,70.22438893151048,0,extinction,0,1
149,wellMixed,1.1,0.0001,,0,,,1,49.287200963821896,0,extinction,0,0
150,wellMixed,1.1,0.0001,,0,,,1,35.22866494499793,0,extinction,0,0
151,wellMixed,1.1,0.0001,,0,,,1,43.14322662000274,0,extinction,0,0
152,wellMixed,1.1,0.0001,,0,,,1,50.65109072914431,0,extinction,0,1
153,wellMixed,1.1,0.0001,,0,,,1,41.4663753166291,0,extinction,0,0
154,wellMixed,1.1,0.0001,,0,,,1,38.408714234345055,0,extinction,0,1
155,wellMixed,1.1,0.0001,,0,,,1,33.97731419134627,0,extinction,0,0
156,wellMixed,1.1,0.0001,,1,9.767018450649228,,0,,490,rescue,0,1
157,wellMixed,1.1,0.0001,,0,,,1,46.86347636038816,0,extinction,0,0
158,wellMixed,1.1,0.0001,,0,,,1,55.55746246377375,0,extinction,0,1
159,wellMixed,1.1,0.0001,,0,,,1,62.796042254298776,0,extinction,0,0
160,wellMixed,1.1,0.0001,,0,,,1,52.18234657217396,0,extinction,0,0
161,wellMixed,1.1,0.0001,,1,3.3295413529521487,,0,,811,rescue,0,1
162,wellMixed,1.1,0.0001,,1,8.196867190558812,,0,,644,rescue,0,1
163,wellMixed,1.1,0.0001,,0,,,1,47.73674968820905,0,extinction,0,0
164,wellMixed,1.1,0.0001,,0,,,1,38.50388297729848,0,extinction,0,1
165,wellMixed,1.1,0.0001,,0,,,1,58.370497648926026,0,extinction,0,2
166,wellMixed,1.1,0.0001,,0,,,1,71.09380416333224,0,extinction,0,0
167,wellMixed,1.1,0.0001,,0,,,1,37.69829558572776,0,extinction,0,0
168,wellMixed,1.1,0.0001,,1,15.330824525605877,,0,,214,rescue,0,2
169,wellMixed,1.1,0.0001,,1,4.579212355002151,,0,,744,rescue,0,1
170,wellMixed,1.1,0.0001,,0,,,1,30.20590677875916,0,extinction,0,0
171,wellMixed,1.1,0.0001,,0,,,1,57.19460761969466,0,extinction,0,2
172,wellMixed,1.1,0.0001,,1,15.917643554665336,,0,,150,rescue,0,1
173,wellMixed,1.1,0.0001,,0,,,1,48.746626657196224,0,extinction,0,1
174,wellMixed,1.1,0.0001,,1,13.729771908305644,,0,,227,rescue,0,3
175,wellMixed,1.1,0.0001,,0,,,1,45.53042605059066,0,extinction,0,0
176,wellMixed,1.1,0.0001,,0,,,1,88.45303334368788,0,extinction,0,0
177,wellMixed,1.1,0.0001,,0,,,1,51.40386293343236,0,extinction,0,1
178,wellMixed,1.1,0.0001,,1,11.83847858027034,,0,,267,rescue,0,1
179,wellMixed,1.1,0.0001,,1,18.78858763266223,,0,,134,rescue,0,2
180,wellMixed,1.1,0.0001,,0,,,1,74.33056371751343,0,extinction,0,1
181,wellMixed,1.1,0.0001,,1,3.678810678484687,,0,,809,rescue,0,1
182,wellMixed,1.1,0.0001,,1,13.460675105612095,,0,,360,rescue,0,1
183,wellMixed,1.1,0.0001,,0,,,1,46.80921834614802,0,extinction,0,0
184,wellMixed,1.1,0.0001,,1,13.48460377508057,,0,,267,rescue,0,1
185,wellMixed,1.1,0.0001,,0,,,1,41.08692662601904,0,extinction,0,0
186,wellMixed,1.1,0.0001,,0,,,1,48.55698025258874,0,extinction,0,2
187,wellMixed,1.1,0.0001,,1,6.282178563157493,,0,,650,rescue,0,1
188,wellMixed,1.1,0.0001,,1,25.015427766134483,,0,,104,rescue,0,2
189,wellMixed,1.1,0.0001,,0,,,1,57.33352174700537,0,extinction,0,0
190,wellMixed,1.1,0.0001,,1,17.626858678560108,,0,,219,rescue,0,1
191,wellMixed,1.1,0.0001,,0,,,1,42.22033380815317,0,extinction,0,1
192,wellMixed,1.1,0.0001,,0,,,1,54.54727709864373,0,extinction,0,0
193,wellMixed,1.1,0.0001,,1,4.207221351566937,,0,,565,rescue,0,2
194,wellMixed,1.1,0.0001,,0,,,1,42.136568193238354,0,extinction,0,0
195,wellMixed,1.1,0.0001,,1,5.7901839188075455,,0,,571,rescue,0,1
196,wellMixed,1.1,0.0001,,1,12.11116828543152,,0,,362,rescue,0,1
197,wellMixed,1.1,0.0001,,0,,,1,76.43523699749306,0,extinction,0,1
198,wellMixed,1.1,0.0001,,0,,,1,63.78517814520077,0,extinction,0,0
199,wellMixed,1.1,0.0001,,1,13.923721968566069,,0,,219,rescue,0,1
0,wellMixed,1.2,0.0001,,0,,,1,30.2033903110462,0,extinction,0,0
1,wellMixed,1.2,0.0001,,1,2.219505229641239,,0,,672,rescue,0,1
2,wellMixed,1.2,0.0001,,0,,,1,39.31455710473885,0,extinction,0,0
3,wellMixed,1.2,0.0001,,1,5.772626219663912,,0,,254,rescue,0,1
4,wellMixed,1.2,0.0001,,0,,,1,24.31403643469977,0,extinction,0,0
5,wellMixed,1.2,0.0001,,0,,,1,19.88351253967448,0,extinction,0,1
6,wellMixed,1.2,0.0001,,0,,,1,24.57107092145485,0,extinction,0,0
7,wellMixed,1.2,0.0001,,0,,,1,20.52231174573645,0,extinction,0,0
8,wellMixed,1.2,0.0001,,0,,,1,24.602440571620136,0,extinction,0,0
9,wellMixed,1.2,0.0001,,0,,,1,23.37256417761183,0,extinction,0,0
10,wellMixed,1.2,0.0001,,1,17.478714203588133,,0,,76,rescue,0,1
11,wellMixed,1.2,0.0001,,0,,,1,35.269318998057074,0,extinction,0,0
12,wellMixed,1.2,0.0001,,0,,,1,25.35303278685834,0,extinction,0,1
13,wellMixed,1.2,0.0001,,0,,,1,34.084391370535165,0,extinction,0,1
14,wellMixed,1.2,0.0001,,1,9.802580016340356,,0,,181,rescue,0,2
15,wellMixed,1.2,0.0001,,0,,,1,22.604343341795836,0,extinction,0,0
16,wellMixed,1.2,0.0001,,0,,,1,25.156952548196507,0,extinction,0,0
17,wellMixed,1.2,0.0001,,0,,,1,32.979732792452964,0,extinction,0,2
18,wellMixed,1.2,0.0001,,0,,,1,33.818519960196475,0,extinction,0,1
19,wellMixed,1.2,0.0001,,0,,,1,34.017927731044026,0,extinction,0,0
20,wellMixed,1.2,0.0001,,1,6.277031728304524,,0,,264,rescue,0,1
21,wellMixed,1.2,0.0001,,0,,,1,20.969810029277077,0,extinction,0,0
22,wellMixed,1.2,0.0001,,0,,,1,23.97834640498257,0,extinction,0,0
23,wellMixed,1.2,0.0001,,1,12.90690997298497,,0,,135,rescue,0,1
24,wellMixed,1.2,0.0001,,0,,,1,21.337790865159217,0,extinction,0,0
25,wellMixed,1.2,0.0001,,0,,,1,30.26602031891793,0,extinction,0,0
26,wellMixed,1.2,0.0001,,0,,,1,31.267624811984696,0,extinction,0,1
27,wellMixed,1.2,0.0001,,0,,,1,34.60645774102245,0,extinction,0,0
28,wellMixed,1.2,0.0001,,0,,,1,22.848306406724227,0,extinction,0,0
29,wellMixed,1.2,0.0001,,0,,,1,23.066931839972963,0,extinction,0,0
30,wellMixed,1.2,0.0001,,0,,,1,33.25032316755427,0,extinction,0,0
31,wellMixed,1.2,0.0001,,0,,,1,29.688011443046925,0,extinction,0,0
32,wellMixed,1.2,0.0001,,0,,,1,24.042487291452247,0,extinction,0,0
33,wellMixed,1.2,0.0001,,0,,,1,38.38454103991938,0,extinction,0,0
34,wellMixed,1.2,0.0001,,0,,,1,23.97809444141181,0,extinction,0,1
35,wellMixed,1.2,0.0001,,0,,,1,35.59952458351669,0,extinction,0,0
36,wellMixed,1.2,0.0001,,0,,,1,32.79848780902662,0,extinction,0,0
37,wellMixed,1.2,0.0001,,0,,,1,30.92115299040004,0,extinction,0,1
38,wellMixed,1.2,0.0001,,0,,,1,31.80755942746201,0,extinction,0,0
39,wellMixed,1.2,0.0001,,0,,,1,31.67276606601141,0,extinction,0,0
40,wellMixed,1.2,0.0001,,0,,,1,25.09779138994412,0,extinction,0,0
41,wellMixed,1.2,0.0001,,0,,,1,28.122637711018477,0,extinction,0,0
42,wellMixed,1.2,0.0001,,0,,,1,31.87710918789542,0,extinction,0,0
43,wellMixed,1.2,0.0001,,0,,,1,20.518915469947583,0,extinction,0,0
44,wellMixed,1.2,0.0001,,0,,,1,35.45523554180275,0,extinction,0,4
45,wellMixed,1.2,0.0001,,0,,,1,43.787344562865606,0,extinction,0,0
46,wellMixed,1.2,0.0001,,1,3.0794898929224592,,0,,601,rescue,0,1
47,wellMixed,1.2,0.0001,,0,,,1,32.13734339367953,0,extinction,0,0
48,wellMixed,1.2,0.0001,,0,,,1,24.534761741151215,0,extinction,0,1
49,wellMixed,1.2,0.0001,,0,,,1,29.393681566908803,0,extinction,0,1
50,wellMixed,1.2,0.0001,,0,,,1,20.832151401572307,0,extinction,0,0
51,wellMixed,1.2,0.0001,,0,,,1,32.74735504176487,0,extinction,0,0
52,wellMixed,1.2,0.0001,,1,7.691114968336421,,0,,179,rescue,0,1
53,wellMixed,1.2,0.0001,,1,8.295004803111581,,0,,249,rescue,0,1
54,wellMixed,1.2,0.0001,,0,,,1,23.354660450350877,0,extinction,0,0
55,wellMixed,1.2,0.0001,,0,,,1,40.9262765207659,0,extinction,0,1
56,wellMixed,1.2,0.0001,,0,,,1,37.52005896271895,0,extinction,0,1
57,wellMixed,1.2,0.0001,,0,,,1,22.36635742075281,0,extinction,0,0
58,wellMixed,1.2,0.0001,,0,,,1,26.43142402401364,0,extinction,0,1
59,wellMixed,1.2,0.0001,,1,14.116034911543732,,0,,59,rescue,0,1
60,wellMixed,1.2,0.0001,,1,10.981468398830016,,0,,100,rescue,0,1
61,wellMixed,1.2,0.0001,,1,11.306270241654031,,0,,101,rescue,0,1
62,wellMixed,1.2,0.0001,,0,,,1,23.3773130857722,0,extinction,0,1
63,wellMixed,1.2,0.0001,,0,,,1,22.00905183036344,0,extinction,0,0
64,wellMixed,1.2,0.0001,,0,,,1,21.594100272431717,0,extinction,0,0
65,wellMixed,1.2,0.0001,,1,3.5704081437199933,,0,,468,rescue,0,1
66,wellMixed,1.2,0.0001,,1,31.81218507643209,,0,,17,rescue,0,1
67,wellMixed,1.2,0.0001,,0,,,1,23.59297727977084,0,extinction,0,0
68,wellMixed,1.2,0.0001,,0,,,1,22.407484784746103,0,extinction,0,0
69,wellMixed,1.2,0.0001,,0,,,1,29.683736513475925,0,extinction,0,1
70,wellMixed,1.2,0.0001,,0,,,1,34.55992018640488,0,extinction,0,0
71,wellMixed,1.2,0.0001,,0,,,1,28.26671741469515,0,extinction,0,0
72,wellMixed,1.2,0.0001,,0,,,1,29.957139413534826,0,extinction,0,0
73,wellMixed,1.2,0.0001,,1,16.026294591085346,,0,,62,rescue,0,2
74,wellMixed,1.2,0.0001,,0,,,1,28.59968995719033,0,extinction,0,0
75,wellMixed,1.2,0.0001,,0,,,1,23.051308741588947,0,extinction,0,1
76,wellMixed,1.2,0.0001,,1,4.52491895025817,,0,,433,rescue,0,1
77,wellMixed,1.2,0.0001,,1,2.90878080163373,,0,,649,rescue,0,1
78,wellMixed,1.2,0.0001,,0,,,1,26.03162816532028,0,extinction,0,0
79,wellMixed,1.2,0.0001,,0,,,1,32.54710945308878,0,extinction,0,1
80,wellMixed,1.2,0.0001,,0,,,1,29.634930137405465,0,extinction,0,0
81,wellMixed,1.2,0.0001,,1,3.7013534534938297,,0,,479,rescue,0,2
82,wellMixed,1.2,0.0001,,0,,,1,27.356764377430856,0,extinction,0,1
83,wellMixed,1.2,0.0001,,0,,,1,23.090402088750515,0,extinction,0,1
84,wellMixed,1.2,0.0001,,0,,,1,29.688918314076304,0,extinction,0,0
85,wellMixed,1.2,0.0001,,0,,,1,27.786241979367688,0,extinction,0,1
86,wellMixed,1.2,0.0001,,0,,,1,31.06837819804487,0,extinction,0,0
87,wellMixed,1.2,0.0001,,0,,,1,39.468894284229854,0,extinction,0,0
88,wellMixed,1.2,0.0001,,0,,,1,24.8550228358235,0,extinction,0,0
89,wellMixed,1.2,0.0001,,0,,,1,25.04799127806669,0,extinction,0,0
90,wellMixed,1.2,0.0001,,0,,,1,27.7135463453403,0,extinction,0,0
91,wellMixed,1.2,0.0001,,1,8.338616498504331,,0,,155,rescue,0,1
92,wellMixed,1.2,0.0001,,0,,,1,23.34890380621911,0,extinction,0,0
93,wellMixed,1.2,0.0001,,1,8.202715899011462,,0,,180,rescue,0,2
94,wellMixed,1.2,0.0001,,1,4.003558993365119,,0,,465,rescue,0,1
95,wellMixed,1.2,0.0001,,1,17.643534620739313,,0,,19,rescue,0,1
96,wellMixed,1.2,0.0001,,1,6.12254556830967,,0,,329,rescue,0,1
97,wellMixed,1.2,0.0001,,0,,,1,37.9781912303529,0,extinction,0,0
98,wellMixed,1.2,0.0001,,0,,,1,35.17999324050245,0,extinction,0,0
99,wellMixed,1.2,0.0001,,1,10.43211785027048,,0,,117,rescue,0,2
100,wellMixed,1.2,0.0001,,1,6.269649348003911,,0,,237,rescue,0,2
101,wellMixed,1.2,0.0001,,0,,,1,20.69638181447268,0,extinction,0,0
102,wellMixed,1.2,0.0001,,0,,,1,23.964577093783227,0,extinction,0,0
103,wellMixed,1.2,0.0001,,0,,,1,21.881260368766146,0,extinction,0,1
104,wellMixed,1.2,0.0001,,0,,,1,24.753421153259307,0,extinction,0,0
105,wellMixed,1.2,0.0001,,0,,,1,25.073140124475223,0,extinction,0,0
106,wellMixed,1.2,0.0001,,0,,,1,31.847331259232533,0,extinction,0,0
107,wellMixed,1.2,0.0001,,0,,,1,24.81539429535583,0,extinction,0,1
108,wellMixed,1.2,0.0001,,0,,,1,23.690362663237536,0,extinction,0,1
109,wellMixed,1.2,0.0001,,0,,,1,29.19369491804945,0,extinction,0,0
110,wellMixed,1.2,0.0001,,0,,,1,34.84815580299791,0,extinction,0,1
111,wellMixed,1.2,0.0001,,0,,,1,23.41156137819226,0,extinction,0,0
112,wellMixed,1.2,0.0001,,0,,,1,27.725448745018788,0,extinction,0,0
113,wellMixed,1.2,0.0001,,0,,,1,28.342911021269156,0,extinction,0,0
114,wellMixed,1.2,0.0001,,0,,,1,44.97842564149757,0,extinction,0,0
115,wellMixed,1.2,0.0001,,0,,,1,31.87558617218062,0,extinction,0,0
116,wellMixed,1.2,0.0001,,0,,,1,24.957914575855515,0,extinction,0,0
117,wellMixed,1.2,0.0001,,0,,,1,32.6166213003281,0,extinction,0,0
118,wellMixed,1.2,0.0001,,0,,,1,22.20662739325208,0,extinction,0,0
119,wellMixed,1.2,0.0001,,0,,,1,34.106132735488835,0,extinction,0,1
120,wellMixed,1.2,0.0001,,0,,,1,29.49300718472133,0,extinction,0,1
121,wellMixed,1.2,0.0001,,0,,,1,25.377472365723047,0,extinction,0,0
122,wellMixed,1.2,0.0001,,0,,,1,26.964154152856672,0,extinction,0,0
123,wellMixed,1.2,0.0001,,0,,,1,27.4120048894676,0,extinction,0,0
124,wellMixed,1.2,0.0001,,0,,,1,20.01305878964122,0,extinction,0,0
125,wellMixed,1.2,0.0001,,0,,,1,19.70856297076768,0,extinction,0,2
126,wellMixed,1.2,0.0001,,0,,,1,25.913876601823404,0,extinction,0,2
127,wellMixed,1.2,0.0001,,0,,,1,28.86071738685509,0,extinction,0,0
128,wellMixed,1.2,0.0001,,0,,,1,20.74145846625273,0,extinction,0,2
129,wellMixed,1.2,0.0001,,0,,,1,27.565155092710373,0,extinction,0,1
130,wellMixed,1.2,0.0001,,0,,,1,31.70799410961842,0,extinction,0,0
131,wellMixed,1.2,0.0001,,0,,,1,20.90938018696368,0,extinction,0,1
132,wellMixed,1.2,0.0001,,0,,,1,25.29639482315233,0,extinction,0,0
133,wellMixed,1.2,0.0001,,0,,,1,30.9082774689834,0,extinction,0,0
134,wellMixed,1.2,0.0001,,0,,,1,32.49348243947327,0,extinction,0,2
135,wellMixed,1.2,0.0001,,1,10.539445359614527,,0,,112,rescue,0,1
136,wellMixed,1.2,0.0001,,0,,,1,24.11394325335014,0,extinction,0,1
137,wellMixed,1.2,0.0001,,0,,,1,21.43973508962237,0,extinction,0,0
138,wellMixed,1.2,0.0001,,0,,,1,30.654773545279216,0,extinction,0,0
139,wellMixed,1.2,0.0001,,0,,,1,24.962579977083944,0,extinction,0,0
140,wellMixed,1.2,0.0001,,0,,,1,26.77378289377182,0,extinction,0,0
141,wellMixed,1.2,0.0001,,0,,,1,21.778687767920427,0,extinction,0,2
142,wellMixed,1.2,0.0001,,0,,,1,24.7540567743088,0,extinction,0,0
143,wellMixed,1.2,0.0001,,0,,,1,40.142594588019726,0,extinction,0,1
144,wellMixed,1.2,0.0001,,0,,,1,42.8052351208947,0,extinction,0,0
145,wellMixed,1.2,0.0001,,0,,,1,20.383971852090397,0,extinction,0,0
146,wellMixed,1.2,0.0001,,0,,,1,28.12337119451928,0,extinction,0,0
147,wellMixed,1.2,0.0001,,0,,,1,28.88425438788148,0,extinction,0,1
148,wellMixed,1.2,0.0001,,0,,,1,32.99172829004977,0,extinction,0,1
149,wellMixed,1.2,0.0001,,0,,,1,33.96512322550611,0,extinction,0,0
150,wellMixed,1.2,0.0001,,0,,,1,27.05348096007377,0,extinction,0,0
151,wellMixed,1.2,0.0001,,0,,,1,24.983514064892663,0,extinction,0,0
152,wellMixed,1.2,0.0001,,0,,,1,26.110351423013825,0,extinction,0,1
153,wellMixed,1.2,0.0001,,0,,,1,19.08308778036824,0,extinction,0,0
154,wellMixed,1.2,0.0001,,0,,,1,34.50347834775113,0,extinction,0,0
155,wellMixed,1.2,0.0001,,0,,,1,21.9497974496094,0,extinction,0,0
156,wellMixed,1.2,0.0001,,1,12.702943366458706,,0,,65,rescue,0,2
157,wellMixed,1.2,0.0001,,0,,,1,31.451708922383045,0,extinction,0,0
158,wellMixed,1.2,0.0001,,1,7.172321388435827,,0,,184,rescue,0,2
159,wellMixed,1.2,0.0001,,0,,,1,29.582619476537403,0,extinction,0,0
160,wellMixed,1.2,0.0001,,0,,,1,28.523187623950363,0,extinction,0,0
161,wellMixed,1.2,0.0001,,0,,,1,36.60743971987686,0,extinction,0,1
162,wellMixed,1.2,0.0001,,0,,,1,35.0991855931007,0,extinction,0,1
163,wellMixed,1.2,0.0001,,0,,,1,31.023270263807845,0,extinction,0,0
164,wellMixed,1.2,0.0001,,0,,,1,25.77791922705612,0,extinction,0,0
165,wellMixed,1.2,0.0001,,0,,,1,31.49685351280192,0,extinction,0,2
166,wellMixed,1.2,0.0001,,0,,,1,25.539490564143893,0,extinction,0,0
167,wellMixed,1.2,0.0001,,0,,,1,31.93111468056868,0,extinction,0,0
168,wellMixed,1.2,0.0001,,0,,,1,21.744448220629184,0,extinction,0,0
169,wellMixed,1.2,0.0001,,0,,,1,32.419406821402134,0,extinction,0,4
170,wellMixed,1.2,0.0001,,1,14.110600175701814,,0,,48,rescue,0,1
171,wellMixed,1.2,0.0001,,1,8.544960561798566,,0,,196,rescue,0,2
172,wellMixed,1.2,0.0001,,0,,,1,40.97833116105556,0,extinction,0,0
173,wellMixed,1.2,0.0001,,0,,,1,32.4147180310348,0,extinction,0,0
174,wellMixed,1.2,0.0001,,0,,,1,26.07188397729281,0,extinction,0,1
175,wellMixed,1.2,0.0001,,0,,,1,34.16246511038349,0,extinction,0,0
176,wellMixed,1.2,0.0001,,0,,,1,26.53902286488068,0,extinction,0,0
177,wellMixed,1.2,0.0001,,0,,,1,25.64504022841808,0,extinction,0,0
178,wellMixed,1.2,0.0001,,0,,,1,27.14314057864081,0,extinction,0,0
179,wellMixed,1.2,0.0001,,0,,,1,35.32786239633437,0,extinction,0,0
180,wellMixed,1.2,0.0001,,0,,,1,30.133009650927765,0,extinction,0,0
181,wellMixed,1.2,0.0001,,0,,,1,42.42917705801441,0,extinction,0,1
182,wellMixed,1.2,0.0001,,0,,,1,28.431067029031897,0,extinction,0,0
183,wellMixed,1.2,0.0001,,0,,,1,31.838280796499035,0,extinction,0,0
184,wellMixed,1.2,0.0001,,1,4.7758997694443694,,0,,360,rescue,0,1
185,wellMixed,1.2,0.0001,,0,,,1,33.961139604777166,0,extinction,0,0
186,wellMixed,1.2,0.0001,,0,,,1,25.97551605971783,0,extinction,0,0
187,wellMixed,1.2,0.0001,,1,11.157462290007688,,0,,119,rescue,0,1
188,wellMixed,1.2,0.0001,,0,,,1,21.82588471267596,0,extinction,0,0
189,wellMixed,1.2,0.0001,,0,,,1,38.25148841579313,0,extinction,0,0
190,wellMixed,1.2,0.0001,,0,,,1,32.29735710169831,0,extinction,0,0
191,wellMixed,1.2,0.0001,,0,,,1,50.8221064818608,0,extinction,0,1
192,wellMixed,1.2,0.0001,,0,,,1,30.986265995211223,0,extinction,0,0
193,wellMixed,1.2,0.0001,,0,,,1,45.16133065065796,0,extinction,0,2
194,wellMixed,1.2,0.0001,,0,,,1,25.45530001275001,0,extinction,0,0
195,wellMixed,1.2,0.0001,,0,,,1,24.72367024494474,0,extinction,0,1
196,wellMixed,1.2,0.0001,,0,,,1,42.43035865447786,0,extinction,0,1
197,wellMixed,1.2,0.0001,,0,,,1,32.13155839421656,0,extinction,0,0
198,wellMixed,1.2,0.0001,,0,,,1,30.96288213475996,0,extinction,0,0
199,wellMixed,1.2,0.0001,,0,,,1,24.203234491490925,0,extinction,0,0
0,wellMixed,1.4,0.0001,,0,,,1,12.393996071236831,0,extinction,0,0
1,wellMixed,1.4,0.0001,,1,7.995733346243654,,0,,76,rescue,0,1
2,wellMixed,1.4,0.0001,,0,,,1,12.141865919693702,0,extinction,0,0
3,wellMixed,1.4,0.0001,,1,7.349020497144793,,0,,28,rescue,0,1
4,wellMixed,1.4,0.0001,,0,,,1,20.368166533255785,0,extinction,0,0
5,wellMixed,1.4,0.0001,,1,2.1403387062824644,,0,,426,rescue,0,1
6,wellMixed,1.4,0.0001,,0,,,1,21.284126569295942,0,extinction,0,0
7,wellMixed,1.4,0.0001,,0,,,1,17.34240603605119,0,extinction,0,0
8,wellMixed,1.4,0.0001,,0,,,1,18.06776841290717,0,extinction,0,0
9,wellMixed,1.4,0.0001,,0,,,1,14.515869618595096,0,extinction,0,0
10,wellMixed,1.4,0.0001,,0,,,1,14.554144836664882,0,extinction,0,0
11,wellMixed,1.4,0.0001,,0,,,1,16.839923839613654,0,extinction,0,0
12,wellMixed,1.4,0.0001,,0,,,1,14.869666965690008,0,extinction,0,1
13,wellMixed,1.4,0.0001,,0,,,1,14.613622280476,0,extinction,0,0
14,wellMixed,1.4,0.0001,,1,5.690298620340186,,0,,137,rescue,0,1
15,wellMixed,1.4,0.0001,,0,,,1,11.774140092820618,0,extinction,0,0
16,wellMixed,1.4,0.0001,,0,,,1,14.472172536584722,0,extinction,0,0
17,wellMixed,1.4,0.0001,,0,,,1,15.849022765103363,0,extinction,0,0
18,wellMixed,1.4,0.0001,,0,,,1,18.031361260338755,0,extinction,0,0
19,wellMixed,1.4,0.0001,,0,,,1,12.00321088183848,0,extinction,0,0
20,wellMixed,1.4,0.0001,,1,10.299912132701978,,0,,30,rescue,0,1
21,wellMixed,1.4,0.0001,,0,,,1,11.692515629980416,0,extinction,0,0
22,wellMixed,1.4,0.0001,,0,,,1,20.843526139346043,0,extinction,0,0
23,wellMixed,1.4,0.0001,,1,11.065648838559856,,0,,25,rescue,0,2
24,wellMixed,1.4,0.0001,,0,,,1,13.901298665774194,0,extinction,0,0
25,wellMixed,1.4,0.0001,,0,,,1,14.724801021662758,0,extinction,0,0
26,wellMixed,1.4,0.0001,,0,,,1,19.82239967168968,0,extinction,0,0
27,wellMixed,1.4,0.0001,,0,,,1,15.08183358880392,0,extinction,0,0
28,wellMixed,1.4,0.0001,,0,,,1,13.696790023229322,0,extinction,0,0
29,wellMixed,1.4,0.0001,,1,5.884706243358645,,0,,120,rescue,0,1
30,wellMixed,1.4,0.0001,,0,,,1,16.37151188888646,0,extinction,0,0
31,wellMixed,1.4,0.0001,,0,,,1,27.40809760247212,0,extinction,0,0
32,wellMixed,1.4,0.0001,,0,,,1,15.720969191166873,0,extinction,0,0
33,wellMixed,1.4,0.0001,,0,,,1,15.364195885313984,0,extinction,0,0
34,wellMixed,1.4,0.0001,,0,,,1,18.27741866269745,0,extinction,0,1
35,wellMixed,1.4,0.0001,,0,,,1,11.766421026295871,0,extinction,0,0
36,wellMixed,1.4,0.0001,,0,,,1,15.762690292244336,0,extinction,0,0
37,wellMixed,1.4,0.0001,,0,,,1,10.780302625651208,0,extinction,0,0
38,wellMixed,1.4,0.0001,,0,,,1,14.819480490658924,0,extinction,0,0
39,wellMixed,1.4,0.0001,,0,,,1,14.91690203036083,0,extinction,0,0
40,wellMixed,1.4,0.0001,,0,,,1,13.390275566721934,0,extinction,0,0
41,wellMixed,1.4,0.0001,,0,,,1,14.310496811780116,0,extinction,0,0
42,wellMixed,1.4,0.0001,,0,,,1,13.953485574779036,0,extinction,0,0
43,wellMixed,1.4,0.0001,,0,,,1,11.176449571581628,0,extinction,0,0
44,wellMixed,1.4,0.0001,,0,,,1,14.959766066484612,0,extinction,0,2
45,wellMixed,1.4,0.0001,,0,,,1,18.19953594052187,0,extinction,0,0
46,wellMixed,1.4,0.0001,,0,,,1,17.03188968453132,0,extinction,0,1
47,wellMixed,1.4,0.0001,,0,,,1,12.061082382814687,0,extinction,0,0
48,wellMixed,1.4,0.0001,,0,,,1,12.747875261781989,0,extinction,0,0
49,wellMixed,1.4,0.0001,,0,,,1,13.329806883271122,0,extinction,0,0
50,wellMixed,1.4,0.0001,,0,,,1,12.277196663937769,0,extinction,0,0
51,wellMixed,1.4,0.0001,,0,,,1,16.580363341489107,0,extinction,0,0
52,wellMixed,1.4,0.0001,,0,,,1,12.65993345603006,0,extinction,0,0
53,wellMixed,1.4,0.0001,,0,,,1,12.394579921033037,0,extinction,0,0
54,wellMixed,1.4,0.0001,,0,,,1,12.86193208837826,0,extinction,0,0
55,wellMixed,1.4,0.0001,,1,6.89404148613503,,0,,66,rescue,0,1
56,wellMixed,1.4,0.0001,,0,,,1,12.369443867718092,0,extinction,0,0
57,wellMixed,1.4,0.0001,,0,,,1,12.878822661169965,0,extinction,0,0
58,wellMixed,1.4,0.0001,,0,,,1,16.14956897105736,0,extinction,0,0
59,wellMixed,1.4,0.0001,,0,,,1,13.303549725393577,0,extinction,0,0
60,wellMixed,1.4,0.0001,,0,,,1,15.864974185844808,0,extinction,0,0
61,wellMixed,1.4,0.0001,,0,,,1,16.13816915764289,0,extinction,0,0
62,wellMixed,1.4,0.0001,,0,,,1,13.729648836773425,0,extinction,0,0
63,wellMixed,1.4,0.0001,,0,,,1,15.252948425811985,0,extinction,0,0
64,wellMixed,1.4,0.0001,,0,,,1,17.661380258058205,0,extinction,0,0
65,wellMixed,1.4,0.0001,,1,6.475842025342865,,0,,94,rescue,0,1
66,wellMixed,1.4,0.0001,,0,,,1,18.260933170467663,0,extinction,0,0
67,wellMixed,1.4,0.0001,,0,,,1,16.678702706832734,0,extinction,0,0
68,wellMixed,1.4,0.0001,,0,,,1,12.272863448218908,0,extinction,0,0
69,wellMixed,1.4,0.0001,,0,,,1,13.188014776218887,0,extinction,0,0
70,wellMixed,1.4,0.0001,,0,,,1,11.701708497199853,0,extinction,0,0
71,wellMixed,1.4,0.0001,,0,,,1,10.74309431668982,0,extinction,0,0
72,wellMixed,1.4,0.0001,,0,,,1,13.488387256793931,0,extinction,0,0
73,wellMixed,1.4,0.0001,,1,6.579756269571672,,0,,112,rescue,0,1
74,wellMixed,1.4,0.0001,,0,,,1,13.189625157019549,0,extinction,0,0
75,wellMixed,1.4,0.0001,,0,,,1,10.831272030336418,0,extinction,0,0
76,wellMixed,1.4,0.0001,,1,8.598404301297416,,0,,52,rescue,0,1
77,wellMixed,1.4,0.0001,,0,,,1,14.600954756216964,0,extinction,0,1
78,wellMixed,1.4,0.0001,,0,,,1,11.009756653260242,0,extinction,0,0
79,wellMixed,1.4,0.0001,,0,,,1,19.28949210801317,0,extinction,0,1
80,wellMixed,1.4,0.0001,,0,,,1,21.64359145078437,0,extinction,0,0
81,wellMixed,1.4,0.0001,,0,,,1,18.99912070335501,0,extinction,0,1
82,wellMixed,1.4,0.0001,,0,,,1,12.957410585975715,0,extinction,0,0
83,wellMixed,1.4,0.0001,,0,,,1,14.44784776158992,0,extinction,0,0
84,wellMixed,1.4,0.0001,,0,,,1,12.463351510962706,0,extinction,0,0
85,wellMixed,1.4,0.0001,,0,,,1,13.839925203590516,0,extinction,0,0
86,wellMixed,1.4,0.0001,,0,,,1,16.143917942490834,0,extinction,0,0
87,wellMixed,1.4,0.0001,,0,,,1,11.673819957564966,0,extinction,0,0
88,wellMixed,1.4,0.0001,,0,,,1,18.383618831996824,0,extinction,0,0
89,wellMixed,1.4,0.0001,,0,,,1,16.811310345881193,0,extinction,0,0
90,wellMixed,1.4,0.0001,,0,,,1,18.70102013090022,0,extinction,0,0
91,wellMixed,1.4,0.0001,,0,,,1,12.105538142408363,0,extinction,0,0
92,wellMixed,1.4,0.0001,,0,,,1,14.397833010467972,0,extinction,0,0
93,wellMixed,1.4,0.0001,,0,,,1,11.412649216081922,0,extinction,0,0
94,wellMixed,1.4,0.0001,,1,7.182503865016842,,0,,56,rescue,0,1
95,wellMixed,1.4,0.0001,,0,,,1,14.662383833077492,0,extinction,0,0
96,wellMixed,1.4,0.0001,,1,5.395256935858416,,0,,140,rescue,0,1
97,wellMixed,1.4,0.0001,,0,,,1,13.862034724607105,0,extinction,0,0
98,wellMixed,1.4,0.0001,,0,,,1,18.107123386236506,0,extinction,0,0
99,wellMixed,1.4,0.0001,,0,,,1,13.227479343312408,0,extinction,0,0
100,wellMixed,1.4,0.0001,,0,,,1,16.917710371489374,0,extinction,0,0
101,wellMixed,1.4,0.0001,,0,,,1,14.81101780476834,0,extinction,0,0
102,wellMixed,1.4,0.0001,,0,,,1,14.16171394962008,0,extinction,0,0
103,wellMixed,1.4,0.0001,,0,,,1,12.22880364559604,0,extinction,0,1
104,wellMixed,1.4,0.0001,,0,,,1,12.025409780898809,0,extinction,0,0
105,wellMixed,1.4,0.0001,,0,,,1,18.92484233789263,0,extinction,0,0
106,wellMixed,1.4,0.0001,,0,,,1,16.44082113906417,0,extinction,0,0
107,wellMixed,1.4,0.0001,,0,,,1,14.358411428778853,0,extinction,0,0
108,wellMixed,1.4,0.0001,,0,,,1,12.068996961382956,0,extinction,0,0
109,wellMixed,1.4,0.0001,,0,,,1,14.881041276972404,0,extinction,0,0
110,wellMixed,1.4,0.0001,,0,,,1,13.446567328446443,0,extinction,0,0
111,wellMixed,1.4,0.0001,,0,,,1,12.464581439245809,0,extinction,0,0
112,wellMixed,1.4,0.0001,,0,,,1,13.882871658924865,0,extinction,0,1
113,wellMixed,1.4,0.0001,,0,,,1,14.416253625601192,0,extinction,0,0
114,wellMixed,1.4,0.0001,,0,,,1,18.22229863262168,0,extinction,0,0
115,wellMixed,1.4,0.0001,,0,,,1,18.36733725431093,0,extinction,0,0
116,wellMixed,1.4,0.0001,,0,,,1,12.123228740160014,0,extinction,0,0
117,wellMixed,1.4,0.0001,,0,,,1,13.590891905222032,0,extinction,0,0
118,wellMixed,1.4,0.0001,,0,,,1,15.894306614021286,0,extinction,0,0
119,wellMixed,1.4,0.0001,,0,,,1,23.745604630956954,0,extinction,0,0
120,wellMixed,1.4,0.0001,,0,,,1,11.879131151537244,0,extinction,0,0
121,wellMixed,1.4,0.0001,,0,,,1,11.788310371520012,0,extinction,0,0
122,wellMixed,1.4,0.0001,,0,,,1,14.10128131544258,0,extinction,0,0
123,wellMixed,1.4,0.0001,,0,,,1,15.145974974132384,0,extinction,0,0
124,wellMixed,1.4,0.0001,,0,,,1,14.090206300066528,0,extinction,0,0
125,wellMixed,1.4,0.0001,,1,10.559064402470852,,0,,20,rescue,0,1
126,wellMixed,1.4,0.0001,,0,,,1,18.32890834622497,0,extinction,0,0
127,wellMixed,1.4,0.0001,,0,,,1,12.663525701709052,0,extinction,0,0
128,wellMixed,1.4,0.0001,,0,,,1,11.902290491775751,0,extinction,0,0
129,wellMixed,1.4,0.0001,,0,,,1,14.920674484890675,0,extinction,0,0
130,wellMixed,1.4,0.0001,,0,,,1,11.861185021126438,0,extinction,0,0
131,wellMixed,1.4,0.0001,,0,,,1,15.803018541568123,0,extinction,0,1
132,wellMixed,1.4,0.0001,,0,,,1,19.083510156459543,0,extinction,0,0
133,wellMixed,1.4,0.0001,,0,,,1,13.07959188290219,0,extinction,0,0
134,wellMixed,1.4,0.0001,,1,4.740001877708269,,0,,113,rescue,0,1
135,wellMixed,1.4,0.0001,,0,,,1,15.301654561708403,0,extinction,0,0
136,wellMixed,1.4,0.0001,,1,6.798146284260179,,0,,59,rescue,0,2
137,wellMixed,1.4,0.0001,,0,,,1,13.13332128276481,0,extinction,0,0
138,wellMixed,1.4,0.0001,,0,,,1,11.82998810631479,0,extinction,0,0
139,wellMixed,1.4,0.0001,,0,,,1,12.56625522567406,0,extinction,0,0
140,wellMixed,1.4,0.0001,,0,,,1,19.631058624359618,0,extinction,0,0
141,wellMixed,1.4,0.0001,,0,,,1,9.913107085424611,0,extinction,0,1
142,wellMixed,1.4,0.0001,,0,,,1,15.70067173286385,0,extinction,0,0
143,wellMixed,1.4,0.0001,,0,,,1,14.937446342779008,0,extinction,0,0
144,wellMixed,1.4,0.0001,,0,,,1,13.133891251159705,0,extinction,0,0
145,wellMixed,1.4,0.0001,,0,,,1,13.530675280269309,0,extinction,0,0
146,wellMixed,1.4,0.0001,,0,,,1,11.817465883602877,0,extinction,0,0
147,wellMixed,1.4,0.0001,,0,,,1,15.242163226606744,0,extinction,0,0
148,wellMixed,1.4,0.0001,,0,,,1,12.946160386907504,0,extinction,0,1
149,wellMixed,1.4,0.0001,,0,,,1,16.61352377758312,0,extinction,0,0
150,wellMixed,1.4,0.0001,,0,,,1,15.449472902297034,0,extinction,0,0
151,wellMixed,1.4,0.0001,,0,,,1,12.432851229367357,0,extinction,0,0
152,wellMixed,1.4,0.0001,,1,7.040038853365602,,0,,54,rescue,0,2
153,wellMixed,1.4,0.0001,,0,,,1,13.968958531103675,0,extinction,0,0
154,wellMixed,1.4,0.0001,,0,,,1,14.15157684096519,0,extinction,0,0
155,wellMixed,1.4,0.0001,,0,,,1,14.183200448501545,0,extinction,0,0
156,wellMixed,1.4,0.0001,,0,,,1,16.377136469732225,0,extinction,0,1
157,wellMixed,1.4,0.0001,,0,,,1,16.990360924502035,0,extinction,0,0
158,wellMixed,1.4,0.0001,,0,,,1,21.144704918652604,0,extinction,0,2
159,wellMixed,1.4,0.0001,,0,,,1,14.14352284733902,0,extinction,0,0
160,wellMixed,1.4,0.0001,,0,,,1,12.647146890181046,0,extinction,0,0
161,wellMixed,1.4,0.0001,,1,3.752851508999608,,0,,282,rescue,0,1
162,wellMixed,1.4,0.0001,,0,,,1,19.21870081034729,0,extinction,0,0
163,wellMixed,1.4,0.0001,,0,,,1,14.07067437960265,0,extinction,0,0
164,wellMixed,1.4,0.0001,,0,,,1,11.406123181129598,0,extinction,0,0
165,wellMixed,1.4,0.0001,,0,,,1,14.753242403260408,0,extinction,0,1
166,wellMixed,1.4,0.0001,,0,,,1,28.479084952133142,0,extinction,0,0
167,wellMixed,1.4,0.0001,,0,,,1,12.432684850094155,0,extinction,0,0
168,wellMixed,1.4,0.0001,,0,,,1,16.01218436948493,0,extinction,0,0
169,wellMixed,1.4,0.0001,,1,5.305108154497786,,0,,150,rescue,0,1
170,wellMixed,1.4,0.0001,,1,8.488813209864302,,0,,34,rescue,0,2
171,wellMixed,1.4,0.0001,,0,,,1,15.501939725623965,0,extinction,0,0
172,wellMixed,1.4,0.0001,,0,,,1,14.21565964783189,0,extinction,0,0
173,wellMixed,1.4,0.0001,,0,,,1,11.471851472320605,0,extinction,0,0
174,wellMixed,1.4,0.0001,,0,,,1,15.640944627001405,0,extinction,0,0
175,wellMixed,1.4,0.0001,,0,,,1,14.273086996649797,0,extinction,0,0
176,wellMixed,1.4,0.0001,,0,,,1,13.605085451747703,0,extinction,0,0
177,wellMixed,1.4,0.0001,,0,,,1,19.155087033753745,0,extinction,0,0
178,wellMixed,1.4,0.0001,,0,,,1,11.574694131452349,0,extinction,0,0
179,wellMixed,1.4,0.0001,,0,,,1,21.24090898359721,0,extinction,0,0
180,wellMixed,1.4,0.0001,,0,,,1,13.062645054368229,0,extinction,0,1
181,wellMixed,1.4,0.0001,,1,3.713575575055114,,0,,220,rescue,0,1
182,wellMixed,1.4,0.0001,,0,,,1,16.291529896052158,0,extinction,0,0
183,wellMixed,1.4,0.0001,,0,,,1,10.402647532400312,0,extinction,0,0
184,wellMixed,1.4,0.0001,,0,,,1,15.752973371083602,0,extinction,0,1
185,wellMixed,1.4,0.0001,,0,,,1,12.52170057486594,0,extinction,0,0
186,wellMixed,1.4,0.0001,,0,,,1,16.51667905001028,0,extinction,0,0
187,wellMixed,1.4,0.0001,,1,12.12714640095045,,0,,34,rescue,0,1
188,wellMixed,1.4,0.0001,,0,,,1,21.52278519319178,0,extinction,0,0
189,wellMixed,1.4,0.0001,,0,,,1,11.543701519311742,0,extinction,0,0
190,wellMixed,1.4,0.0001,,0,,,1,18.122469523733137,0,extinction,0,0
191,wellMixed,1.4,0.0001,,1,3.339129783939092,,0,,351,rescue,0,1
192,wellMixed,1.4,0.0001,,0,,,1,13.826984310058108,0,extinction,0,0
193,wellMixed,1.4,0.0001,,1,14.117668387929804,,0,,10,rescue,0,2
194,wellMixed,1.4,0.0001,,0,,,1,15.93614518092808,0,extinction,0,0
195,wellMixed,1.4,0.0001,,0,,,1,13.762277172377186,0,extinction,0,0
196,wellMixed,1.4,0.0001,,0,,,1,11.31302484547603,0,extinction,0,0
197,wellMixed,1.4,0.0001,,0,,,1,12.39766216722512,0,extinction,0,0
198,wellMixed,1.4,0.0001,,0,,,1,16.148941011339055,0,extinction,0,0
199,wellMixed,1.4,0.0001,,0,,,1,12.992811988827734,0,extinction,0,0
0,wellMixed,1.6,0.0001,,0,,,1,13.625270292953427,0,extinction,0,0
1,wellMixed,1.6,0.0001,,1,1.9077878545932456,,0,,357,rescue,0,1
2,wellMixed,1.6,0.0001,,0,,,1,11.17246282908778,0,extinction,0,0
3,wellMixed,1.6,0.0001,,1,6.087974976988054,,0,,50,rescue,0,1
4,wellMixed,1.6,0.0001,,0,,,1,12.096325401003671,0,extinction,0,0
5,wellMixed,1.6,0.0001,,0,,,1,9.085584501064943,0,extinction,0,1
6,wellMixed,1.6,0.0001,,0,,,1,12.912831572664636,0,extinction,0,0
7,wellMixed,1.6,0.0001,,0,,,1,10.608809617634853,0,extinction,0,0
8,wellMixed,1.6,0.0001,,0,,,1,8.7778841456872,0,extinction,0,0
9,wellMixed,1.6,0.0001,,0,,,1,9.870316602885822,0,extinction,0,0
10,wellMixed,1.6,0.0001,,0,,,1,9.703329568437056,0,extinction,0,0
11,wellMixed,1.6,0.0001,,0,,,1,10.796145170517583,0,extinction,0,0
12,wellMixed,1.6,0.0001,,0,,,1,7.928361255647681,0,extinction,0,1
13,wellMixed,1.6,0.0001,,0,,,1,10.261336680528172,0,extinction,0,0
14,wellMixed,1.6,0.0001,,0,,,1,12.560637985355312,0,extinction,0,0
15,wellMixed,1.6,0.0001,,0,,,1,9.33356155190282,0,extinction,0,0
16,wellMixed,1.6,0.0001,,0,,,1,8.943692888388274,0,extinction,0,0
17,wellMixed,1.6,0.0001,,0,,,1,12.77760212538026,0,extinction,0,0
18,wellMixed,1.6,0.0001,,0,,,1,10.299974416051766,0,extinction,0,0
19,wellMixed,1.6,0.0001,,0,,,1,10.67771309357213,0,extinction,0,0
20,wellMixed,1.6,0.0001,,0,,,1,10.689415315879408,0,extinction,0,0
21,wellMixed,1.6,0.0001,,0,,,1,10.318651046087428,0,extinction,0,0
22,wellMixed,1.6,0.0001,,0,,,1,10.22374446381522,0,extinction,0,0
23,wellMixed,1.6,0.0001,,0,,,1,12.734031617597417,0,extinction,0,1
24,wellMixed,1.6,0.0001,,0,,,1,8.617522692196001,0,extinction,0,0
25,wellMixed,1.6,0.0001,,0,,,1,12.233074873205062,0,extinction,0,0
26,wellMixed,1.6,0.0001,,0,,,1,10.040896825632563,0,extinction,0,1
27,wellMixed,1.6,0.0001,,0,,,1,12.925199992229114,0,extinction,0,0
28,wellMixed,1.6,0.0001,,0,,,1,10.84688078320196,0,extinction,0,0
29,wellMixed,1.6,0.0001,,0,,,1,11.45913944465146,0,extinction,0,0
30,wellMixed,1.6,0.0001,,0,,,1,9.120478554579226,0,extinction,0,0
31,wellMixed,1.6,0.0001,,0,,,1,8.070029883021938,0,extinction,0,0
32,wellMixed,1.6,0.0001,,0,,,1,12.808209854993292,0,extinction,0,0
33,wellMixed,1.6,0.0001,,0,,,1,9.750148478982124,0,extinction,0,0
34,wellMixed,1.6,0.0001,,0,,,1,8.570297763436239,0,extinction,0,0
35,wellMixed,1.6,0.0001,,0,,,1,10.923457179863936,0,extinction,0,0
36,wellMixed,1.6,0.0001,,0,,,1,10.590510066122144,0,extinction,0,0
37,wellMixed,1.6,0.0001,,0,,,1,9.693950671212091,0,extinction,0,0
38,wellMixed,1.6,0.0001,,0,,,1,10.998798841602438,0,extinction,0,0
39,wellMixed,1.6,0.0001,,0,,,1,7.599415713893844,0,extinction,0,0
40,wellMixed,1.6,0.0001,,0,,,1,9.742586893373572,0,extinction,0,0
41,wellMixed,1.6,0.0001,,0,,,1,10.553067385513346,0,extinction,0,0
42,wellMixed,1.6,0.0001,,0,,,1,9.815957239273754,0,extinction,0,0
43,wellMixed,1.6,0.0001,,0,,,1,13.406623907235389,0,extinction,0,0
44,wellMixed,1.6,0.0001,,1,11.642575781247649,,0,,10,rescue,0,1
45,wellMixed,1.6,0.0001,,0,,,1,9.20718431924576,0,extinction,0,0
46,wellMixed,1.6,0.0001,,0,,,1,10.903293478323029,0,extinction,0,1
47,wellMixed,1.6,0.0001,,1,4.954320510324674,,0,,59,rescue,0,1
48,wellMixed,1.6,0.0001,,0,,,1,18.51081687029886,0,extinction,0,0
49,wellMixed,1.6,0.0001,,0,,,1,14.706039632420232,0,extinction,0,0
50,wellMixed,1.6,0.0001,,0,,,1,12.219931609225966,0,extinction,0,0
51,wellMixed,1.6,0.0001,,0,,,1,8.577405334281748,0,extinction,0,0
52,wellMixed,1.6,0.0001,,0,,,1,8.809542481333581,0,extinction,0,0
53,wellMixed,1.6,0.0001,,0,,,1,10.710841876806542,0,extinction,0,0
54,wellMixed,1.6,0.0001,,0,,,1,9.428673194717092,0,extinction,0,0
55,wellMixed,1.6,0.0001,,0,,,1,13.95985965306648,0,extinction,0,0
56,wellMixed,1.6,0.0001,,0,,,1,13.893845795816548,0,extinction,0,0
57,wellMixed,1.6,0.0001,,1,3.402593332428677,,0,,127,rescue,0,1
58,wellMixed,1.6,0.0001,,0,,,1,10.618233043497325,0,extinction,0,0
59,wellMixed,1.6,0.0001,,0,,,1,10.885886060065555,0,extinction,0,0
60,wellMixed,1.6,0.0001,,0,,,1,8.407649626400815,0,extinction,0,0
61,wellMixed,1.6,0.0001,,0,,,1,15.959345954323634,0,extinction,0,0
62,wellMixed,1.6,0.0001,,0,,,1,8.262009342409401,0,extinction,0,0
63,wellMixed,1.6,0.0001,,0,,,1,14.77826488879321,0,extinction,0,0
64,wellMixed,1.6,0.0001,,0,,,1,7.645836544105832,0,extinction,0,0
65,wellMixed,1.6,0.0001,,1,2.249704803634629,,0,,251,rescue,0,1
66,wellMixed,1.6,0.0001,,0,,,1,11.521500266181109,0,extinction,0,1
67,wellMixed,1.6,0.0001,,0,,,1,13.942211623774105,0,extinction,0,0
68,wellMixed,1.6,0.0001,,0,,,1,17.7668586843675,0,extinction,0,0
69,wellMixed,1.6,0.0001,,0,,,1,8.465882295460737,0,extinction,0,0
70,wellMixed,1.6,0.0001,,0,,,1,11.645094947216805,0,extinction,0,0
71,wellMixed,1.6,0.0001,,0,,,1,10.196068793093389,0,extinction,0,0
72,wellMixed,1.6,0.0001,,0,,,1,7.529218894593312,0,extinction,0,0
73,wellMixed,1.6,0.0001,,0,,,1,11.691367485481406,0,extinction,0,1
74,wellMixed,1.6,0.0001,,0,,,1,12.697522082301656,0,extinction,0,0
75,wellMixed,1.6,0.0001,,0,,,1,8.541733538869297,0,extinction,0,0
76,wellMixed,1.6,0.0001,,0,,,1,7.873729630618977,0,extinction,0,0
77,wellMixed,1.6,0.0001,,1,1.1865087267316847,,0,,537,rescue,0,1
78,wellMixed,1.6,0.0001,,0,,,1,8.334358067384782,0,extinction,0,0
79,wellMixed,1.6,0.0001,,0,,,1,10.263316853518903,0,extinction,0,1
80,wellMixed,1.6,0.0001,,0,,,1,7.659573916876745,0,extinction,0,0
81,wellMixed,1.6,0.0001,,1,2.86818736237836,,0,,219,rescue,0,1
82,wellMixed,1.6,0.0001,,0,,,1,9.695770213006911,0,extinction,0,0
83,wellMixed,1.6,0.0001,,0,,,1,10.701431714190418,0,extinction,0,0
84,wellMixed,1.6,0.0001,,0,,,1,10.654290538328643,0,extinction,0,0
85,wellMixed,1.6,0.0001,,0,,,1,14.556537466355255,0,extinction,0,0
86,wellMixed,1.6,0.0001,,0,,,1,7.810295011893816,0,extinction,0,0
87,wellMixed,1.6,0.0001,,0,,,1,13.68861769737604,0,extinction,0,0
88,wellMixed,1.6,0.0001,,0,,,1,19.28626250804751,0,extinction,0,0
89,wellMixed,1.6,0.0001,,0,,,1,9.584006977132644,0,extinction,0,0
90,wellMixed,1.6,0.0001,,0,,,1,9.977385196458968,0,extinction,0,0
91,wellMixed,1.6,0.0001,,0,,,1,9.937298842384989,0,extinction,0,0
92,wellMixed,1.6,0.0001,,0,,,1,10.65925118064805,0,extinction,0,0
93,wellMixed,1.6,0.0001,,0,,,1,10.191222926076737,0,extinction,0,0
94,wellMixed,1.6,0.0001,,0,,,1,12.356737539485598,0,extinction,0,1
95,wellMixed,1.6,0.0001,,0,,,1,9.58853302482625,0,extinction,0,0
96,wellMixed,1.6,0.0001,,0,,,1,12.05732814345251,0,extinction,0,1
97,wellMixed,1.6,0.0001,,0,,,1,12.23750776654902,0,extinction,0,0
98,wellMixed,1.6,0.0001,,0,,,1,9.138822699925583,0,extinction,0,0
99,wellMixed,1.6,0.0001,,0,,,1,11.04507071339878,0,extinction,0,0
100,wellMixed,1.6,0.0001,,0,,,1,8.72479967802026,0,extinction,0,0
101,wellMixed,1.6,0.0001,,1,3.436705190711198,,0,,132,rescue,0,1
102,wellMixed,1.6,0.0001,,0,,,1,12.002888198119678,0,extinction,0,0
103,wellMixed,1.6,0.0001,,0,,,1,9.656537181673482,0,extinction,0,0
104,wellMixed,1.6,0.0001,,0,,,1,8.680338785048319,0,extinction,0,0
105,wellMixed,1.6,0.0001,,0,,,1,8.19498712412358,0,extinction,0,0
106,wellMixed,1.6,0.0001,,0,,,1,9.89549551027461,0,extinction,0,0
107,wellMixed,1.6,0.0001,,0,,,1,9.675882287842873,0,extinction,0,0
108,wellMixed,1.6,0.0001,,0,,,1,10.017642114103545,0,extinction,0,0
109,wellMixed,1.6,0.0001,,0,,,1,13.393471957237736,0,extinction,0,0
110,wellMixed,1.6,0.0001,,0,,,1,11.546399863007483,0,extinction,0,0
111,wellMixed,1.6,0.0001,,0,,,1,11.755391092413992,0,extinction,0,0
112,wellMixed,1.6,0.0001,,1,5.441010209622358,,0,,54,rescue,0,1
113,wellMixed,1.6,0.0001,,0,,,1,10.301482457183363,0,extinction,0,0
114,wellMixed,1.6,0.0001,,0,,,1,10.241446642571375,0,extinction,0,0
115,wellMixed,1.6,0.0001,,0,,,1,12.1000478481462,0,extinction,0,0
116,wellMixed,1.6,0.0001,,0,,,1,12.559538872012944,0,extinction,0,1
117,wellMixed,1.6,0.0001,,0,,,1,11.467422945439422,0,extinction,0,0
118,wellMixed,1.6,0.0001,,0,,,1,10.930474326888756,0,extinction,0,0
119,wellMixed,1.6,0.0001,,0,,,1,11.341618560994135,0,extinction,0,0
120,wellMixed,1.6,0.0001,,0,,,1,12.135218927655243,0,extinction,0,0
121,wellMixed,1.6,0.0001,,0,,,1,13.775502438439853,0,extinction,0,0
122,wellMixed,1.6,0.0001,,0,,,1,7.160014231503357,0,extinction,0,0
123,wellMixed,1.6,0.0001,,0,,,1,11.389203919701494,0,extinction,0,0
124,wellMixed,1.6,0.0001,,0,,,1,8.574890680258074,0,extinction,0,0
125,wellMixed,1.6,0.0001,,0,,,1,10.750809957569905,0,extinction,0,1
126,wellMixed,1.6,0.0001,,0,,,1,10.552379870874576,0,extinction,0,0
127,wellMixed,1.6,0.0001,,0,,,1,18.837719481539786,0,extinction,0,0
128,wellMixed,1.6,0.0001,,0,,,1,10.963287627040676,0,extinction,0,0
129,wellMixed,1.6,0.0001,,0,,,1,10.779339640838083,0,extinction,0,0
130,wellMixed,1.6,0.0001,,0,,,1,9.797761633323391,0,extinction,0,0
131,wellMixed,1.6,0.0001,,0,,,1,13.059936394995855,0,extinction,0,1
132,wellMixed,1.6,0.0001,,0,,,1,9.330398703383702,0,extinction,0,0
133,wellMixed,1.6,0.0001,,0,,,1,13.177237484713508,0,extinction,0,0
134,wellMixed,1.6,0.0001,,0,,,1,10.667572024864334,0,extinction,0,0
135,wellMixed,1.6,0.0001,,0,,,1,14.592279327192234,0,extinction,0,0
136,wellMixed,1.6,0.0001,,0,,,1,12.4345491931009,0,extinction,0,1
137,wellMixed,1.6,0.0001,,0,,,1,10.707178406308255,0,extinction,0,0
138,wellMixed,1.6,0.0001,,0,,,1,8.419382753877525,0,extinction,0,0
139,wellMixed,1.6,0.0001,,0,,,1,9.940954938394333,0,extinction,0,0
140,wellMixed,1.6,0.0001,,0,,,1,13.222818899164151,0,extinction,0,0
141,wellMixed,1.6,0.0001,,1,2.8432121619535664,,0,,186,rescue,0,1
142,wellMixed,1.6,0.0001,,0,,,1,11.431226395653509,0,extinction,0,0
143,wellMixed,1.6,0.0001,,0,,,1,8.343329591907692,0,extinction,0,0
144,wellMixed,1.6,0.0001,,0,,,1,12.482163000130775,0,extinction,0,0
145,wellMixed,1.6,0.0001,,0,,,1,7.252040729668002,0,extinction,0,0
146,wellMixed,1.6,0.0001,,0,,,1,11.146597950032316,0,extinction,0,0
147,wellMixed,1.6,0.0001,,0,,,1,10.47602969697665,0,extinction,0,0
148,wellMixed,1.6,0.0001,,1,2.6319648299023237,,0,,218,rescue,0,1
149,wellMixed,1.6,0.0001,,0,,,1,9.647858103734896,0,extinction,0,0
150,wellMixed,1.6,0.0001,,0,,,1,9.907045313709762,0,extinction,0,0
151,wellMixed,1.6,0.0001,,0,,,1,9.508790246456174,0,extinction,0,0
152,wellMixed,1.6,0.0001,,0,,,1,9.431599402090004,0,extinction,0,0
153,wellMixed,1.6,0.0001,,0,,,1,8.58990014639428,0,extinction,0,0
154,wellMixed,1.6,0.0001,,0,,,1,12.771695720436208,0,extinction,0,0
155,wellMixed,1.6,0.0001,,0,,,1,11.52136249431689,0,extinction,0,0
156,wellMixed,1.6,0.0001,,0,,,1,8.532263402832713,0,extinction,0,1
157,wellMixed,1.6,0.0001,,0,,,1,11.694688801621194,0,extinction,0,0
158,wellMixed,1.6,0.0001,,0,,,1,11.912461397519564,0,extinction,0,1
159,wellMixed,1.6,0.0001,,0,,,1,10.518133908473082,0,extinction,0,0
160,wellMixed,1.6,0.0001,,0,,,1,19.186244069260955,0,extinction,0,0
161,wellMixed,1.6,0.0001,,1,9.335720245199116,,0,,17,rescue,0,1
162,wellMixed,1.6,0.0001,,0,,,1,12.342451198478804,0,extinction,0,0
163,wellMixed,1.6,0.0001,,0,,,1,12.349472829220208,0,extinction,0,0
164,wellMixed,1.6,0.0001,,0,,,1,8.732238473112218,0,extinction,0,0
165,wellMixed,1.6,0.0001,,0,,,1,11.844810966086255,0,extinction,0,1
166,wellMixed,1.6,0.0001,,0,,,1,13.031982830350916,0,extinction,0,0
167,wellMixed,1.6,0.0001,,0,,,1,12.803744822394318,0,extinction,0,0
168,wellMixed,1.6,0.0001,,0,,,1,15.568648966579827,0,extinction,0,0
169,wellMixed,1.6,0.0001,,0,,,1,10.141769792640355,0,extinction,0,1
170,wellMixed,1.6,0.0001,,1,11.191924277677504,,0,,16,rescue,0,2
171,wellMixed,1.6,0.0001,,0,,,1,8.696577314442655,0,extinction,0,0
172,wellMixed,1.6,0.0001,,0,,,1,11.347185789126335,0,extinction,0,0
173,wellMixed,1.6,0.0001,,0,,,1,9.911751628236312,0,extinction,0,0
174,wellMixed,1.6,0.0001,,0,,,1,10.957685034949318,0,extinction,0,0
175,wellMixed,1.6,0.0001,,0,,,1,8.696222941023686,0,extinction,0,0
176,wellMixed,1.6,0.0001,,0,,,1,11.37909543914362,0,extinction,0,0
177,wellMixed,1.6,0.0001,,0,,,1,10.484130734845248,0,extinction,0,0
178,wellMixed,1.6,0.0001,,0,,,1,9.19680851514172,0,extinction,0,0
179,wellMixed,1.6,0.0001,,0,,,1,9.844274252561824,0,extinction,0,0
180,wellMixed,1.6,0.0001,,0,,,1,8.353864077147522,0,extinction,0,0
181,wellMixed,1.6,0.0001,,1,2.8977604444898977,,0,,163,rescue,0,1
182,wellMixed,1.6,0.0001,,0,,,1,10.534653017588516,0,extinction,0,0
183,wellMixed,1.6,0.0001,,0,,,1,11.909758899756028,0,extinction,0,0
184,wellMixed,1.6,0.0001,,0,,,1,13.351755731892563,0,extinction,0,1
185,wellMixed,1.6,0.0001,,0,,,1,8.910955102847742,0,extinction,0,0
186,wellMixed,1.6,0.0001,,0,,,1,10.636053465723426,0,extinction,0,0
187,wellMixed,1.6,0.0001,,0,,,1,12.61744913874264,0,extinction,0,0
188,wellMixed,1.6,0.0001,,0,,,1,11.366070662824905,0,extinction,0,0
189,wellMixed,1.6,0.0001,,0,,,1,15.268715246313114,0,extinction,0,0
190,wellMixed,1.6,0.0001,,0,,,1,10.595184112052465,0,extinction,0,0
191,wellMixed,1.6,0.0001,,0,,,1,12.868671028539248,0,extinction,0,1
192,wellMixed,1.6,0.0001,,0,,,1,11.7490037192736,0,extinction,0,0
193,wellMixed,1.6,0.0001,,1,10.794660196793153,,0,,10,rescue,0,2
194,wellMixed,1.6,0.0001,,0,,,1,10.5108784832422,0,extinction,0,0
195,wellMixed,1.6,0.0001,,0,,,1,9.625310866095242,0,extinction,0,0
196,wellMixed,1.6,0.0001,,0,,,1,10.899488954092206,0,extinction,0,0
197,wellMixed,1.6,0.0001,,0,,,1,12.783790806865817,0,extinction,0,0
198,wellMixed,1.6,0.0001,,0,,,1,13.521001726253813,0,extinction,0,0
199,wellMixed,1.6,0.0001,,0,,,1,12.152066052641272,0,extinction,0,0
0,wellMixed,1.9,0.0001,,0,,,1,8.548176641484858,0,extinction,0,0
1,wellMixed,1.9,0.0001,,0,,,1,9.62999339816339,0,extinction,0,0
2,wellMixed,1.9,0.0001,,0,,,1,7.827596259478831,0,extinction,0,0
3,wellMixed,1.9,0.0001,,0,,,1,7.195314712218448,0,extinction,0,0
4,wellMixed,1.9,0.0001,,0,,,1,6.116910923678812,0,extinction,0,0
5,wellMixed,1.9,0.0001,,1,3.704918214574328,,0,,41,rescue,0,1
6,wellMixed,1.9,0.0001,,0,,,1,7.010371005123991,0,extinction,0,0
7,wellMixed,1.9,0.0001,,0,,,1,7.605069265460417,0,extinction,0,0
8,wellMixed,1.9,0.0001,,0,,,1,6.59905202625904,0,extinction,0,0
9,wellMixed,1.9,0.0001,,0,,,1,8.284890311647793,0,extinction,0,0
10,wellMixed,1.9,0.0001,,0,,,1,5.907871038258973,0,extinction,0,0
11,wellMixed,1.9,0.0001,,0,,,1,5.77351632700219,0,extinction,0,0
12,wellMixed,1.9,0.0001,,0,,,1,9.79333240421262,0,extinction,0,1
13,wellMixed,1.9,0.0001,,0,,,1,11.01179694376339,0,extinction,0,0
14,wellMixed,1.9,0.0001,,0,,,1,7.440865375984515,0,extinction,0,0
15,wellMixed,1.9,0.0001,,0,,,1,7.235495638020624,0,extinction,0,0
16,wellMixed,1.9,0.0001,,0,,,1,8.249112060885269,0,extinction,0,0
17,wellMixed,1.9,0.0001,,0,,,1,9.92866200978326,0,extinction,0,0
18,wellMixed,1.9,0.0001,,0,,,1,6.577327843525498,0,extinction,0,0
19,wellMixed,1.9,0.0001,,0,,,1,6.837509500274584,0,extinction,0,0
20,wellMixed,1.9,0.0001,,0,,,1,7.153667489558137,0,extinction,0,0
21,wellMixed,1.9,0.0001,,0,,,1,9.152296821263873,0,extinction,0,0
22,wellMixed,1.9,0.0001,,0,,,1,6.901852369447267,0,extinction,0,0
23,wellMixed,1.9,0.0001,,0,,,1,6.7404178773455765,0,extinction,0,1
24,wellMixed,1.9,0.0001,,0,,,1,6.424166823487232,0,extinction,0,0
25,wellMixed,1.9,0.0001,,0,,,1,6.7493319819994735,0,extinction,0,0
26,wellMixed,1.9,0.0001,,0,,,1,9.319944334747998,0,extinction,0,1
27,wellMixed,1.9,0.0001,,0,,,1,7.162244315301059,0,extinction,0,0
28,wellMixed,1.9,0.0001,,0,,,1,8.012767997044067,0,extinction,0,0
29,wellMixed,1.9,0.0001,,0,,,1,4.66868140568945,0,extinction,0,0
30,wellMixed,1.9,0.0001,,0,,,1,8.082623942701186,0,extinction,0,0
31,wellMixed,1.9,0.0001,,0,,,1,8.516728604863163,0,extinction,0,0
32,wellMixed,1.9,0.0001,,0,,,1,7.554806458625166,0,extinction,0,0
33,wellMixed,1.9,0.0001,,0,,,1,6.824191914807162,0,extinction,0,1
34,wellMixed,1.9,0.0001,,0,,,1,9.819363809369165,0,extinction,0,0
35,wellMixed,1.9,0.0001,,0,,,1,7.153842051223187,0,extinction,0,0
36,wellMixed,1.9,0.0001,,0,,,1,7.77165690317878,0,extinction,0,0
37,wellMixed,1.9,0.0001,,0,,,1,8.858111629437062,0,extinction,0,0
38,wellMixed,1.9,0.0001,,0,,,1,8.039670594509744,0,extinction,0,0
39,wellMixed,1.9,0.0001,,0,,,1,6.886779006069126,0,extinction,0,0
40,wellMixed,1.9,0.0001,,0,,,1,8.302563566159428,0,extinction,0,0
41,wellMixed,1.9,0.0001,,0,,,1,6.141022483875661,0,extinction,0,0
42,wellMixed,1.9,0.0001,,0,,,1,7.36576982512777,0,extinction,0,0
43,wellMixed,1.9,0.0001,,0,,,1,7.024009383885236,0,extinction,0,0
44,wellMixed,1.9,0.0001,,0,,,1,11.07663567345899,0,extinction,0,0
45,wellMixed,1.9,0.0001,,0,,,1,7.294027782014346,0,extinction,0,0
46,wellMixed,1.9,0.0001,,1,3.760543339274872,,0,,36,rescue,0,1
47,wellMixed,1.9,0.0001,,1,5.860645972175364,,0,,19,rescue,0,1
48,wellMixed,1.9,0.0001,,0,,,1,6.034796937526721,0,extinction,0,0
49,wellMixed,1.9,0.0001,,0,,,1,5.611966416149623,0,extinction,0,0
50,wellMixed,1.9,0.0001,,0,,,1,6.328977567221312,0,extinction,0,0
51,wellMixed,1.9,0.0001,,1,4.195623790788141,,0,,28,rescue,0,1
52,wellMixed,1.9,0.0001,,0,,,1,7.6264451189572835,0,extinction,0,0
53,wellMixed,1.9,0.0001,,0,,,1,7.467994934314358,0,extinction,0,0
54,wellMixed,1.9,0.0001,,0,,,1,6.999684595493181,0,extinction,0,0
55,wellMixed,1.9,0.0001,,0,,,1,7.731221913093542,0,extinction,0,0
56,wellMixed,1.9,0.0001,,0,,,1,8.044618383106853,0,extinction,0,0
57,wellMixed,1.9,0.0001,,1,6.96032896350728,,0,,10,rescue,0,1
58,wellMixed,1.9,0.0001,,0,,,1,5.682845590608407,0,extinction,0,0
59,wellMixed,1.9,0.0001,,0,,,1,8.390668873003396,0,extinction,0,0
60,wellMixed,1.9,0.0001,,0,,,1,7.756115951799945,0,extinction,0,0
61,wellMixed,1.9,0.0001,,0,,,1,7.960196788853612,0,extinction,0,0
62,wellMixed,1.9,0.0001,,0,,,1,6.696745925879861,0,extinction,0,0
63,wellMixed,1.9,0.0001,,0,,,1,7.595059190902091,0,extinction,0,0
64,wellMixed,1.9,0.0001,,0,,,1,11.982220181687516,0,extinction,0,0
65,wellMixed,1.9,0.0001,,0,,,1,7.827134752824769,0,extinction,0,1
66,wellMixed,1.9,0.0001,,0,,,1,7.155886408533277,0,extinction,0,0
67,wellMixed,1.9,0.0001,,0,,,1,10.219025961130953,0,extinction,0,0
68,wellMixed,1.9,0.0001,,0,,,1,6.128098434876517,0,extinction,0,0
69,wellMixed,1.9,0.0001,,0,,,1,10.804332647887206,0,extinction,0,0
70,wellMixed,1.9,0.0001,,0,,,1,6.075634167044719,0,extinction,0,0
71,wellMixed,1.9,0.0001,,0,,,1,5.324124584909608,0,extinction,0,0
72,wellMixed,1.9,0.0001,,0,,,1,7.914715878453347,0,extinction,0,0
73,wellMixed,1.9,0.0001,,0,,,1,13.21610625290038,0,extinction,0,1
74,wellMixed,1.9,0.0001,,0,,,1,6.602026937763253,0,extinction,0,0
75,wellMixed,1.9,0.0001,,0,,,1,7.824398327941626,0,extinction,0,0
76,wellMixed,1.9,0.0001,,0,,,1,5.710690884747885,0,extinction,0,0
77,wellMixed,1.9,0.0001,,1,9.538446180797688,,0,,10,rescue,0,1
78,wellMixed,1.9,0.0001,,0,,,1,6.018454028803168,0,extinction,0,0
79,wellMixed,1.9,0.0001,,0,,,1,6.697673595836564,0,extinction,0,0
80,wellMixed,1.9,0.0001,,0,,,1,6.657121401743864,0,extinction,0,0
81,wellMixed,1.9,0.0001,,0,,,1,7.272030438712105,0,extinction,0,0
82,wellMixed,1.9,0.0001,,0,,,1,6.576833248861151,0,extinction,0,0
83,wellMixed,1.9,0.0001,,0,,,1,8.10845056022466,0,extinction,0,0
84,wellMixed,1.9,0.0001,,0,,,1,8.386973856627952,0,extinction,0,0
85,wellMixed,1.9,0.0001,,0,,,1,6.34682450869036,0,extinction,0,0
86,wellMixed,1.9,0.0001,,0,,,1,6.683639892596548,0,extinction,0,0
87,wellMixed,1.9,0.0001,,0,,,1,7.013676636645626,0,extinction,0,0
88,wellMixed,1.9,0.0001,,0,,,1,7.379876954591486,0,extinction,0,0
89,wellMixed,1.9,0.0001,,0,,,1,8.345957003708115,0,extinction,0,0
90,wellMixed,1.9,0.0001,,0,,,1,7.5054318664345745,0,extinction,0,0
91,wellMixed,1.9,0.0001,,0,,,1,10.532207060872848,0,extinction,0,0
92,wellMixed,1.9,0.0001,,0,,,1,7.218546963552118,0,extinction,0,0
93,wellMixed,1.9,0.0001,,0,,,1,9.354638831168163,0,extinction,0,0
94,wellMixed,1.9,0.0001,,1,2.9849161594517413,,0,,76,rescue,0,1
95,wellMixed,1.9,0.0001,,0,,,1,7.578593391743998,0,extinction,0,0
96,wellMixed,1.9,0.0001,,0,,,1,10.869156093072297,0,extinction,0,0
97,wellMixed,1.9,0.0001,,0,,,1,8.906187116855572,0,extinction,0,0
98,wellMixed,1.9,0.0001,,0,,,1,6.202548990143352,0,extinction,0,0
99,wellMixed,1.9,0.0001,,0,,,1,6.934624576753559,0,extinction,0,0
100,wellMixed,1.9,0.0001,,0,,,1,6.595712565807178,0,extinction,0,0
101,wellMixed,1.9,0.0001,,1,4.896521327152147,,0,,17,rescue,0,1
102,wellMixed,1.9,0.0001,,0,,,1,7.675590981878508,0,extinction,0,0
103,wellMixed,1.9,0.0001,,0,,,1,5.696630027949219,0,extinction,0,0
104,wellMixed,1.9,0.0001,,0,,,1,7.102642879444758,0,extinction,0,0
105,wellMixed,1.9,0.0001,,0,,,1,8.402068282985788,0,extinction,0,0
106,wellMixed,1.9,0.0001,,0,,,1,7.548115149546935,0,extinction,0,0
107,wellMixed,1.9,0.0001,,0,,,1,6.5163131002116,0,extinction,0,0
108,wellMixed,1.9,0.0001,,0,,,1,7.665702192499159,0,extinction,0,0
109,wellMixed,1.9,0.0001,,0,,,1,6.443957919929053,0,extinction,0,0
110,wellMixed,1.9,0.0001,,0,,,1,9.256630803079537,0,extinction,0,0
111,wellMixed,1.9,0.0001,,0,,,1,6.098706243929993,0,extinction,0,0
112,wellMixed,1.9,0.0001,,1,3.5402614632155385,,0,,40,rescue,0,1
113,wellMixed,1.9,0.0001,,0,,,1,7.807888565973455,0,extinction,0,0
114,wellMixed,1.9,0.0001,,0,,,1,8.256829833849403,0,extinction,0,0
115,wellMixed,1.9,0.0001,,0,,,1,8.238478953288599,0,extinction,0,0
116,wellMixed,1.9,0.0001,,0,,,1,6.86921888847127,0,extinction,0,1
117,wellMixed,1.9,0.0001,,0,,,1,7.269396006078737,0,extinction,0,0
118,wellMixed,1.9,0.0001,,0,,,1,7.160774661155656,0,extinction,0,0
119,wellMixed,1.9,0.0001,,0,,,1,6.653311472231419,0,extinction,0,0
120,wellMixed,1.9,0.0001,,0,,,1,8.141229233348998,0,extinction,0,0
121,wellMixed,1.9,0.0001,,0,,,1,6.267878641676707,0,extinction,0,0
122,wellMixed,1.9,0.0001,,0,,,1,6.018901831528229,0,extinction,0,0
123,wellMixed,1.9,0.0001,,0,,,1,8.707841655983819,0,extinction,0,0
124,wellMixed,1.9,0.0001,,0,,,1,6.169540871263301,0,extinction,0,0
125,wellMixed,1.9,0.0001,,0,,,1,5.9626003935222,0,extinction,0,0
126,wellMixed,1.9,0.0001,,0,,,1,6.907480279278614,0,extinction,0,0
127,wellMixed,1.9,0.0001,,0,,,1,8.428859726258787,0,extinction,0,0
128,wellMixed,1.9,0.0001,,0,,,1,8.757851465388057,0,extinction,0,0
129,wellMixed,1.9,0.0001,,0,,,1,8.652509913898731,0,extinction,0,0
130,wellMixed,1.9,0.0001,,0,,,1,7.677637238054872,0,extinction,0,0
131,wellMixed,1.9,0.0001,,0,,,1,10.128978177028548,0,extinction,0,0
132,wellMixed,1.9,0.0001,,0,,,1,9.081599014399623,0,extinction,0,0
133,wellMixed,1.9,0.0001,,0,,,1,7.782839710947375,0,extinction,0,0
134,wellMixed,1.9,0.0001,,0,,,1,6.650548328339296,0,extinction,0,0
135,wellMixed,1.9,0.0001,,0,,,1,7.418050183966293,0,extinction,0,0
136,wellMixed,1.9,0.0001,,0,,,1,6.922407003272034,0,extinction,0,0
137,wellMixed,1.9,0.0001,,0,,,1,5.956250874330751,0,extinction,0,0
138,wellMixed,1.9,0.0001,,0,,,1,6.292055854370762,0,extinction,0,0
139,wellMixed,1.9,0.0001,,0,,,1,7.013500639298318,0,extinction,0,0
140,wellMixed,1.9,0.0001,,0,,,1,10.730597527511748,0,extinction,0,0
141,wellMixed,1.9,0.0001,,0,,,1,8.589755271736209,0,extinction,0,0
142,wellMixed,1.9,0.0001,,0,,,1,6.056119006518418,0,extinction,0,0
143,wellMixed,1.9,0.0001,,0,,,1,10.218315079658154,0,extinction,0,0
144,wellMixed,1.9,0.0001,,0,,,1,4.956223803532821,0,extinction,0,0
145,wellMixed,1.9,0.0001,,0,,,1,6.426650382603475,0,extinction,0,0
146,wellMixed,1.9,0.0001,,0,,,1,8.474638925029279,0,extinction,0,0
147,wellMixed,1.9,0.0001,,0,,,1,7.946372718639503,0,extinction,0,0
148,wellMixed,1.9,0.0001,,1,7.538716524330623,,0,,10,rescue,0,1
149,wellMixed,1.9,0.0001,,0,,,1,6.42630621462382,0,extinction,0,0
150,wellMixed,1.9,0.0001,,0,,,1,6.262729144397972,0,extinction,0,0
151,wellMixed,1.9,0.0001,,0,,,1,6.31958618287003,0,extinction,0,0
152,wellMixed,1.9,0.0001,,0,,,1,7.65311875675082,0,extinction,0,0
153,wellMixed,1.9,0.0001,,0,,,1,6.654379275532237,0,extinction,0,0
154,wellMixed,1.9,0.0001,,0,,,1,8.914998854196018,0,extinction,0,0
155,wellMixed,1.9,0.0001,,0,,,1,7.029182282359936,0,extinction,0,0
156,wellMixed,1.9,0.0001,,0,,,1,7.884963858408453,0,extinction,0,0
157,wellMixed,1.9,0.0001,,0,,,1,7.319580292961561,0,extinction,0,0
158,wellMixed,1.9,0.0001,,0,,,1,6.548860727437822,0,extinction,0,0
159,wellMixed,1.9,0.0001,,0,,,1,6.569822952668156,0,extinction,0,0
160,wellMixed,1.9,0.0001,,0,,,1,7.045437922505371,0,extinction,0,0
161,wellMixed,1.9,0.0001,,0,,,1,8.123738004374175,0,extinction,0,1
162,wellMixed,1.9,0.0001,,0,,,1,7.302410630662403,0,extinction,0,0
163,wellMixed,1.9,0.0001,,0,,,1,10.686549065975344,0,extinction,0,0
164,wellMixed,1.9,0.0001,,0,,,1,5.849140177216801,0,extinction,0,0
165,wellMixed,1.9,0.0001,,0,,,1,6.831813893574273,0,extinction,0,1
166,wellMixed,1.9,0.0001,,0,,,1,6.653475052064467,0,extinction,0,0
167,wellMixed,1.9,0.0001,,0,,,1,9.401633749587717,0,extinction,0,0
168,wellMixed,1.9,0.0001,,0,,,1,8.623701675395283,0,extinction,0,0
169,wellMixed,1.9,0.0001,,0,,,1,7.002764078206475,0,extinction,0,0
170,wellMixed,1.9,0.0001,,0,,,1,7.484714903933764,0,extinction,0,0
171,wellMixed,1.9,0.0001,,0,,,1,6.729306696816846,0,extinction,0,0
172,wellMixed,1.9,0.0001,,0,,,1,8.207090907698142,0,extinction,0,0
173,wellMixed,1.9,0.0001,,0,,,1,6.802926505947518,0,extinction,0,0
174,wellMixed,1.9,0.0001,,0,,,1,8.955348532482205,0,extinction,0,0
175,wellMixed,1.9,0.0001,,0,,,1,8.014123658703065,0,extinction,0,0
176,wellMixed,1.9,0.0001,,0,,,1,8.073268461151216,0,extinction,0,0
177,wellMixed,1.9,0.0001,,0,,,1,10.096176630374996,0,extinction,0,0
178,wellMixed,1.9,0.0001,,0,,,1,6.5855121098022655,0,extinction,0,0
179,wellMixed,1.9,0.0001,,0,,,1,7.153662620613983,0,extinction,0,0
180,wellMixed,1.9,0.0001,,0,,,1,6.4333063297531625,0,extinction,0,0
181,wellMixed,1.9,0.0001,,0,,,1,7.40534007618722,0,extinction,0,0
182,wellMixed,1.9,0.0001,,0,,,1,7.067868651192311,0,extinction,0,0
183,wellMixed,1.9,0.0001,,0,,,1,6.201600905809457,0,extinction,0,0
184,wellMixed,1.9,0.0001,,1,4.239638796019547,,0,,39,rescue,0,1
185,wellMixed,1.9,0.0001,,0,,,1,8.952347740832653,0,extinction,0,0
186,wellMixed,1.9,0.0001,,0,,,1,7.309469886698209,0,extinction,0,0
187,wellMixed,1.9,0.0001,,0,,,1,7.620622373739942,0,extinction,0,0
188,wellMixed,1.9,0.0001,,0,,,1,5.683281519547055,0,extinction,0,0
189,wellMixed,1.9,0.0001,,0,,,1,6.157240869692352,0,extinction,0,0
190,wellMixed,1.9,0.0001,,0,,,1,5.51279499419466,0,extinction,0,0
191,wellMixed,1.9,0.0001,,0,,,1,9.928507289489565,0,extinction,0,1
192,wellMixed,1.9,0.0001,,0,,,1,7.564399456276854,0,extinction,0,0
193,wellMixed,1.9,0.0001,,0,,,1,8.444855142497126,0,extinction,0,0
194,wellMixed,1.9,0.0001,,0,,,1,7.327662470747455,0,extinction,0,0
195,wellMixed,1.9,0.0001,,0,,,1,5.221764310879534,0,extinction,0,0
196,wellMixed,1.9,0.0001,,0,,,1,6.129624694738239,0,extinction,0,0
197,wellMixed,1.9,0.0001,,0,,,1,11.56010777966434,0,extinction,0,0
198,wellMixed,1.9,0.0001,,0,,,1,6.7442612968020725,0,extinction,0,0
199,wellMixed,1.9,0.0001,,0,,,1,6.730699530280587,0,extinction,0,0
0,wellMixed,2.3,0.0001,,0,,,1,4.486761162046662,0,extinction,0,0
1,wellMixed,2.3,0.0001,,0,,,1,4.550166997941986,0,extinction,0,0
2,wellMixed,2.3,0.0001,,0,,,1,5.30133982462401,0,extinction,0,0
3,wellMixed,2.3,0.0001,,0,,,1,5.453877650145804,0,extinction,0,0
4,wellMixed,2.3,0.0001,,0,,,1,4.672916071478147,0,extinction,0,0
5,wellMixed,2.3,0.0001,,0,,,1,4.914046683246339,0,extinction,0,1
6,wellMixed,2.3,0.0001,,0,,,1,5.411066101164447,0,extinction,0,0
7,wellMixed,2.3,0.0001,,0,,,1,6.779303803102691,0,extinction,0,0
8,wellMixed,2.3,0.0001,,0,,,1,4.213306178382599,0,extinction,0,0
9,wellMixed,2.3,0.0001,,0,,,1,7.300408117339985,0,extinction,0,0
10,wellMixed,2.3,0.0001,,0,,,1,4.597174034044167,0,extinction,0,0
11,wellMixed,2.3,0.0001,,0,,,1,4.872536417993249,0,extinction,0,0
12,wellMixed,2.3,0.0001,,0,,,1,5.644757694630461,0,extinction,0,1
13,wellMixed,2.3,0.0001,,0,,,1,4.614784651881768,0,extinction,0,0
14,wellMixed,2.3,0.0001,,0,,,1,4.764448200699006,0,extinction,0,0
15,wellMixed,2.3,0.0001,,0,,,1,4.732361889362956,0,extinction,0,0
16,wellMixed,2.3,0.0001,,0,,,1,4.544217676941602,0,extinction,0,0
17,wellMixed,2.3,0.0001,,0,,,1,5.192816559014888,0,extinction,0,0
18,wellMixed,2.3,0.0001,,0,,,1,5.289745003060159,0,extinction,0,0
19,wellMixed,2.3,0.0001,,0,,,1,5.1065477504403,0,extinction,0,0
20,wellMixed,2.3,0.0001,,0,,,1,4.986921434544209,0,extinction,0,0
21,wellMixed,2.3,0.0001,,0,,,1,5.398568199660181,0,extinction,0,0
22,wellMixed,2.3,0.0001,,0,,,1,6.625919233267764,0,extinction,0,0
23,wellMixed,2.3,0.0001,,0,,,1,4.832791296919793,0,extinction,0,0
24,wellMixed,2.3,0.0001,,0,,,1,6.784619638651479,0,extinction,0,0
25,wellMixed,2.3,0.0001,,0,,,1,6.621393113187437,0,extinction,0,0
26,wellMixed,2.3,0.0001,,0,,,1,6.9878160657866015,0,extinction,0,1
27,wellMixed,2.3,0.0001,,0,,,1,8.496637912088444,0,extinction,0,0
28,wellMixed,2.3,0.0001,,0,,,1,5.79272795363293,0,extinction,0,0
29,wellMixed,2.3,0.0001,,0,,,1,4.914580199325001,0,extinction,0,0
30,wellMixed,2.3,0.0001,,0,,,1,4.361242165297353,0,extinction,0,0
31,wellMixed,2.3,0.0001,,0,,,1,5.812490022462997,0,extinction,0,0
32,wellMixed,2.3,0.0001,,0,,,1,5.784565849549613,0,extinction,0,0
33,wellMixed,2.3,0.0001,,0,,,1,3.943950270874913,0,extinction,0,1
34,wellMixed,2.3,0.0001,,0,,,1,5.2445630129708665,0,extinction,0,0
35,wellMixed,2.3,0.0001,,0,,,1,4.080824359005695,0,extinction,0,0
36,wellMixed,2.3,0.0001,,0,,,1,4.55420150419188,0,extinction,0,0
37,wellMixed,2.3,0.0001,,0,,,1,4.939457779271804,0,extinction,0,0
38,wellMixed,2.3,0.0001,,0,,,1,5.434418718500569,0,extinction,0,0
39,wellMixed,2.3,0.0001,,0,,,1,4.36126481084901,0,extinction,0,0
40,wellMixed,2.3,0.0001,,0,,,1,5.808904484970308,0,extinction,0,0
41,wellMixed,2.3,0.0001,,0,,,1,4.656125654045271,0,extinction,0,0
42,wellMixed,2.3,0.0001,,0,,,1,5.437053475442759,0,extinction,0,0
43,wellMixed,2.3,0.0001,,0,,,1,4.693828221997348,0,extinction,0,0
44,wellMixed,2.3,0.0001,,0,,,1,4.636382476339615,0,extinction,0,0
45,wellMixed,2.3,0.0001,,0,,,1,4.105338598776418,0,extinction,0,0
46,wellMixed,2.3,0.0001,,0,,,1,6.15628611310211,0,extinction,0,0
47,wellMixed,2.3,0.0001,,1,5.695052724918817,,0,,10,rescue,0,1
48,wellMixed,2.3,0.0001,,0,,,1,7.046623595159836,0,extinction,0,0
49,wellMixed,2.3,0.0001,,0,,,1,6.805219733963736,0,extinction,0,0
50,wellMixed,2.3,0.0001,,0,,,1,5.342530260773618,0,extinction,0,0
51,wellMixed,2.3,0.0001,,0,,,1,5.694342296627298,0,extinction,0,0
52,wellMixed,2.3,0.0001,,0,,,1,4.390302296172197,0,extinction,0,0
53,wellMixed,2.3,0.0001,,1,3.030130638557444,,0,,25,rescue,0,1
54,wellMixed,2.3,0.0001,,0,,,1,6.644412456360708,0,extinction,0,0
55,wellMixed,2.3,0.0001,,0,,,1,5.584877194719742,0,extinction,0,0
56,wellMixed,2.3,0.0001,,0,,,1,5.385136630197479,0,extinction,0,0
57,wellMixed,2.3,0.0001,,1,3.699017312077569,,0,,14,rescue,0,1
58,wellMixed,2.3,0.0001,,0,,,1,5.898588609287211,0,extinction,0,0
59,wellMixed,2.3,0.0001,,0,,,1,4.901405307169706,0,extinction,0,0
60,wellMixed,2.3,0.0001,,0,,,1,4.175429392949572,0,extinction,0,0
61,wellMixed,2.3,0.0001,,0,,,1,4.767448930352765,0,extinction,0,0
62,wellMixed,2.3,0.0001,,0,,,1,3.990024590748531,0,extinction,0,0
63,wellMixed,2.3,0.0001,,0,,,1,5.55468662329837,0,extinction,0,0
64,wellMixed,2.3,0.0001,,0,,,1,4.656650212012564,0,extinction,0,0
65,wellMixed,2.3,0.0001,,0,,,1,3.965722128806068,0,extinction,0,1
66,wellMixed,2.3,0.0001,,0,,,1,6.563499870685417,0,extinction,0,0
67,wellMixed,2.3,0.0001,,0,,,1,4.394956814263244,0,extinction,0,0
68,wellMixed,2.3,0.0001,,0,,,1,4.4323605843460046,0,extinction,0,0
69,wellMixed,2.3,0.0001,,0,,,1,5.791482146755034,0,extinction,0,0
70,wellMixed,2.3,0.0001,,0,,,1,4.3938352687335165,0,extinction,0,0
71,wellMixed,2.3,0.0001,,0,,,1,4.974464838589649,0,extinction,0,0
72,wellMixed,2.3,0.0001,,0,,,1,4.64790045326941,0,extinction,0,0
73,wellMixed,2.3,0.0001,,0,,,1,4.719415448173768,0,extinction,0,1
74,wellMixed,2.3,0.0001,,0,,,1,4.575507537600646,0,extinction,0,0
75,wellMixed,2.3,0.0001,,0,,,1,4.321602621769842,0,extinction,0,0
76,wellMixed,2.3,0.0001,,0,,,1,4.814846345998146,0,extinction,0,0
77,wellMixed,2.3,0.0001,,1,5.771078244293045,,0,,13,rescue,0,1
78,wellMixed,2.3,0.0001,,0,,,1,5.236869769233483,0,extinction,0,0
79,wellMixed,2.3,0.0001,,0,,,1,4.408774511313906,0,extinction,0,0
80,wellMixed,2.3,0.0001,,0,,,1,6.112777902076491,0,extinction,0,0
81,wellMixed,2.3,0.0001,,0,,,1,5.702252341332766,0,extinction,0,0
82,wellMixed,2.3,0.0001,,0,,,1,5.105736929813122,0,extinction,0,0
83,wellMixed,2.3,0.0001,,0,,,1,5.827936076862454,0,extinction,0,0
84,wellMixed,2.3,0.0001,,0,,,1,5.6600807639568815,0,extinction,0,0
85,wellMixed,2.3,0.0001,,0,,,1,5.29547718416829,0,extinction,0,0
86,wellMixed,2.3,0.0001,,0,,,1,3.81413235240763,0,extinction,0,0
87,wellMixed,2.3,0.0001,,0,,,1,4.3394972856440726,0,extinction,0,0
88,wellMixed,2.3,0.0001,,0,,,1,7.727677966224716,0,extinction,0,0
89,wellMixed,2.3,0.0001,,0,,,1,5.827288028999359,0,extinction,0,0
90,wellMixed,2.3,0.0001,,0,,,1,6.208294537852064,0,extinction,0,0
91,wellMixed,2.3,0.0001,,0,,,1,4.204821821808101,0,extinction,0,0
92,wellMixed,2.3,0.0001,,0,,,1,5.2254710510192295,0,extinction,0,0
93,wellMixed,2.3,0.0001,,0,,,1,4.651191292777248,0,extinction,0,0
94,wellMixed,2.3,0.0001,,0,,,1,5.807505065960157,0,extinction,0,0
95,wellMixed,2.3,0.0001,,0,,,1,4.8688389483486,0,extinction,0,0
96,wellMixed,2.3,0.0001,,0,,,1,5.574226155763292,0,extinction,0,0
97,wellMixed,2.3,0.0001,,0,,,1,5.5712554858570975,0,extinction,0,0
98,wellMixed,2.3,0.0001,,0,,,1,4.997375679701546,0,extinction,0,0
99,wellMixed,2.3,0.0001,,0,,,1,4.715597900265684,0,extinction,0,0
100,wellMixed,2.3,0.0001,,0,,,1,4.974592686112126,0,extinction,0,0
101,wellMixed,2.3,0.0001,,0,,,1,4.89777774999826,0,extinction,0,0
102,wellMixed,2.3,0.0001,,0,,,1,5.703359575872379,0,extinction,0,0
103,wellMixed,2.3,0.0001,,0,,,1,5.495522277633596,0,extinction,0,0
104,wellMixed,2.3,0.0001,,0,,,1,4.444729775752854,0,extinction,0,0
105,wellMixed,2.3,0.0001,,0,,,1,5.562327511046148,0,extinction,0,0
106,wellMixed,2.3,0.0001,,0,,,1,4.768381231276278,0,extinction,0,0
107,wellMixed,2.3,0.0001,,0,,,1,4.607449021909798,0,extinction,0,1
108,wellMixed,2.3,0.0001,,0,,,1,5.5373879908049775,0,extinction,0,0
109,wellMixed,2.3,0.0001,,0,,,1,6.122475590778151,0,extinction,0,0
110,wellMixed,2.3,0.0001,,0,,,1,7.540494016135649,0,extinction,0,0
111,wellMixed,2.3,0.0001,,0,,,1,4.462415485619614,0,extinction,0,0
112,wellMixed,2.3,0.0001,,0,,,1,5.551255664103155,0,extinction,0,0
113,wellMixed,2.3,0.0001,,0,,,1,6.588659704169968,0,extinction,0,0
114,wellMixed,2.3,0.0001,,0,,,1,4.639905848825568,0,extinction,0,0
115,wellMixed,2.3,0.0001,,0,,,1,4.929984265986356,0,extinction,0,0
116,wellMixed,2.3,0.0001,,0,,,1,4.784030405731343,0,extinction,0,0
117,wellMixed,2.3,0.0001,,0,,,1,4.774761164348905,0,extinction,0,0
118,wellMixed,2.3,0.0001,,0,,,1,8.467934026743253,0,extinction,0,0
119,wellMixed,2.3,0.0001,,0,,,1,4.478996739838695,0,extinction,0,0
120,wellMixed,2.3,0.0001,,0,,,1,3.5443446635288693,0,extinction,0,0
121,wellMixed,2.3,0.0001,,0,,,1,5.579510044931841,0,extinction,0,0
122,wellMixed,2.3,0.0001,,0,,,1,4.566998665523596,0,extinction,0,0
123,wellMixed,2.3,0.0001,,0,,,1,5.797262295302544,0,extinction,0,0
124,wellMixed,2.3,0.0001,,0,,,1,4.155778612425142,0,extinction,0,0
125,wellMixed,2.3,0.0001,,0,,,1,3.6660615227283024,0,extinction,0,0
126,wellMixed,2.3,0.0001,,0,,,1,6.135019239331119,0,extinction,0,0
127,wellMixed,2.3,0.0001,,0,,,1,4.713613015983302,0,extinction,0,0
128,wellMixed,2.3,0.0001,,0,,,1,5.0104000244882645,0,extinction,0,0
129,wellMixed,2.3,0.0001,,0,,,1,6.726925735933451,0,extinction,0,0
130,wellMixed,2.3,0.0001,,0,,,1,6.875761511642619,0,extinction,0,0
131,wellMixed,2.3,0.0001,,0,,,1,4.103950719853104,0,extinction,0,0
132,wellMixed,2.3,0.0001,,0,,,1,6.71483162287236,0,extinction,0,0
133,wellMixed,2.3,0.0001,,0,,,1,6.625570102480326,0,extinction,0,0
134,wellMixed,2.3,0.0001,,0,,,1,4.54817152095722,0,extinction,0,0
135,wellMixed,2.3,0.0001,,0,,,1,3.972796444741993,0,extinction,0,0
136,wellMixed,2.3,0.0001,,0,,,1,5.910989057369266,0,extinction,0,0
137,wellMixed,2.3,0.0001,,0,,,1,5.368441014609383,0,extinction,0,0
138,wellMixed,2.3,0.0001,,0,,,1,4.380887914875281,0,extinction,0,0
139,wellMixed,2.3,0.0001,,0,,,1,5.865944449968001,0,extinction,0,0
140,wellMixed,2.3,0.0001,,0,,,1,5.924897272446476,0,extinction,0,0
141,wellMixed,2.3,0.0001,,0,,,1,5.1665093590961,0,extinction,0,0
142,wellMixed,2.3,0.0001,,0,,,1,4.265399154353156,0,extinction,0,0
143,wellMixed,2.3,0.0001,,0,,,1,4.8698141967501805,0,extinction,0,0
144,wellMixed,2.3,0.0001,,0,,,1,4.137546602533661,0,extinction,0,0
145,wellMixed,2.3,0.0001,,0,,,1,4.898150498150515,0,extinction,0,0
146,wellMixed,2.3,0.0001,,0,,,1,6.090078642738467,0,extinction,0,0
147,wellMixed,2.3,0.0001,,0,,,1,4.292059299622043,0,extinction,0,0
148,wellMixed,2.3,0.0001,,1,1.999002454786063,,0,,93,rescue,0,1
149,wellMixed,2.3,0.0001,,0,,,1,6.925572932445679,0,extinction,0,0
150,wellMixed,2.3,0.0001,,0,,,1,4.364769327683823,0,extinction,0,0
151,wellMixed,2.3,0.0001,,0,,,1,4.890172482702647,0,extinction,0,0
152,wellMixed,2.3,0.0001,,0,,,1,4.62718319694224,0,extinction,0,0
153,wellMixed,2.3,0.0001,,0,,,1,5.069618884614956,0,extinction,0,0
154,wellMixed,2.3,0.0001,,0,,,1,4.056263955924569,0,extinction,0,0
155,wellMixed,2.3,0.0001,,0,,,1,4.286665676685089,0,extinction,0,0
156,wellMixed,2.3,0.0001,,0,,,1,5.596916193988816,0,extinction,0,0
157,wellMixed,2.3,0.0001,,0,,,1,7.238574460053273,0,extinction,0,0
158,wellMixed,2.3,0.0001,,0,,,1,7.094897877562429,0,extinction,0,0
159,wellMixed,2.3,0.0001,,0,,,1,4.504681827663108,0,extinction,0,0
160,wellMixed,2.3,0.0001,,0,,,1,5.956326312077012,0,extinction,0,0
161,wellMixed,2.3,0.0001,,1,4.955623282529424,,0,,12,rescue,0,1
162,wellMixed,2.3,0.0001,,0,,,1,7.011580677177948,0,extinction,0,0
163,wellMixed,2.3,0.0001,,0,,,1,5.512194761247517,0,extinction,0,0
164,wellMixed,2.3,0.0001,,0,,,1,5.098073633115578,0,extinction,0,0
165,wellMixed,2.3,0.0001,,0,,,1,5.825561484993178,0,extinction,0,1
166,wellMixed,2.3,0.0001,,0,,,1,4.398594772247275,0,extinction,0,0
167,wellMixed,2.3,0.0001,,0,,,1,3.8521867871619193,0,extinction,0,0
168,wellMixed,2.3,0.0001,,0,,,1,5.61153433802884,0,extinction,0,0
169,wellMixed,2.3,0.0001,,0,,,1,6.4125947683647375,0,extinction,0,0
170,wellMixed,2.3,0.0001,,0,,,1,5.644831638697483,0,extinction,0,0
171,wellMixed,2.3,0.0001,,0,,,1,4.236798971080827,0,extinction,0,0
172,wellMixed,2.3,0.0001,,0,,,1,5.727468761072287,0,extinction,0,0
173,wellMixed,2.3,0.0001,,0,,,1,5.418144480377506,0,extinction,0,0
174,wellMixed,2.3,0.0001,,0,,,1,5.750534483911005,0,extinction,0,0
175,wellMixed,2.3,0.0001,,0,,,1,6.604311887770692,0,extinction,0,0
176,wellMixed,2.3,0.0001,,0,,,1,4.729287802326068,0,extinction,0,0
177,wellMixed,2.3,0.0001,,0,,,1,5.087364598717838,0,extinction,0,0
178,wellMixed,2.3,0.0001,,0,,,1,5.251776395745465,0,extinction,0,0
179,wellMixed,2.3,0.0001,,0,,,1,4.267424370616392,0,extinction,0,0
180,wellMixed,2.3,0.0001,,0,,,1,4.707817358321146,0,extinction,0,0
181,wellMixed,2.3,0.0001,,0,,,1,5.107036221665059,0,extinction,0,0
182,wellMixed,2.3,0.0001,,0,,,1,5.104506128952737,0,extinction,0,0
183,wellMixed,2.3,0.0001,,0,,,1,4.213754150113773,0,extinction,0,0
184,wellMixed,2.3,0.0001,,0,,,1,4.6689948634244205,0,extinction,0,0
185,wellMixed,2.3,0.0001,,0,,,1,4.882797887908856,0,extinction,0,0
186,wellMixed,2.3,0.0001,,0,,,1,6.961870860028276,0,extinction,0,0
187,wellMixed,2.3,0.0001,,0,,,1,5.113179380035942,0,extinction,0,0
188,wellMixed,2.3,0.0001,,0,,,1,4.7740486677354,0,extinction,0,0
189,wellMixed,2.3,0.0001,,0,,,1,4.583092157029026,0,extinction,0,0
190,wellMixed,2.3,0.0001,,0,,,1,5.428104141260939,0,extinction,0,0
191,wellMixed,2.3,0.0001,,0,,,1,7.875632438427641,0,extinction,0,1
192,wellMixed,2.3,0.0001,,0,,,1,5.065724022005881,0,extinction,0,0
193,wellMixed,2.3,0.0001,,0,,,1,5.0345257975987385,0,extinction,0,0
194,wellMixed,2.3,0.0001,,0,,,1,4.488179029358375,0,extinction,0,0
195,wellMixed,2.3,0.0001,,0,,,1,4.887836769260588,0,extinction,0,0
196,wellMixed,2.3,0.0001,,0,,,1,4.789172229883572,0,extinction,0,0
197,wellMixed,2.3,0.0001,,0,,,1,3.670504385784413,0,extinction,0,0
198,wellMixed,2.3,0.0001,,0,,,1,5.560898382026641,0,extinction,0,0
199,wellMixed,2.3,0.0001,,0,,,1,5.749014668287554,0,extinction,0,0
0,wellMixed,2.8,0.0001,,0,,,1,4.043724120316648,0,extinction,0,0
1,wellMixed,2.8,0.0001,,0,,,1,3.2885121340194874,0,extinction,0,0
2,wellMixed,2.8,0.0001,,0,,,1,3.8344198601015766,0,extinction,0,0
3,wellMixed,2.8,0.0001,,0,,,1,3.488664003457824,0,extinction,0,0
4,wellMixed,2.8,0.0001,,0,,,1,3.9311512170347496,0,extinction,0,0
5,wellMixed,2.8,0.0001,,1,5.243898092155963,,0,,10,rescue,0,1
6,wellMixed,2.8,0.0001,,0,,,1,2.740851918680373,0,extinction,0,0
7,wellMixed,2.8,0.0001,,0,,,1,3.1290058456385728,0,extinction,0,0
8,wellMixed,2.8,0.0001,,0,,,1,4.157855914602359,0,extinction,0,0
9,wellMixed,2.8,0.0001,,0,,,1,3.283701739106963,0,extinction,0,0
10,wellMixed,2.8,0.0001,,0,,,1,3.4776763595436404,0,extinction,0,0
11,wellMixed,2.8,0.0001,,0,,,1,3.9216694155603418,0,extinction,0,0
12,wellMixed,2.8,0.0001,,0,,,1,5.926480713988887,0,extinction,0,1
13,wellMixed,2.8,0.0001,,0,,,1,3.2938459676939416,0,extinction,0,0
14,wellMixed,2.8,0.0001,,0,,,1,4.145728277697783,0,extinction,0,0
15,wellMixed,2.8,0.0001,,0,,,1,3.007307463193798,0,extinction,0,0
16,wellMixed,2.8,0.0001,,0,,,1,4.041574313432754,0,extinction,0,0
17,wellMixed,2.8,0.0001,,0,,,1,4.265789007489184,0,extinction,0,0
18,wellMixed,2.8,0.0001,,0,,,1,4.060313330726996,0,extinction,0,0
19,wellMixed,2.8,0.0001,,0,,,1,4.7129526822716015,0,extinction,0,0
20,wellMixed,2.8,0.0001,,0,,,1,3.994369115067735,0,extinction,0,0
21,wellMixed,2.8,0.0001,,0,,,1,4.727867582362868,0,extinction,0,0
22,wellMixed,2.8,0.0001,,0,,,1,3.682919372813096,0,extinction,0,0
23,wellMixed,2.8,0.0001,,0,,,1,3.225464922552808,0,extinction,0,0
24,wellMixed,2.8,0.0001,,0,,,1,4.078504160897926,0,extinction,0,0
25,wellMixed,2.8,0.0001,,0,,,1,4.051989627853741,0,extinction,0,0
26,wellMixed,2.8,0.0001,,0,,,1,4.1158982486633295,0,extinction,0,1
27,wellMixed,2.8,0.0001,,0,,,1,2.845601761056148,0,extinction,0,0
28,wellMixed,2.8,0.0001,,0,,,1,3.5273575793913707,0,extinction,0,0
29,wellMixed,2.8,0.0001,,0,,,1,3.031729701057192,0,extinction,0,0
30,wellMixed,2.8,0.0001,,0,,,1,5.242335113774816,0,extinction,0,0
31,wellMixed,2.8,0.0001,,0,,,1,3.7372390963909945,0,extinction,0,0
32,wellMixed,2.8,0.0001,,0,,,1,3.1039086045845155,0,extinction,0,0
33,wellMixed,2.8,0.0001,,0,,,1,2.901475996224629,0,extinction,0,0
34,wellMixed,2.8,0.0001,,0,,,1,3.719430442861297,0,extinction,0,0
35,wellMixed,2.8,0.0001,,0,,,1,3.582356343422856,0,extinction,0,0
36,wellMixed,2.8,0.0001,,0,,,1,5.001505937037145,0,extinction,0,0
37,wellMixed,2.8,0.0001,,0,,,1,3.056815329546573,0,extinction,0,0
38,wellMixed,2.8,0.0001,,0,,,1,4.295976360779079,0,extinction,0,0
39,wellMixed,2.8,0.0001,,0,,,1,4.177471909652697,0,extinction,0,0
40,wellMixed,2.8,0.0001,,0,,,1,4.218307154295251,0,extinction,0,0
41,wellMixed,2.8,0.0001,,0,,,1,4.190921242383118,0,extinction,0,0
42,wellMixed,2.8,0.0001,,0,,,1,3.1429233792705245,0,extinction,0,0
43,wellMixed,2.8,0.0001,,0,,,1,4.160149461822315,0,extinction,0,0
44,wellMixed,2.8,0.0001,,0,,,1,4.074889523965948,0,extinction,0,0
45,wellMixed,2.8,0.0001,,0,,,1,3.951996719819445,0,extinction,0,0
46,wellMixed,2.8,0.0001,,0,,,1,4.129711988555342,0,extinction,0,0
47,wellMixed,2.8,0.0001,,0,,,1,3.751453852702659,0,extinction,0,1
48,wellMixed,2.8,0.0001,,0,,,1,2.848858722479566,0,extinction,0,0
49,wellMixed,2.8,0.0001,,0,,,1,3.652996382746095,0,extinction,0,0
50,wellMixed,2.8,0.0001,,0,,,1,4.211712096697706,0,extinction,0,0
51,wellMixed,2.8,0.0001,,0,,,1,3.1082836588435105,0,extinction,0,0
52,wellMixed,2.8,0.0001,,0,,,1,3.998007563050146,0,extinction,0,0
53,wellMixed,2.8,0.0001,,0,,,1,3.771232726565828,0,extinction,0,0
54,wellMixed,2.8,0.0001,,0,,,1,3.0428974168520138,0,extinction,0,0
55,wellMixed,2.8,0.0001,,0,,,1,3.4735649093777368,0,extinction,0,0
56,wellMixed,2.8,0.0001,,0,,,1,5.256519192127579,0,extinction,0,0
57,wellMixed,2.8,0.0001,,1,5.865358879004373,,0,,10,rescue,0,1
58,wellMixed,2.8,0.0001,,0,,,1,4.084689330429821,0,extinction,0,0
59,wellMixed,2.8,0.0001,,0,,,1,3.1253999464506137,0,extinction,0,1
60,wellMixed,2.8,0.0001,,0,,,1,3.84557824700134,0,extinction,0,0
61,wellMixed,2.8,0.0001,,0,,,1,3.977525879545736,0,extinction,0,0
62,wellMixed,2.8,0.0001,,0,,,1,3.833218039534424,0,extinction,0,0
63,wellMixed,2.8,0.0001,,0,,,1,4.033353299244866,0,extinction,0,0
64,wellMixed,2.8,0.0001,,0,,,1,3.7237812766076814,0,extinction,0,0
65,wellMixed,2.8,0.0001,,0,,,1,3.9038900891507455,0,extinction,0,0
66,wellMixed,2.8,0.0001,,0,,,1,3.153550032158501,0,extinction,0,0
67,wellMixed,2.8,0.0001,,0,,,1,4.267726496890808,0,extinction,0,0
68,wellMixed,2.8,0.0001,,0,,,1,4.533521798437791,0,extinction,0,0
69,wellMixed,2.8,0.0001,,0,,,1,4.256329770395156,0,extinction,0,0
70,wellMixed,2.8,0.0001,,0,,,1,3.437758308136858,0,extinction,0,0
71,wellMixed,2.8,0.0001,,0,,,1,3.80301947021856,0,extinction,0,0
72,wellMixed,2.8,0.0001,,0,,,1,3.75480278905476,0,extinction,0,0
73,wellMixed,2.8,0.0001,,1,3.669217917614087,,0,,12,rescue,0,1
74,wellMixed,2.8,0.0001,,0,,,1,3.942971048094841,0,extinction,0,0
75,wellMixed,2.8,0.0001,,0,,,1,3.6541771740004574,0,extinction,0,0
76,wellMixed,2.8,0.0001,,0,,,1,3.89538151902096,0,extinction,0,0
77,wellMixed,2.8,0.0001,,0,,,1,4.366833587002788,0,extinction,0,1
78,wellMixed,2.8,0.0001,,0,,,1,5.310891574719527,0,extinction,0,0
79,wellMixed,2.8,0.0001,,0,,,1,3.564125262264158,0,extinction,0,0
80,wellMixed,2.8,0.0001,,0,,,1,3.0519851271926903,0,extinction,0,0
81,wellMixed,2.8,0.0001,,0,,,1,3.1052277487523905,0,extinction,0,0
82,wellMixed,2.8,0.0001,,0,,,1,3.505035951017872,0,extinction,0,0
83,wellMixed,2.8,0.0001,,0,,,1,4.421241044675237,0,extinction,0,0
84,wellMixed,2.8,0.0001,,0,,,1,3.5015620404439805,0,extinction,0,0
85,wellMixed,2.8,0.0001,,0,,,1,3.314720889508679,0,extinction,0,0
86,wellMixed,2.8,0.0001,,0,,,1,3.4608413986926347,0,extinction,0,0
87,wellMixed,2.8,0.0001,,0,,,1,4.776074026879698,0,extinction,0,0
88,wellMixed,2.8,0.0001,,0,,,1,4.063039841482576,0,extinction,0,0
89,wellMixed,2.8,0.0001,,0,,,1,4.453102375063253,0,extinction,0,0
90,wellMixed,2.8,0.0001,,0,,,1,4.5591221740394845,0,extinction,0,0
91,wellMixed,2.8,0.0001,,0,,,1,4.825415269926297,0,extinction,0,0
92,wellMixed,2.8,0.0001,,0,,,1,3.913707102793536,0,extinction,0,0
93,wellMixed,2.8,0.0001,,0,,,1,4.474653551825011,0,extinction,0,0
94,wellMixed,2.8,0.0001,,0,,,1,3.580917148585999,0,extinction,0,0
95,wellMixed,2.8,0.0001,,0,,,1,3.0987736766742544,0,extinction,0,0
96,wellMixed,2.8,0.0001,,0,,,1,3.156372513350309,0,extinction,0,0
97,wellMixed,2.8,0.0001,,0,,,1,3.4091503282426965,0,extinction,0,0
98,wellMixed,2.8,0.0001,,0,,,1,2.844804167070136,0,extinction,0,0
99,wellMixed,2.8,0.0001,,0,,,1,5.830314602642668,0,extinction,0,0
100,wellMixed,2.8,0.0001,,0,,,1,3.2747486089393107,0,extinction,0,0
101,wellMixed,2.8,0.0001,,0,,,1,4.306033247962736,0,extinction,0,0
102,wellMixed,2.8,0.0001,,0,,,1,4.542675534023108,0,extinction,0,0
103,wellMixed,2.8,0.0001,,0,,,1,3.894828565924033,0,extinction,0,0
104,wellMixed,2.8,0.0001,,0,,,1,3.983756638886295,0,extinction,0,0
105,wellMixed,2.8,0.0001,,0,,,1,3.139994080414901,0,extinction,0,0
106,wellMixed,2.8,0.0001,,0,,,1,4.169232555296422,0,extinction,0,0
107,wellMixed,2.8,0.0001,,0,,,1,3.885169368884773,0,extinction,0,0
108,wellMixed,2.8,0.0001,,0,,,1,3.853856538577542,0,extinction,0,0
109,wellMixed,2.8,0.0001,,0,,,1,4.247556549997942,0,extinction,0,0
110,wellMixed,2.8,0.0001,,0,,,1,3.974258213178812,0,extinction,0,0
111,wellMixed,2.8,0.0001,,0,,,1,4.283664996071376,0,extinction,0,0
112,wellMixed,2.8,0.0001,,0,,,1,4.421028307668088,0,extinction,0,0
113,wellMixed,2.8,0.0001,,0,,,1,3.89184692465811,0,extinction,0,0
114,wellMixed,2.8,0.0001,,0,,,1,3.794582567403831,0,extinction,0,0
115,wellMixed,2.8,0.0001,,0,,,1,3.6779029042922025,0,extinction,0,0
116,wellMixed,2.8,0.0001,,0,,,1,4.3956509814973455,0,extinction,0,0
117,wellMixed,2.8,0.0001,,0,,,1,4.016430496039584,0,extinction,0,0
118,wellMixed,2.8,0.0001,,0,,,1,3.949988937714776,0,extinction,0,0
119,wellMixed,2.8,0.0001,,0,,,1,2.9681389984324293,0,extinction,0,0
120,wellMixed,2.8,0.0001,,0,,,1,3.649834138087744,0,extinction,0,0
121,wellMixed,2.8,0.0001,,0,,,1,3.5548475872980223,0,extinction,0,0
122,wellMixed,2.8,0.0001,,0,,,1,5.934695672470555,0,extinction,0,0
123,wellMixed,2.8,0.0001,,0,,,1,3.249694324780377,0,extinction,0,0
124,wellMixed,2.8,0.0001,,0,,,1,3.3140641680283296,0,extinction,0,0
125,wellMixed,2.8,0.0001,,0,,,1,4.366924807393775,0,extinction,0,0
126,wellMixed,2.8,0.0001,,0,,,1,4.329932032312786,0,extinction,0,0
127,wellMixed,2.8,0.0001,,0,,,1,3.6150597503389377,0,extinction,0,0
128,wellMixed,2.8,0.0001,,0,,,1,3.569908832449749,0,extinction,0,0
129,wellMixed,2.8,0.0001,,0,,,1,3.4045385109692705,0,extinction,0,0
130,wellMixed,2.8,0.0001,,0,,,1,3.981272714934417,0,extinction,0,0
131,wellMixed,2.8,0.0001,,0,,,1,3.4672620895992585,0,extinction,0,0
132,wellMixed,2.8,0.0001,,0,,,1,5.595321367177903,0,extinction,0,0
133,wellMixed,2.8,0.0001,,0,,,1,3.1907709615201862,0,extinction,0,0
134,wellMixed,2.8,0.0001,,0,,,1,5.9474854590438415,0,extinction,0,0
135,wellMixed,2.8,0.0001,,0,,,1,4.332132460236859,0,extinction,0,0
136,wellMixed,2.8,0.0001,,0,,,1,3.4540543256496408,0,extinction,0,0
137,wellMixed,2.8,0.0001,,0,,,1,4.258002212630382,0,extinction,0,0
138,wellMixed,2.8,0.0001,,0,,,1,3.8731620133425073,0,extinction,0,0
139,wellMixed,2.8,0.0001,,0,,,1,5.037098855514569,0,extinction,0,0
140,wellMixed,2.8,0.0001,,0,,,1,4.538050030405305,0,extinction,0,0
141,wellMixed,2.8,0.0001,,0,,,1,4.049997431835388,0,extinction,0,0
142,wellMixed,2.8,0.0001,,0,,,1,3.939928061363082,0,extinction,0,0
143,wellMixed,2.8,0.0001,,0,,,1,4.525801822772992,0,extinction,0,0
144,wellMixed,2.8,0.0001,,0,,,1,3.598842749242988,0,extinction,0,0
145,wellMixed,2.8,0.0001,,0,,,1,3.872476474660635,0,extinction,0,0
146,wellMixed,2.8,0.0001,,0,,,1,2.89968919581149,0,extinction,0,0
147,wellMixed,2.8,0.0001,,0,,,1,3.9134198164905456,0,extinction,0,0
148,wellMixed,2.8,0.0001,,0,,,1,3.953488715778106,0,extinction,0,1
149,wellMixed,2.8,0.0001,,0,,,1,3.845487452502773,0,extinction,0,0
150,wellMixed,2.8,0.0001,,0,,,1,3.479493237979808,0,extinction,0,0
151,wellMixed,2.8,0.0001,,0,,,1,3.8445433580777055,0,extinction,0,0
152,wellMixed,2.8,0.0001,,0,,,1,3.6174491786118823,0,extinction,0,0
153,wellMixed,2.8,0.0001,,0,,,1,2.737219308504774,0,extinction,0,0
154,wellMixed,2.8,0.0001,,0,,,1,4.713186859174116,0,extinction,0,0
155,wellMixed,2.8,0.0001,,0,,,1,3.446754068042673,0,extinction,0,0
156,wellMixed,2.8,0.0001,,0,,,1,3.7356011786196026,0,extinction,0,0
157,wellMixed,2.8,0.0001,,0,,,1,3.905778061164033,0,extinction,0,0
158,wellMixed,2.8,0.0001,,0,,,1,3.459132238692717,0,extinction,0,0
159,wellMixed,2.8,0.0001,,0,,,1,4.054890144301645,0,extinction,0,0
160,wellMixed,2.8,0.0001,,0,,,1,4.399619426881157,0,extinction,0,0
161,wellMixed,2.8,0.0001,,0,,,1,3.317261507388627,0,extinction,0,1
162,wellMixed,2.8,0.0001,,0,,,1,4.17385841015548,0,extinction,0,0
163,wellMixed,2.8,0.0001,,0,,,1,2.9749408844324416,0,extinction,0,0
164,wellMixed,2.8,0.0001,,0,,,1,5.7933319641791154,0,extinction,0,0
165,wellMixed,2.8,0.0001,,0,,,1,3.761717272008896,0,extinction,0,1
166,wellMixed,2.8,0.0001,,0,,,1,2.7988230594430425,0,extinction,0,0
167,wellMixed,2.8,0.0001,,0,,,1,4.2083106443524,0,extinction,0,0
168,wellMixed,2.8,0.0001,,0,,,1,5.530584492673773,0,extinction,0,0
169,wellMixed,2.8,0.0001,,0,,,1,3.0083299802642327,0,extinction,0,0
170,wellMixed,2.8,0.0001,,0,,,1,4.101368206197676,0,extinction,0,0
171,wellMixed,2.8,0.0001,,0,,,1,3.636637037239989,0,extinction,0,0
172,wellMixed,2.8,0.0001,,0,,,1,3.8304965220984952,0,extinction,0,0
173,wellMixed,2.8,0.0001,,0,,,1,2.986514579121256,0,extinction,0,0
174,wellMixed,2.8,0.0001,,0,,,1,2.893756516904191,0,extinction,0,0
175,wellMixed,2.8,0.0001,,0,,,1,4.241765296912419,0,extinction,0,0
176,wellMixed,2.8,0.0001,,0,,,1,4.27450768129159,0,extinction,0,0
177,wellMixed,2.8,0.0001,,0,,,1,3.620702986817815,0,extinction,0,0
178,wellMixed,2.8,0.0001,,0,,,1,4.426318977736742,0,extinction,0,0
179,wellMixed,2.8,0.0001,,0,,,1,4.583598235159804,0,extinction,0,0
180,wellMixed,2.8,0.0001,,0,,,1,4.580104135153362,0,extinction,0,0
181,wellMixed,2.8,0.0001,,0,,,1,4.50377921537867,0,extinction,0,0
182,wellMixed,2.8,0.0001,,0,,,1,3.1024845920854505,0,extinction,0,0
183,wellMixed,2.8,0.0001,,0,,,1,3.5991747870163957,0,extinction,0,0
184,wellMixed,2.8,0.0001,,1,10.460431213453262,,0,,10,rescue,0,1
185,wellMixed,2.8,0.0001,,0,,,1,3.0483272273997395,0,extinction,0,0
186,wellMixed,2.8,0.0001,,0,,,1,3.2376070002552138,0,extinction,0,0
187,wellMixed,2.8,0.0001,,0,,,1,3.9963006175505176,0,extinction,0,0
188,wellMixed,2.8,0.0001,,0,,,1,3.0264919850694363,0,extinction,0,0
189,wellMixed,2.8,0.0001,,0,,,1,4.074848392752019,0,extinction,0,0
190,wellMixed,2.8,0.0001,,0,,,1,3.2938635103440985,0,extinction,0,0
191,wellMixed,2.8,0.0001,,0,,,1,4.991273836267031,0,extinction,0,0
192,wellMixed,2.8,0.0001,,0,,,1,4.2981285800968365,0,extinction,0,0
193,wellMixed,2.8,0.0001,,0,,,1,3.684053840744933,0,extinction,0,0
194,wellMixed,2.8,0.0001,,0,,,1,3.552213678957023,0,extinction,0,0
195,wellMixed,2.8,0.0001,,0,,,1,3.7124487746697694,0,extinction,0,0
196,wellMixed,2.8,0.0001,,0,,,1,3.1439646661994667,0,extinction,0,0
197,wellMixed,2.8,0.0001,,0,,,1,4.415672344907441,0,extinction,0,0
198,wellMixed,2.8,0.0001,,0,,,1,4.566739340621609,0,extinction,0,0
199,wellMixed,2.8,0.0001,,0,,,1,4.43704763212194,0,extinction,0,0
